Timestamp,Soybean,Soymeal,Soyoil,Corn,DalianSBM,DalianSBO,BRL,CNY
2020-06-24,874.5,293.6,28.85,329.5,2815,5758,5.169,7.0759
2020-06-23,874.0,292.5,29.04,329.0,2831,5774,5.1542,7.0575
2020-06-22,879.25,293.2,29.22,333.0,2828,5790,5.2524,7.0678
2020-06-19,880.75,293.9,29.31,337.25,2808,5750,5.3105,7.0707
2020-06-18,876.0,295.2,28.87,335.5,2813,5668,5.3776,7.0869
2020-06-17,876.5,294.9,28.91,335.0,2815,5650,5.2286,7.084
2020-06-16,873.0,295.7,28.8,334.25,2825,5628,5.243,7.0854
2020-06-15,876.0,297.3,28.6,333.75,2822,5638,5.1557,7.0887
2020-06-12,879.75,297.9,28.42,334.5,2821,5634,5.0505,7.0805
2020-06-11,876.75,298.6,28.44,334.25,2810,5686,4.976,7.064
2020-06-10,876.25,297.7,28.94,330.75,2810,5732,4.9732,7.0599
2020-06-09,874.0,296.0,29.17,332.0,2813,5714,4.8992,7.0765
2020-06-08,875.5,297.3,29.04,338.25,2827,5670,4.823,7.07
2020-06-05,878.5,298.0,29.08,335.75,2848,5668,4.9585,7.0808
2020-06-04,878.5,298.7,28.76,333.5,2825,5650,5.119,7.1075
2020-06-03,868.25,295.2,28.8,328.5,2798,5680,5.0622,7.1115
2020-06-02,861.25,292.6,28.88,328.75,2795,5646,5.2014,7.0992
2020-06-01,851.25,292.0,28.54,327.75,2798,5652,5.3633,7.1242
2020-05-29,851.5,292.1,28.32,330.25,2793,5600,5.3361,7.1348
2020-05-28,857.75,293.2,28.33,332.0,2814,5536,5.4045,7.1447
2020-05-27,859.25,290.9,28.54,325.0,2812,5506,5.2733,7.1681
2020-05-26,857.75,292.8,28.21,323.5,2783,5468,5.345,7.134
2020-05-22,844.0,293.0,27.58,322.5,2748,5438,5.5338,7.1269
2020-05-21,845.75,291.4,28.05,322.25,2749,5468,5.5507,7.1138
2020-05-20,857.5,294.4,28.3,324.0,2745,5438,5.6925,7.0928
2020-05-19,853.25,293.5,28.03,325.75,2735,5430,5.754,7.098
2020-05-18,855.75,294.0,28.26,325.25,2728,5418,5.719,7.1086
2020-05-15,849.25,296.4,27.52,323.75,2703,5382,5.8554,7.1013
2020-05-14,847.75,297.1,27.12,322.0,2703,5338,5.8115,7.0935
2020-05-13,850.25,299.5,26.85,322.75,2731,5354,5.8852,7.0911
2020-05-12,862.75,301.0,27.2,326.75,2733,5338,5.8856,7.0816
2020-05-11,865.75,299.2,27.43,323.0,2755,5392,5.818,7.0972
2020-05-08,861.25,299.7,27.48,323.75,2753,5386,5.7319,7.0732
2020-05-07,855.0,297.0,27.2,322.5,2754,5348,5.8307,7.0825
2020-05-06,843.25,297.0,26.78,318.75,2746,5334,5.714,7.1031
2020-04-30,866.0,304.0,27.54,324.5,2725,5388,5.4858,7.06
2020-04-29,848.25,297.5,27.11,319.0,2723,5364,5.3348,7.0755
2020-04-28,842.75,297.3,26.71,316.5,2750,5346,5.4999,7.0776
2020-04-27,847.25,300.4,26.41,317.75,2765,5370,5.6526,7.0815
2020-04-24,850.25,301.5,26.44,327.5,2761,5462,5.5907,7.0813
2020-04-23,857.5,302.0,26.98,330.5,2766,5464,5.5335,7.0654
2020-04-22,853.25,301.8,26.93,329.25,2750,5372,5.458,7.0831
2020-04-21,851.5,303.4,26.7,321.75,2726,5356,5.3163,7.0914
2020-04-20,847.0,299.7,27.31,326.75,2741,5514,5.3168,7.0721
2020-04-17,853.0,302.0,27.61,333.75,2768,5516,5.2363,7.0711
2020-04-16,856.5,305.0,27.62,330.75,2783,5578,5.2333,7.0778
2020-04-15,862.5,305.5,27.88,331.25,2809,5514,5.2367,7.0664
2020-04-14,866.25,302.0,28.1,336.75,2797,5514,5.1621,7.045
2020-04-13,873.0,303.4,28.21,340.75,2824,5596,5.1994,7.0501
2020-04-09,882.25,306.7,28.72,341.25,2821,5644,5.107,7.0428
2020-04-08,873.25,307.0,28.49,339.5,2812,5584,5.1233,7.062
2020-04-07,873.5,308.0,28.79,341.0,2811,5540,5.2214,7.0428
2020-04-03,873.0,317.4,27.74,340.25,2814,5460,5.3506,7.0908
2020-04-02,877.5,323.3,27.55,343.0,2842,5432,5.2533,7.082
2020-04-01,881.5,329.1,27.36,344.25,2885,5458,5.2493,7.0989
2020-03-31,904.75,335.7,28.32,350.25,2936,5534,5.2046,7.0808
2020-03-30,901.0,339.7,28.18,350.75,2976,5574,5.1936,7.0986
2020-03-27,900.25,337.3,28.16,355.5,2927,5520,5.0997,7.0942
2020-03-26,899.0,337.1,27.81,358.25,2916,5578,5.0212,7.0709
2020-03-25,900.25,335.9,27.95,358.0,2956,5608,5.0353,7.1099
2020-03-24,905.5,346.3,27.86,356.75,2916,5560,5.0983,7.061
2020-03-23,902.75,347.8,27.45,353.0,2900,5492,5.1444,7.09
2020-03-20,881.25,339.4,26.95,353.25,2803,5458,5.0627,7.095
2020-03-19,862.0,329.0,26.79,355.0,2739,5362,5.0957,7.1058
2020-03-18,844.25,318.2,26.35,344.75,2767,5348,5.1064,7.0459
2020-03-17,843.0,312.5,26.55,353.5,2758,5288,5.0084,7.0058
2020-03-16,840.5,310.5,26.3,364.25,2776,5332,5.0002,6.9913
2020-03-13,867.5,313.7,27.68,375.25,2734,5272,4.858,7.0036
2020-03-12,878.25,317.0,27.69,375.25,2722,5370,4.791,7.0282
2020-03-11,892.0,315.8,28.84,384.0,2746,5546,4.8136,6.9599
2020-03-10,895.0,316.1,28.98,387.0,2748,5540,4.6425,6.9549
2020-03-09,888.75,314.6,28.85,382.25,2731,5542,4.7231,6.9448
2020-03-06,910.0,319.3,30.06,385.5,2769,5768,4.6269,6.9298
2020-03-05,915.75,318.1,30.7,391.25,2785,5850,4.6073,6.9366
2020-03-04,926.0,323.1,31.05,394.5,2787,5766,4.5847,6.9244
2020-03-03,922.25,324.3,30.47,390.75,2791,5748,4.5144,6.9579
2020-03-02,919.75,323.1,30.22,385.0,2762,5726,4.474,6.9595
2020-02-28,911.5,319.8,29.99,377.75,2719,5772,4.4733,6.9906
2020-02-27,913.75,317.8,30.5,377.5,2736,5870,4.4861,7.0036
2020-02-26,910.75,312.5,30.76,384.0,2712,5862,4.4502,7.0214
2020-02-25,907.0,307.2,30.93,386.0,2700,5892,4.3878,7.0128
2020-02-24,901.25,306.2,31.18,385.75,2711,5982,4.3878,7.0286
2020-02-21,917.75,309.0,32.32,390.25,2747,6022,4.3895,7.0255
2020-02-20,919.75,312.5,31.78,392.25,2744,5964,4.3933,7.0225
2020-02-19,924.25,312.7,32.01,394.75,2736,5958,4.3649,6.9975
2020-02-18,921.0,311.8,32.15,397.0,2739,5984,4.3557,6.9949
2020-02-14,922.0,310.8,32.25,391.5,2750,6002,4.2974,6.9859
2020-02-13,924.75,311.8,32.4,393.25,2749,6076,4.3498,6.9759
2020-02-12,921.0,311.6,32.71,396.75,2729,6124,4.3548,6.9708
2020-02-11,913.25,310.7,32.39,393.5,2732,6222,4.3316,6.965
2020-02-10,912.75,311.3,32.3,395.5,2732,6276,4.3248,6.982
2020-02-07,910.5,309.2,32.65,397.25,2715,6278,4.3203,7.0003
2020-02-06,909.5,308.1,32.92,393.0,2708,6302,4.2822,6.9694
2020-02-05,908.5,307.3,33.0,394.5,2716,6202,4.2353,6.972
2020-02-04,908.0,308.4,32.41,396.0,2707,6124,4.2545,6.9979
2020-02-03,905.5,309.7,31.97,392.5,2649,6136,4.2476,7.0208
2020-01-23,938.0,318.8,34.16,407.5,2739,6570,4.1703,6.9364
2020-01-22,942.25,317.8,34.7,402.5,2758,6536,4.1826,6.904
2020-01-21,944.5,319.0,34.43,401.25,2774,6594,4.2123,6.9049
2020-01-17,958.25,320.5,35.03,403.0,2755,6674,4.1616,6.8589
2020-01-16,952.5,320.5,34.71,389.25,2761,6706,4.1847,6.8769
2020-01-15,957.25,320.0,34.98,401.25,2756,6800,4.1753,6.8899
2020-01-14,970.75,321.9,35.75,402.75,2738,6862,4.1326,6.8837
2020-01-13,970.75,323.7,35.63,403.25,2745,6946,4.1466,6.8924
2020-01-10,974.5,323.4,36.03,399.5,2771,6978,4.096,6.9178
2020-01-09,972.0,320.7,36.32,397.0,2796,6968,4.0925,6.9309
2020-01-08,975.75,321.7,36.24,398.0,2808,6948,4.0647,6.9447
2020-01-07,972.5,321.2,36.42,398.25,2822,6892,4.0676,6.9443
2020-01-06,973.25,322.8,36.2,398.5,2823,6924,4.0616,6.9749
2020-01-03,970.0,321.1,36.76,400.25,2853,6928,4.0669,6.9649
2020-01-02,984.75,325.5,36.92,405.25,2853,6844,4.026,6.9642
2019-12-31,984.0,324.6,36.45,401.5,2852,6884,4.019,6.9618
2019-12-30,981.0,322.2,37.13,402.0,2834,6836,4.0191,6.9864
2019-12-27,970.0,320.3,36.72,403.75,2816,6790,4.0456,6.9954
2019-12-26,975.0,323.9,36.35,402.25,2813,6680,4.0557,6.9925
2019-12-24,973.25,326.0,35.84,401.25,2836,6644,4.0833,7.0064
2019-12-23,970.75,325.7,35.73,402.5,2825,6662,4.0833,7.0124
2019-12-20,966.75,322.1,35.74,401.5,2820,6686,4.1022,7.0063
2019-12-19,964.75,322.6,35.75,400.25,2831,6648,4.0694,7.0097
2019-12-18,969.0,327.3,35.4,400.75,2840,6656,4.063,7.0
2019-12-17,969.25,326.3,35.78,403.75,2834,6626,4.0716,6.9967
2019-12-16,964.5,325.7,35.11,401.75,2829,6536,4.0628,6.9921
2019-12-13,950.0,321.2,34.55,394.75,2822,6530,4.108,6.9848
2019-12-12,941.0,318.6,34.19,391.5,2853,6424,4.0905,6.9809
2019-12-11,936.5,319.2,33.39,385.0,2862,6416,4.1238,7.0384
2019-12-10,944.25,322.3,33.63,390.75,2849,6452,4.1467,7.0328
2019-12-09,940.25,322.1,33.54,389.5,2849,6466,4.1422,7.0389
2019-12-06,932.5,322.9,33.17,390.5,2840,6386,4.1411,7.0348
2019-12-05,927.25,325.1,32.45,390.5,2809,6354,4.1856,7.0445
2019-12-04,921.0,320.3,32.42,392.25,2826,6314,4.2077,7.0489
2019-12-03,914.0,318.3,32.14,395.0,2826,6278,4.2063,7.0609
2019-12-02,913.5,317.1,32.11,395.75,2829,6308,4.223,7.038
2019-11-29,919.75,316.7,32.53,395.0,2833,6346,4.2364,7.0308
2019-11-27,925.0,319.8,32.45,387.0,2830,6308,4.2636,7.028
2019-11-26,927.25,320.7,32.35,392.0,2843,6340,4.233,7.0319
2019-11-25,935.5,324.2,32.54,394.5,2829,6468,4.2266,7.0349
2019-11-22,940.0,324.8,33.01,392.25,2831,6428,4.1962,7.0389
2019-11-21,944.0,326.8,32.83,392.75,2842,6474,4.193,7.0285
2019-11-20,948.0,325.6,33.36,391.0,2850,6450,4.1955,7.0344
2019-11-19,954.5,327.8,33.11,394.5,2853,6358,4.1942,7.0263
2019-11-18,953.25,327.4,32.77,391.0,2859,6330,4.2177,7.0246
2019-11-15,961.25,332.8,32.55,394.5,2839,6374,4.1957,7.0075
2019-11-14,959.75,328.9,32.92,399.0,2861,6410,4.1949,7.0195
2019-11-13,958.25,329.9,32.68,398.5,2866,6506,4.1702,7.0223
2019-11-12,960.0,328.1,33.18,401.0,2858,6554,4.1675,7.0066
2019-11-11,960.0,326.4,33.57,396.5,2888,6524,4.1516,7.0098
2019-11-08,974.0,330.7,33.65,400.5,2918,6442,4.1633,6.9954
2019-11-07,979.5,331.4,33.58,398.5,2904,6452,4.1004,6.9766
2019-11-06,970.5,324.7,33.9,402.0,2918,6426,4.0834,6.9968
2019-11-05,977.25,328.5,33.72,405.0,2948,6494,3.9935,7.0082
2019-11-04,981.0,328.2,34.02,406.5,2950,6390,4.0152,7.03
2019-11-01,979.75,329.7,33.18,412.5,2932,6362,3.9897,7.0368
2019-10-31,975.25,330.2,32.9,413.25,2960,6336,4.0174,7.0379
2019-10-30,973.5,328.0,33.13,414.0,2974,6338,3.9895,7.0541
2019-10-29,976.5,328.8,33.15,409.5,2964,6306,3.998,7.0655
2019-10-28,978.5,329.8,32.93,407.25,2983,6290,3.9902,7.067
2019-10-25,977.5,329.1,33.11,410.0,3024,6302,4.0029,7.0647
2019-10-24,990.0,331.4,33.49,410.0,3024,6174,4.0401,7.0684
2019-10-23,991.25,334.4,32.73,411.0,3029,6178,4.0337,7.0624
2019-10-22,991.5,332.7,33.0,411.25,3038,6128,4.0817,7.0761
2019-10-21,990.75,333.5,32.63,410.5,3014,6150,4.1285,7.0748
2019-10-18,991.5,334.3,32.51,414.25,2970,6118,4.1105,7.0805
2019-10-17,989.0,332.6,32.54,418.0,2944,6106,4.163,7.0766
2019-10-16,985.5,330.6,32.55,415.0,2954,6058,4.1505,7.092
2019-10-15,991.5,333.6,32.54,416.5,2953,6002,4.1805,7.0814
2019-10-14,998.0,336.7,32.15,421.0,2946,6042,4.1255,7.0635
2019-10-11,993.5,336.6,32.12,421.0,2952,6094,4.1094,7.0868
2019-10-10,981.0,333.6,31.93,403.5,2929,6070,4.1089,7.1153
2019-10-09,981.25,335.5,31.86,417.5,2920,6062,4.1089,7.1316
2019-10-08,978.0,332.7,31.97,419.0,2903,6016,4.0942,7.1422
2019-09-30,963.5,326.8,31.23,411.25,2849,5966,4.1551,7.1477
2019-09-27,940.5,320.9,30.99,394.75,2831,6014,4.1599,7.1218
2019-09-26,946.0,321.4,31.32,395.75,2843,6090,4.1707,7.13
2019-09-25,946.75,323.4,31.35,397.5,2843,6092,4.1477,7.1313
2019-09-24,951.75,325.3,31.48,398.0,2826,6100,4.1647,7.1138
2019-09-23,950.0,324.4,31.46,396.5,2848,6144,4.1629,7.1168
2019-09-20,940.25,320.8,31.55,394.0,2837,6138,4.1472,7.0909
2019-09-19,950.5,321.9,32.12,396.0,2843,6194,4.1672,7.0959
2019-09-18,946.25,321.2,32.15,394.5,2837,6250,4.1106,7.0849
2019-09-17,951.25,323.6,32.14,391.25,2830,6264,4.0773,7.0905
2019-09-16,957.5,324.7,32.43,397.25,2819,6198,4.0801,7.0659
2019-09-12,953.0,327.1,31.31,390.5,2819,6146,4.0602,7.0787
2019-09-11,924.0,320.5,30.98,383.25,2837,6176,4.0671,7.1153
2019-09-10,929.5,323.9,30.68,384.75,2843,6144,4.0798,7.1121
2019-09-09,915.25,319.8,30.6,377.5,2851,6160,4.0943,7.121
2019-09-06,915.25,318.8,30.8,378.75,2876,6156,4.0607,7.1131
2019-09-05,919.0,320.3,30.79,382.0,2927,6228,4.1081,7.1468
2019-09-04,933.0,324.3,31.14,381.75,2968,6200,4.0948,7.141
2019-09-03,926.0,319.9,31.24,384.25,2967,6144,4.1678,7.1786
2019-08-30,926.5,321.1,30.96,393.0,2931,6176,4.1445,7.1543
2019-08-29,926.0,323.8,30.73,394.5,2953,6206,4.1685,7.1434
2019-08-28,923.25,325.5,30.6,394.25,2931,6202,4.1677,7.1628
2019-08-27,916.75,322.8,30.5,389.5,2930,6274,4.13,7.1603
2019-08-26,924.75,324.4,30.84,391.5,2955,6328,4.1569,7.1503
2019-08-23,914.0,321.2,30.85,391.0,2923,6266,4.1196,7.0928
2019-08-22,926.25,325.1,31.05,394.25,2893,6270,4.0704,7.0829
2019-08-21,930.5,326.1,31.27,393.5,2868,6252,4.026,7.0623
2019-08-20,925.75,325.3,30.94,392.0,2854,6226,4.0529,7.0597
2019-08-19,924.0,323.0,31.19,397.75,2847,6254,4.074,7.0499
2019-08-16,937.25,326.1,31.66,404.0,2846,6282,4.0054,7.0413
2019-08-15,928.25,322.7,31.6,394.25,2854,6232,3.9908,7.0327
2019-08-14,935.5,325.7,31.7,393.5,2868,6198,4.0522,7.0224
2019-08-13,946.5,330.4,31.69,399.75,2903,6250,3.9646,7.0395
2019-08-12,936.75,324.5,32.2,416.0,2864,6254,3.9853,7.0578
2019-08-09,949.25,329.5,32.1,441.0,2875,6152,3.9406,7.0613
2019-08-08,940.5,327.8,31.53,441.5,2851,6010,3.9188,7.044
2019-08-07,924.25,325.8,30.52,437.25,2852,5948,3.9682,7.0592
2019-08-06,923.25,328.4,30.08,435.75,2864,5948,3.9603,7.0235
2019-08-05,926.25,328.1,30.41,438.0,2832,5886,3.9778,7.0458
2019-08-02,926.0,325.2,30.86,432.75,2791,5794,3.8883,6.9387
2019-08-01,922.75,325.5,30.31,425.75,2768,5770,3.8388,6.8972
2019-07-31,939.0,331.2,30.38,433.25,2779,5804,3.8125,6.8833
2019-07-30,954.25,333.5,30.98,444.25,2772,5818,3.7896,6.8833
2019-07-29,961.75,337.3,31.12,450.25,2764,5812,3.7813,6.8927
2019-07-26,958.5,335.5,31.17,447.75,2767,5766,3.7753,6.8785
2019-07-25,957.25,335.6,30.94,450.75,2790,5766,3.7783,6.8714
2019-07-24,965.75,338.6,30.95,454.0,2774,5716,3.7726,6.8718
2019-07-23,961.25,338.3,30.63,454.75,2792,5680,3.7735,6.8787
2019-07-22,963.25,340.2,30.32,450.0,2795,5656,3.7403,6.8803
2019-07-19,976.75,343.3,30.71,459.0,2815,5648,3.7481,6.8812
2019-07-18,956.5,338.6,30.2,453.0,2829,5654,3.7187,6.8788
2019-07-17,958.0,339.4,30.26,464.75,2807,5664,3.7632,6.8731
2019-07-16,963.5,340.6,30.61,464.5,2807,5682,3.768,6.8753
2019-07-15,977.5,344.0,30.94,470.25,2830,5684,3.7555,6.8769
2019-07-12,989.0,347.3,30.94,482.5,2780,5658,3.7358,6.8796
2019-07-11,974.75,344.7,30.8,471.25,2773,5688,3.754,6.8682
2019-07-10,970.25,343.3,30.71,462.75,2749,5684,3.7543,6.8705
2019-07-09,961.75,341.7,30.64,460.5,2726,5694,3.8,6.883
2019-07-08,955.25,338.1,30.63,467.0,2769,5680,3.8063,6.8808
2019-07-05,952.0,338.2,30.15,465.5,2788,5668,3.8215,6.8925
2019-07-03,966.25,340.9,30.81,464.5,2796,5642,3.8258,6.8806
2019-07-02,956.25,338.8,30.41,449.25,2828,5664,3.8447,6.8717
2019-07-01,966.0,340.4,30.74,445.75,2867,5654,3.8401,6.8487
2019-06-28,980.5,348.7,30.98,454.75,2869,5644,3.8518,6.865
2019-06-27,969.75,345.8,30.56,474.25,2869,5640,3.8194,6.8762
2019-06-26,975.75,347.0,30.59,477.75,2875,5622,3.8433,6.8781
2019-06-25,984.0,349.5,30.74,480.75,2893,5642,3.8478,6.8791
2019-06-24,990.25,351.9,31.11,480.5,2881,5638,3.8248,6.872
2019-06-21,985.0,350.0,31.22,476.75,2881,5674,3.819,6.8686
2019-06-20,998.5,356.8,31.35,484.25,2862,5686,3.8386,6.851
2019-06-19,986.25,350.8,31.13,476.5,2871,5702,3.8388,6.8996
2019-06-18,997.75,356.7,31.09,486.25,2932,5744,3.8595,6.9002
2019-06-17,997.0,358.8,30.94,491.75,2935,5730,3.8881,6.9251
2019-06-14,981.0,357.7,30.48,486.75,2899,5728,3.8956,6.9247
2019-06-13,972.25,355.9,30.83,479.0,2903,5684,3.8485,6.9212
2019-06-12,962.25,353.7,30.37,467.0,2849,5674,3.8669,6.9161
2019-06-11,943.5,348.6,30.03,464.75,2856,5702,3.8569,6.9107
2019-06-10,942.75,347.6,30.19,452.75,2840,5698,3.8874,6.9298
2019-06-06,953.0,350.1,30.57,457.5,2891,5688,3.8795,6.9082
2019-06-05,954.0,351.9,30.03,451.75,2961,5696,3.8808,6.9084
2019-06-04,966.0,355.2,30.3,462.25,2975,5668,3.8542,6.9072
2019-06-03,963.25,354.7,30.15,461.25,2906,5672,3.8851,6.9028
2019-05-31,962.0,355.5,30.4,464.0,2906,5740,3.9218,6.9027
2019-05-30,973.25,361.6,30.59,473.25,2910,5746,3.9816,6.9011
2019-05-29,956.25,353.2,30.54,455.75,2895,5750,3.9742,6.9138
2019-05-28,940.25,347.0,30.1,457.25,2826,5628,4.0243,6.9078
2019-05-24,914.0,334.7,29.82,441.25,2751,5596,4.0213,6.8997
2019-05-23,905.75,331.4,29.59,426.75,2771,5624,4.0394,6.9087
2019-05-22,912.75,332.5,30.12,431.5,2767,5670,4.04,6.9054
2019-05-21,906.25,329.5,29.95,431.25,2760,5716,4.0387,6.9007
2019-05-20,916.0,331.5,30.31,426.0,2717,5720,4.0963,6.9111
2019-05-17,906.0,328.5,30.03,420.25,2717,5720,4.0997,6.9182
2019-05-16,924.0,336.1,30.53,416.0,2711,5690,4.0467,6.8832
2019-05-15,919.75,334.0,30.05,406.5,2665,5656,4.0012,6.8742
2019-05-14,915.75,332.2,29.81,405.75,2652,5644,3.9745,6.8737
2019-05-13,886.75,321.5,29.42,393.5,2647,5624,3.9925,6.8765
2019-05-10,893.5,321.5,29.6,388.75,2655,5630,3.9566,6.8217
2019-05-09,897.0,323.3,29.44,390.25,2642,5648,3.9456,6.8256
2019-05-08,911.5,327.1,29.81,401.25,2590,5644,3.9279,6.7818
2019-05-07,915.0,327.4,29.91,403.5,2583,5624,3.97,6.7755
2019-05-06,914.5,330.8,29.94,401.25,2577,5570,3.9683,6.7602
2019-04-30,938.25,334.3,30.69,399.5,2540,5604,3.9207,6.7347
2019-04-29,945.0,335.1,31.0,398.75,2553,5598,3.9442,6.7332
2019-04-26,951.25,337.9,30.65,398.25,2549,5626,3.9288,6.7282
2019-04-25,957.0,343.8,30.75,394.25,2572,5694,3.953,6.7418
2019-04-24,953.0,338.2,31.03,393.0,2587,5700,3.9922,6.7207
2019-04-23,959.75,338.7,31.18,397.25,2597,5752,3.9197,6.7249
2019-04-22,975.0,340.2,31.81,400.5,2594,5764,3.9358,6.7112
2019-04-18,978.5,341.0,31.9,404.25,2587,5774,3.9261,6.7081
2019-04-17,976.75,341.8,31.59,404.0,2606,5798,3.9373,6.687
2019-04-16,986.0,344.3,31.83,404.75,2621,5792,3.9031,6.7112
2019-04-15,996.75,348.9,31.92,408.5,2604,5846,3.872,6.7072
2019-04-12,993.0,345.8,32.09,406.5,2592,5830,3.8812,6.7039
2019-04-11,993.0,345.2,32.12,405.75,2611,5846,3.857,6.7188
2019-04-10,999.75,348.1,32.19,407.5,2606,5864,3.8247,6.7153
2019-04-09,996.5,347.1,32.16,405.75,2610,5848,3.8502,6.7111
2019-04-08,996.5,347.2,32.0,405.75,2630,5850,3.849,6.7158
2019-04-04,1004.25,349.9,32.32,411.0,2618,5832,3.8587,6.7167
2019-04-03,996.5,349.0,31.92,408.5,2620,5842,3.8694,6.7098
2019-04-02,997.75,348.6,32.08,407.25,2605,5800,3.8525,6.7223
2019-04-01,993.25,347.4,31.69,407.5,2566,5794,3.8508,6.7102
2019-03-29,982.0,344.5,31.48,402.25,2564,5796,3.9238,6.7112
2019-03-28,987.25,344.5,31.75,419.75,2585,5844,3.9005,6.7381
2019-03-27,985.25,342.4,31.94,419.5,2615,5868,3.9933,6.7262
2019-03-26,998.5,349.0,31.77,423.0,2620,5858,3.8769,6.7145
2019-03-25,1004.25,353.1,31.94,425.5,2614,5866,3.8535,6.7079
2019-03-22,1001.5,353.0,31.78,424.0,2607,5908,3.9066,6.7162
2019-03-21,1008.25,353.3,32.22,422.0,2596,5952,3.7921,6.6952
2019-03-20,1003.75,349.6,32.39,417.25,2594,5934,3.7756,6.6916
2019-03-19,1001.75,348.8,32.36,417.0,2611,5938,3.7885,6.7106
2019-03-18,1003.5,347.8,32.56,417.25,2618,5962,3.7913,6.7121
2019-03-15,1007.0,348.8,32.55,419.0,2624,5954,3.8131,6.7129
2019-03-14,996.25,343.9,32.69,416.0,2612,6020,3.843,6.7209
2019-03-13,998.75,342.7,33.05,412.25,2583,6076,3.8142,6.7064
2019-03-12,994.75,341.0,33.11,411.5,2573,6108,3.8111,6.707
2019-03-11,987.75,339.3,32.76,407.75,2584,6132,3.8392,6.7215
2019-03-08,993.5,341.7,32.77,410.0,2580,6126,3.8666,6.7201
2019-03-07,1000.25,344.3,32.79,411.0,2573,6168,3.8701,6.7132
2019-03-06,999.75,344.1,32.9,418.25,2553,6222,3.8397,6.7099
2019-03-05,1011.5,348.0,33.14,421.5,2547,6178,3.775,6.706
2019-03-04,1013.75,348.5,33.2,420.5,2550,6194,3.775,6.7045
2019-03-01,1009.25,345.4,33.36,418.75,2566,6140,3.7749,6.7048
2019-02-28,1008.0,344.0,33.37,416.5,2541,6078,3.7511,6.6912
2019-02-27,1014.5,347.2,33.24,419.5,2555,6066,3.7285,6.6822
2019-02-26,1014.75,345.3,33.52,421.75,2587,6086,3.7487,6.698
2019-02-25,1022.75,347.4,33.8,425.75,2585,6138,3.7519,6.6844
2019-02-22,1021.5,347.4,33.97,430.25,2604,6126,3.7482,6.7112
2019-02-21,1022.0,347.8,33.94,430.0,2593,6090,3.7693,6.7195
2019-02-20,1013.75,347.2,33.4,425.25,2600,6130,3.7273,6.718
2019-02-19,1012.25,347.5,33.2,423.75,2637,6162,3.7227,6.756
2019-02-15,1019.25,348.5,33.4,428.5,2647,6094,3.7007,6.768
2019-02-14,1015.5,347.6,33.35,428.5,2671,6094,3.7232,6.7711
2019-02-13,1028.5,352.2,33.46,432.5,2669,6114,3.7543,6.7598
2019-02-12,1029.5,351.2,33.79,432.0,2667,6118,3.7097,6.7726
2019-02-11,1017.0,346.9,33.69,426.5,2648,6154,3.7576,6.7907
2019-02-01,1029.75,353.8,33.33,432.0,2657,6128,3.6596,6.7426
2019-01-31,1027.25,352.0,33.61,430.25,2629,6152,3.6439,6.6958
2019-01-30,1033.0,353.1,33.86,435.0,2614,6164,3.6849,6.7115
2019-01-29,1031.0,353.8,33.55,431.0,2620,6190,3.7201,6.7304
2019-01-28,1035.25,354.2,33.74,433.5,2646,6156,3.7614,6.7437
2019-01-25,1037.25,355.9,33.47,434.0,2648,6090,3.7695,6.7448
2019-01-24,1028.0,354.3,32.95,430.75,2652,6090,3.7718,6.7835
2019-01-23,1027.0,354.9,32.82,432.5,2640,6078,3.7648,6.7897
2019-01-22,1021.25,355.0,32.5,432.75,2635,6074,3.8142,6.8072
2019-01-18,1028.75,357.1,32.45,435.5,2608,5964,3.7502,6.7765
2019-01-17,1019.75,354.2,32.21,433.75,2599,5922,3.7502,6.7735
2019-01-16,1006.5,352.1,31.67,427.75,2604,5958,3.7361,6.7532
2019-01-15,1005.25,351.3,31.68,425.0,2629,5960,3.7167,6.7595
2019-01-14,1015.5,353.8,31.84,432.25,2647,5986,3.6978,6.7668
2019-01-11,1022.25,356.6,31.85,432.0,2700,5966,3.7108,6.7596
2019-01-10,1018.75,358.8,31.63,430.0,2732,6014,3.7104,6.7875
2019-01-09,1036.0,365.4,32.04,435.75,2733,5998,3.6806,6.8117
2019-01-08,1030.5,363.6,31.87,433.75,2747,5960,3.7132,6.8519
2019-01-07,1036.25,364.2,31.95,436.0,2757,5930,3.7351,6.8501
2019-01-04,1033.5,361.0,32.08,436.75,2746,5920,3.7154,6.8663
2019-01-03,1024.75,358.7,31.87,433.5,2713,5892,3.7564,6.8708
2019-01-02,1019.0,356.9,31.62,429.5,2698,5824,3.7897,6.8597
2018-12-28,1007.5,355.0,31.28,429.25,2679,5776,3.8804,6.8755
2018-12-27,994.5,350.3,31.07,428.25,2691,5804,3.8732,6.8649
2018-12-26,995.0,349.9,31.09,427.0,2691,5804,3.9219,6.8844
2018-12-24,1009.0,353.8,31.47,431.5,2687,5838,3.9035,6.8978
2018-12-21,1009.75,352.1,31.61,432.25,2714,5842,3.9039,6.9048
2018-12-20,1018.25,354.0,31.92,429.0,2725,5842,3.8419,6.8834
2018-12-19,1025.0,354.0,32.16,435.5,2731,5828,3.8976,6.8918
2018-12-18,1032.75,356.7,32.11,439.25,2716,5768,3.9123,6.8939
2018-12-17,1030.0,355.4,31.89,437.75,2717,5742,3.8994,6.8962
2018-12-14,1025.75,353.6,32.2,438.5,2719,5766,3.917,6.905
2018-12-13,1032.5,354.9,32.53,438.0,2757,5788,3.891,6.8798
2018-12-12,1045.25,358.6,32.73,439.0,2746,5796,3.8554,6.8778
2018-12-11,1040.25,356.7,32.65,438.5,2741,5810,3.9039,6.8968
2018-12-10,1035.0,355.8,32.45,437.75,2746,5860,3.9178,6.9077
2018-12-07,1042.0,357.0,32.43,439.25,2768,5884,3.9074,6.8733
2018-12-06,1034.75,358.0,32.4,436.5,2786,5916,3.8779,6.8816
2018-12-05,1038.75,359.7,32.53,438.0,2762,5942,3.8682,6.8546
2018-12-04,1037.0,360.5,32.59,438.5,2744,5938,3.8524,6.8343
2018-12-03,1031.0,360.2,32.26,435.75,2774,5950,3.8408,6.8798
2018-11-30,1020.0,356.3,31.75,431.5,2776,5960,3.8662,6.9558
2018-11-29,1012.5,355.3,31.6,427.0,2775,5938,3.8515,6.9419
2018-11-28,1015.75,356.1,31.67,427.0,2748,5926,3.8508,6.9534
2018-11-27,1000.75,352.9,31.08,422.25,2731,5940,3.875,6.9498
2018-11-26,987.5,350.9,30.88,421.75,2761,5952,3.9398,6.9397
2018-11-23,1006.25,353.8,31.54,424.25,2813,5946,3.828,6.9477
2018-11-21,1008.25,354.5,31.68,426.5,2834,5946,3.7975,6.9248
2018-11-20,1006.25,355.0,31.21,426.0,2804,5938,3.7567,6.9448
2018-11-19,999.0,353.3,31.19,427.0,2824,5954,3.756,6.9398
2018-11-16,1017.5,358.8,31.26,429.5,2803,5974,3.7434,6.9367
2018-11-15,1014.0,353.4,31.58,432.0,2748,5924,3.784,6.938
2018-11-14,1008.75,353.4,31.47,431.5,2774,5916,3.784,6.95
2018-11-13,1003.5,351.6,31.45,431.0,2804,5984,3.8031,6.9546
2018-11-12,1008.5,353.3,31.61,435.75,2822,5974,3.7674,6.9618
2018-11-09,1012.0,353.3,31.52,434.25,2826,5984,3.7334,6.9553
2018-11-08,1004.25,353.8,31.92,438.0,2845,6038,3.7604,6.9318
2018-11-07,1004.75,355.7,32.1,436.75,2864,6060,3.7317,6.9174
2018-11-06,1009.5,359.1,31.8,437.75,2855,6076,3.7614,6.9172
2018-11-05,1011.0,358.3,31.8,438.5,2802,6062,3.726,6.9249
2018-11-02,1013.0,358.7,32.1,435.75,2839,6070,3.6965,6.8894
2018-11-01,1007.25,361.1,32.22,431.25,2955,6188,3.7,6.9205
2018-10-31,977.0,354.1,31.92,427.75,3002,6188,3.7218,6.9737
2018-10-30,972.25,352.8,31.9,429.25,3004,6226,3.6972,6.9663
2018-10-29,977.5,355.9,31.79,431.25,3056,6222,3.7179,6.9605
2018-10-26,983.0,355.0,32.06,432.25,3070,6220,3.6426,6.9425
2018-10-25,979.75,352.0,32.29,425.5,3092,6222,3.7046,6.9477
2018-10-24,988.75,353.8,32.51,432.75,3079,6262,3.7335,6.942
2018-10-23,996.25,358.4,32.66,434.75,3061,6312,3.6932,6.9373
2018-10-22,997.25,360.5,33.05,434.0,3082,6324,3.6846,6.9446
2018-10-19,995.5,360.8,33.04,431.5,3123,6322,3.714,6.9291
2018-10-18,1002.25,364.0,32.92,435.25,3137,6376,3.7214,6.9367
2018-10-17,1024.5,371.4,33.46,438.75,3104,6412,3.6873,6.9263
2018-10-16,1023.5,370.0,33.56,439.75,3115,6434,3.7244,6.9102
2018-10-15,1030.25,374.7,33.66,442.75,3125,6468,3.7355,6.9131
2018-10-12,1006.25,364.6,33.29,438.25,3151,6436,3.7825,6.9182
2018-10-11,997.0,364.5,32.92,433.75,3193,6456,3.781,6.888
2018-10-10,991.0,363.4,32.83,427.25,3172,6516,3.7545,6.9224
2018-10-09,1001.75,365.5,33.16,429.0,3168,6474,3.7153,6.9217
2018-10-08,1008.5,366.2,33.54,431.0,3123,6434,3.7786,6.9289
2018-09-28,984.25,356.7,32.89,420.75,3032,6392,4.0477,6.868
2018-09-27,993.75,359.5,33.05,429.25,2985,6394,4.012,6.888
2018-09-26,988.75,358.6,32.69,427.5,2983,6404,4.031,6.8763
2018-09-25,984.5,356.9,32.55,428.25,2951,6340,4.0751,6.8632
2018-09-21,986.0,356.6,32.24,421.75,2875,6296,4.0511,6.8559
2018-09-20,989.0,362.1,31.76,417.0,2871,6314,4.0766,6.8455
2018-09-19,968.75,356.9,31.4,410.25,2861,6332,4.1305,6.8466
2018-09-18,952.75,351.0,31.27,407.75,2864,6390,4.1596,6.8591
2018-09-17,962.25,353.4,31.6,412.5,2834,6394,4.1316,6.854
2018-09-14,969.25,356.4,31.66,416.25,2807,6388,4.1739,6.8673
2018-09-13,972.0,362.6,31.69,415.0,2810,6398,4.2067,6.8407
2018-09-12,978.75,366.1,31.89,417.0,2872,6448,4.1569,6.8574
2018-09-11,970.5,363.9,31.98,431.25,2867,6446,4.1527,6.8704
2018-09-10,984.0,366.3,32.26,431.75,2855,6432,4.0855,6.8545
2018-09-07,982.75,364.7,32.17,431.5,2808,6408,4.0594,6.8419
2018-09-06,978.0,361.7,32.43,430.75,2794,6406,4.0587,6.8322
2018-09-05,976.75,357.4,32.46,429.75,2813,6414,4.1457,6.827
2018-09-04,983.0,358.9,32.68,432.75,2804,6392,4.16,6.8427
2018-08-31,982.25,354.9,32.67,429.5,2787,6342,4.0545,6.83
2018-08-30,970.25,351.2,32.57,421.0,2785,6324,4.1493,6.8415
2018-08-29,974.75,352.9,32.32,421.0,2750,6346,4.1065,6.819
2018-08-28,972.0,352.4,32.48,420.75,2739,6354,4.1337,6.8018
2018-08-27,987.0,358.3,32.66,426.0,2760,6368,4.0772,6.8145
2018-08-24,994.0,364.0,32.39,427.25,2816,6426,4.1012,6.803
2018-08-23,992.75,364.2,32.27,425.5,2852,6410,4.1145,6.8748
2018-08-22,1009.0,370.9,32.46,431.25,2876,6436,4.0415,6.84
2018-08-21,1024.75,374.9,32.85,438.75,2865,6414,4.0467,6.8444
2018-08-20,1032.0,378.3,32.78,441.0,2877,6430,3.9692,6.8546
2018-08-17,1031.5,380.1,32.46,443.25,2923,6418,3.9108,6.874
2018-08-16,1035.75,384.7,32.38,444.25,2948,6372,3.9059,6.8792
2018-08-15,1007.75,379.0,32.1,440.5,2970,6422,3.9053,6.933
2018-08-14,1018.5,385.5,32.51,441.0,2928,6398,3.8663,6.8809
2018-08-13,1007.5,376.5,32.57,435.0,2913,6376,3.8836,6.888
2018-08-10,1000.5,371.0,32.31,436.25,2968,6436,3.8584,6.8458
2018-08-09,1042.75,382.6,32.78,447.25,2979,6444,3.8007,6.8199
2018-08-08,1049.25,385.1,32.81,449.5,2933,6422,3.7713,6.8344
2018-08-07,1044.5,380.3,32.99,449.0,2898,6402,3.7505,6.828
2018-08-06,1032.25,377.2,32.7,449.75,2869,6382,3.7356,6.85
2018-08-03,1041.0,379.5,32.76,448.75,2871,6346,3.707,6.8309
2018-08-02,1036.25,380.3,32.51,445.75,2879,6372,3.7496,6.838
2018-08-01,1040.5,383.7,32.85,444.0,2891,6360,3.7492,6.8154
2018-07-31,1057.75,389.1,33.2,451.0,2919,6356,3.7557,6.8038
2018-07-30,1029.75,381.4,32.75,445.75,2900,6340,3.7304,6.8102
2018-07-27,1024.0,378.8,32.92,440.75,2876,6292,3.7099,6.8097
2018-07-26,1014.75,379.4,32.48,440.25,2878,6276,3.7454,6.7865
2018-07-25,1014.5,376.2,32.72,437.75,2865,6240,3.6877,6.7658
2018-07-24,1012.0,374.4,32.48,430.5,2841,6224,3.7471,6.7912
2018-07-23,1001.5,373.1,32.22,435.75,2849,6248,3.7823,6.7927
2018-07-20,1003.5,372.3,32.44,433.5,2842,6234,3.7671,6.7659
2018-07-19,1000.25,373.8,32.11,429.5,2810,6230,3.829,6.7701
2018-07-18,996.5,373.3,32.37,425.5,2813,6210,3.8509,6.7161
2018-07-17,994.0,374.9,32.03,424.25,2803,6196,3.8375,6.7018
2018-07-16,984.5,375.2,31.99,419.75,2767,6168,3.8597,6.6866
2018-07-13,973.0,370.7,32.29,419.25,2791,6204,3.8514,6.69
2018-07-12,988.0,375.4,32.59,423.75,2821,6226,3.8809,6.663
2018-07-11,987.0,375.4,32.72,417.75,2832,6246,3.8764,6.6764
2018-07-10,1010.25,378.0,33.32,425.25,2812,6286,3.8143,6.6296
2018-07-09,1010.75,375.5,33.16,431.5,2862,6346,3.8714,6.6123
2018-07-06,1033.25,385.1,33.36,437.5,2856,6334,3.8624,6.6396
2018-07-05,994.5,371.6,32.93,429.0,2867,6300,3.9324,6.6341
2018-07-03,1003.0,373.1,33.1,428.75,2904,6320,3.8966,6.6368
2018-07-02,1008.25,375.3,33.29,423.5,2917,6312,3.9117,6.6632
2018-06-29,1018.75,377.6,33.64,435.75,2884,6306,3.8765,6.6171
2018-06-28,1022.25,379.0,33.58,430.5,2872,6284,3.8612,6.6235
2018-06-27,1027.75,379.2,33.58,437.75,2852,6270,3.8625,6.5992
2018-06-26,1026.25,380.3,33.49,437.75,2793,6204,3.8011,6.5759
2018-06-25,1034.25,381.7,33.52,436.0,2748,6234,3.7753,6.536
2018-06-22,1055.0,388.7,33.83,442.5,2730,6216,3.7852,6.5027
2018-06-21,1040.25,382.0,33.69,442.75,2782,6224,3.7676,6.49
2018-06-20,1049.25,385.0,33.94,440.25,2800,6218,3.7712,6.4713
2018-06-19,1049.75,388.0,33.48,440.0,2812,6312,3.7461,6.4802
2018-06-15,1069.25,392.8,34.19,447.25,2704,6386,3.7294,6.4379
2018-06-14,1088.75,396.5,34.84,449.0,2699,6380,3.8052,6.398
2018-06-13,1097.5,399.8,34.77,461.5,2681,6366,3.7195,6.3944
2018-06-12,1115.5,405.6,34.74,463.0,2659,6458,3.7174,6.3992
2018-06-11,1115.25,403.3,35.27,452.75,2663,6464,3.7087,6.4
2018-06-08,1130.75,409.9,35.21,463.25,2675,6500,3.7091,6.4031
2018-06-07,1135.75,410.5,35.29,461.75,2745,6528,3.9065,6.389
2018-06-06,1155.75,417.1,35.34,463.75,2764,6548,3.8477,6.385
2018-06-05,1162.75,419.4,35.48,469.25,2769,6556,3.806,6.4042
2018-06-04,1163.25,421.0,35.62,466.25,2789,6632,3.7462,6.405
2018-06-01,1182.75,426.3,35.88,477.0,2787,6582,3.763,6.418
2018-05-31,1180.0,427.4,35.81,479.5,2776,6576,3.7225,6.4096
2018-05-30,1184.5,429.0,36.17,479.0,2809,6590,3.724,6.4175
2018-05-29,1192.0,432.3,35.9,485.5,2815,6506,3.7252,6.4162
2018-05-25,1203.0,432.4,36.03,491.5,2785,6544,3.6514,6.3903
2018-05-24,1197.25,429.4,36.4,489.75,2767,6534,3.6491,6.3757
2018-05-23,1200.75,432.8,36.39,494.0,2736,6534,3.6279,6.3875
2018-05-22,1192.0,429.6,36.2,490.25,2713,6524,3.6441,6.366
2018-05-21,1186.75,431.2,36.11,488.25,2707,6550,3.6769,6.3815
2018-05-18,1160.0,428.4,35.67,488.0,2715,6514,3.736,6.3768
2018-05-17,1156.5,427.2,35.63,480.75,2727,6458,3.696,6.3645
2018-05-16,1161.25,428.7,35.28,484.75,2729,6468,3.6754,6.3706
2018-05-15,1180.25,434.4,35.81,487.75,2796,6510,3.653,6.376
2018-05-14,1179.25,439.7,35.94,482.0,2812,6534,3.6221,6.336
2018-05-11,1164.75,430.7,36.0,482.0,2843,6562,3.5991,6.3333
2018-05-10,1182.75,438.2,35.82,487.5,2859,6564,3.5496,6.344
2018-05-09,1177.25,437.9,35.72,488.25,2852,6532,3.5918,6.3585
2018-05-08,1181.75,438.0,35.38,488.75,2876,6520,3.5632,6.369
2018-05-07,1173.0,434.6,35.56,486.25,2955,6518,3.5524,6.364
2018-05-04,1198.25,445.8,35.46,491.75,2960,6478,3.5291,6.3589
2018-05-03,1214.75,450.7,35.5,493.5,2976,6498,3.5276,6.352
2018-05-02,1204.5,452.8,35.29,490.5,2974,6468,3.5513,6.361
2018-04-27,1217.75,447.4,35.42,484.0,2911,6462,3.4559,6.3325
2018-04-26,1201.0,435.4,35.78,480.75,2944,6468,3.4745,6.334
2018-04-25,1200.75,432.6,35.75,481.25,2964,6498,3.4843,6.3236
2018-04-24,1195.5,428.4,35.96,475.5,2957,6512,3.4709,6.3035
2018-04-23,1193.75,428.3,35.99,473.0,2972,6554,3.4521,6.3158
2018-04-20,1201.75,430.7,36.25,471.0,2981,6552,3.4124,6.2945
2018-04-19,1210.5,429.9,36.37,476.5,2965,6534,3.3875,6.2765
2018-04-18,1214.75,433.3,36.38,477.25,2982,6526,3.3802,6.2722
2018-04-17,1218.75,437.5,36.14,474.75,2959,6508,3.4071,6.2804
2018-04-16,1214.75,434.1,36.14,476.5,2964,6558,3.4191,6.2752
2018-04-13,1226.5,438.9,36.44,480.0,2985,6560,3.422,6.2725
2018-04-12,1233.25,439.5,36.59,482.75,2984,6600,3.4124,6.2876
2018-04-11,1220.25,436.4,36.49,481.25,2992,6660,3.3734,6.2655
2018-04-10,1221.75,440.1,36.81,483.25,3044,6686,3.4087,6.2798
2018-04-09,1219.0,445.8,36.48,484.5,3095,6776,3.4187,6.3035
2018-04-04,1187.25,438.0,36.64,474.75,2948,6662,3.329,6.3045
2018-04-03,1210.0,436.2,37.3,482.25,2910,6612,3.3412,6.2881
2018-04-02,1207.5,433.5,37.0,481.0,2926,6598,3.3099,6.2785
2018-03-29,1216.75,440.2,36.83,481.5,2777,6474,3.3054,6.2876
2018-03-28,1190.0,427.5,36.58,467.25,2810,6522,3.3195,6.2946
2018-03-27,1191.5,428.6,36.54,467.75,2816,6566,3.3278,6.2781
2018-03-26,1197.5,431.2,36.42,467.75,2823,6534,3.3113,6.2685
2018-03-23,1200.25,434.1,36.38,471.0,2803,6574,3.3119,6.311
2018-03-22,1201.75,424.2,36.84,469.75,2760,6570,3.3152,6.331
2018-03-21,1201.75,420.7,37.33,468.75,2744,6550,3.2717,6.32
2018-03-20,1200.25,417.9,36.7,468.25,2733,6544,3.3114,6.3328
2018-03-19,1194.5,414.8,37.02,468.75,2766,6574,3.2853,6.3291
2018-03-16,1221.5,429.1,36.94,476.5,2777,6598,3.2807,6.33
2018-03-15,1212.75,427.2,37.02,480.5,2750,6588,3.2849,6.3202
2018-03-14,1204.25,427.1,36.67,482.5,2772,6624,3.2598,6.314
2018-03-13,1220.75,431.7,37.18,485.5,2770,6590,3.2602,6.318
2018-03-12,1213.0,426.6,36.71,484.5,2764,6576,3.261,6.327
2018-03-09,1211.25,429.8,36.55,484.25,2823,6606,3.2548,6.3285
2018-03-08,1236.0,439.6,36.8,487.25,2822,6638,3.2664,6.3389
2018-03-07,1237.25,439.7,37.06,481.0,2833,6696,3.2449,6.3225
2018-03-06,1246.75,444.2,37.44,482.0,2830,6752,3.2112,6.3093
2018-03-05,1249.5,449.4,37.17,481.0,2831,6748,3.2425,6.3491
2018-03-02,1243.0,449.1,37.26,479.0,2817,6728,3.2523,6.3428
2018-03-01,1240.0,453.4,37.35,480.0,2736,6688,3.2511,6.3565
2018-02-28,1227.5,450.9,37.19,475.75,2704,6674,3.2458,6.328
2018-02-27,1221.5,445.4,37.36,473.0,2685,6666,3.2512,6.3169
2018-02-26,1218.0,436.5,37.82,471.0,2682,6664,3.2253,6.3115
2018-02-23,1219.5,434.5,37.52,468.25,2661,6612,3.2374,6.3329
2018-02-22,1215.25,435.8,37.21,468.5,2652,6560,3.2497,6.3471
2018-02-14,1199.75,428.0,36.97,468.5,2565,6526,3.2172,6.3438
2018-02-13,1194.25,422.9,36.74,468.0,2553,6542,3.2947,6.338
2018-02-12,1184.25,416.6,37.01,468.25,2530,6536,3.2949,6.325
2018-02-09,1165.5,402.8,37.11,463.25,2513,6538,3.2939,6.2966
2018-02-08,1170.25,401.3,37.36,467.0,2508,6516,3.2857,6.3222
2018-02-07,1165.5,395.0,37.71,466.5,2501,6536,3.2713,6.2649
2018-02-06,1168.75,391.3,38.31,464.75,2474,6502,3.2347,6.283
2018-02-05,1152.25,386.6,37.65,460.0,2477,6506,3.2624,6.285
2018-02-02,1161.25,391.0,37.66,462.75,2485,6568,3.218,6.2984
2018-02-01,1167.5,393.6,38.05,463.0,2507,6608,3.1668,6.2969
2018-01-31,1178.25,397.4,38.22,462.75,2519,6642,3.1858,6.2841
2018-01-30,1182.75,400.1,38.23,462.75,2508,6662,3.1811,6.3199
2018-01-29,1174.0,397.0,38.02,460.0,2497,6712,3.1549,6.3328
2018-01-26,1168.0,395.3,37.94,457.75,2479,6694,3.1509,6.3199
2018-01-25,1174.75,400.0,37.65,456.5,2480,6676,3.147,6.3189
2018-01-24,1174.75,401.6,37.83,457.75,2477,6682,3.1464,6.365
2018-01-23,1168.75,399.2,37.67,452.5,2494,6660,3.2369,6.4
2018-01-22,1166.75,398.2,37.31,453.25,2492,6620,3.202,6.4035
2018-01-19,1159.75,391.2,37.43,453.75,2482,6596,3.1961,6.399
2018-01-18,1155.5,388.0,37.38,452.75,2477,6606,3.2064,6.4175
2018-01-17,1151.25,383.9,37.66,454.25,2471,6624,3.2237,6.433
2018-01-16,1150.5,382.4,37.94,449.5,2464,6638,3.2242,6.4395
2018-01-12,1143.0,376.6,38.28,447.5,2445,6648,3.2063,6.4607
2018-01-11,1132.5,372.7,38.3,450.0,2463,6688,3.2154,6.4956
2018-01-10,1137.5,376.0,38.6,450.25,2478,6696,3.228,6.5055
2018-01-09,1146.25,377.8,38.85,450.25,2487,6678,3.2482,6.5263
2018-01-08,1149.25,381.1,38.69,448.5,2481,6678,3.2406,6.497
2018-01-05,1153.25,381.5,38.91,452.5,2474,6718,3.2288,6.4875
2018-01-04,1150.25,379.4,39.02,452.25,2475,6704,3.2344,6.4915
2018-01-03,1151.25,378.2,39.05,454.25,2482,6674,3.2369,6.501
2018-01-02,1147.25,377.5,38.7,454.5,2476,6666,3.2588,6.491
2017-12-29,1144.25,376.4,38.41,452.0,2488,6568,3.3121,6.5063
2017-12-28,1139.25,375.7,37.86,453.25,2519,6604,3.3121,6.5322
2017-12-27,1150.0,378.1,38.42,455.0,2530,6590,3.3149,6.556
2017-12-26,1153.0,379.0,38.57,454.0,2522,6566,3.311,6.5429
2017-12-22,1142.75,376.3,38.09,453.25,2498,6534,3.3369,6.575
2017-12-21,1141.5,377.7,37.98,452.5,2506,6634,3.3083,6.5833
2017-12-20,1147.0,379.3,38.28,450.5,2517,6686,3.2977,6.5771
2017-12-19,1149.25,378.7,38.54,448.75,2526,6692,3.2899,6.6035
2017-12-18,1155.0,382.1,38.33,448.25,2520,6728,3.2922,6.615
2017-12-15,1160.5,384.1,38.49,448.75,2526,6710,3.2946,6.6088
2017-12-14,1161.25,385.2,38.52,449.75,2546,6742,3.3418,6.6091
2017-12-13,1173.0,390.5,38.55,450.25,2547,6794,3.3099,6.6171
2017-12-12,1169.75,388.5,38.75,449.0,2555,6812,3.3064,6.621
2017-12-11,1176.5,391.4,38.76,450.25,2565,6774,3.3047,6.6175
2017-12-08,1183.75,395.3,38.94,454.0,2575,6782,3.2918,6.6199
2017-12-07,1186.0,398.8,38.65,452.75,2601,6824,3.2906,6.6173
2017-12-06,1196.75,405.9,38.49,454.0,2614,6890,3.2356,6.6136
2017-12-05,1202.5,406.9,38.82,455.0,2574,6910,3.2414,6.617
2017-12-04,1192.5,401.1,38.76,454.75,2553,6938,3.2441,6.6185
2017-12-01,1188.25,393.8,39.01,460.0,2509,6936,3.258,6.6137
2017-11-30,1179.75,390.1,39.17,457.0,2532,6932,3.2726,6.609
2017-11-29,1186.5,390.9,39.39,454.75,2532,6928,3.246,6.6091
2017-11-28,1187.0,389.4,39.45,451.0,2541,6968,3.2127,6.6044
2017-11-27,1190.0,392.9,39.06,453.0,2545,6986,3.2277,6.5967
2017-11-24,1187.25,389.5,39.4,456.25,2545,7016,3.2329,6.5998
2017-11-22,1191.25,390.3,39.52,458.25,2533,7006,3.2242,6.6086
2017-11-21,1183.0,384.0,39.64,457.5,2533,6982,3.2587,6.6265
2017-11-20,1184.0,385.6,39.42,457.75,2505,6998,3.2572,6.63
2017-11-17,1184.5,383.6,39.91,456.25,2478,7068,3.2573,6.6245
2017-11-16,1166.0,376.1,39.91,450.25,2473,7070,3.2739,6.6273
2017-11-15,1170.25,377.0,40.2,452.0,2450,7084,3.3132,6.62
2017-11-14,1161.75,375.9,39.48,451.25,2448,7124,3.3127,6.635
2017-11-13,1168.25,377.0,39.8,456.0,2440,7166,3.2793,6.6385
2017-11-10,1181.0,380.2,40.28,457.25,2426,7194,3.2778,6.6399
2017-11-09,1179.0,377.5,40.61,455.25,2434,7230,3.252,6.6378
2017-11-08,1192.5,380.9,40.84,462.0,2424,7218,3.2547,6.6249
2017-11-07,1190.0,381.2,40.49,461.5,2420,7212,3.2713,6.638
2017-11-06,1188.0,381.8,40.2,461.75,2415,7176,3.2494,6.6311
2017-11-03,1180.75,379.6,39.89,462.0,2434,7196,3.3142,6.636
2017-11-02,1193.25,383.1,40.33,464.25,2427,7210,3.267,6.6068
2017-11-01,1185.25,379.3,40.37,462.0,2420,7202,3.2673,6.6018
2017-10-31,1178.75,377.5,40.22,459.5,2420,7212,3.2724,6.6328
2017-10-30,1178.5,378.0,40.15,462.5,2430,7232,3.2888,6.644
2017-10-27,1180.5,377.8,40.31,462.5,2434,7214,3.236,6.6498
2017-10-26,1176.5,377.8,39.97,464.25,2450,7202,3.2903,6.6392
2017-10-25,1180.25,381.1,39.73,464.75,2450,7186,3.2329,6.635
2017-10-24,1179.75,379.9,39.81,466.5,2456,7160,3.2432,6.6335
2017-10-23,1185.0,381.6,40.1,465.0,2468,7146,3.2376,6.638
2017-10-20,1183.0,382.8,39.63,458.25,2477,7100,3.1923,6.6185
2017-10-19,1190.75,387.1,39.3,462.75,2471,7122,3.1663,6.6126
2017-10-18,1188.5,387.5,38.88,462.25,2461,7152,3.1706,6.625
2017-10-17,1189.0,387.3,39.06,463.75,2477,7186,3.1575,6.622
2017-10-16,1195.25,390.2,39.06,464.25,2481,7186,3.1707,6.5885
2017-10-13,1204.5,394.3,39.16,466.5,2452,7144,3.1447,6.5785
2017-10-12,1196.25,392.0,38.75,462.75,2394,7144,3.1695,6.5855
2017-10-11,1169.5,380.6,38.62,459.75,2399,7134,3.1722,6.587
2017-10-10,1170.25,381.9,38.58,463.0,2406,7174,3.1791,6.5712
2017-10-09,1171.0,381.2,38.73,463.25,2410,7206,3.1882,6.6235
2017-09-29,1172.5,381.5,38.29,469.0,2376,7160,3.1614,6.6533
2017-09-28,1163.75,377.2,38.29,466.25,2396,7170,3.1822,6.6591
2017-09-27,1169.75,379.0,38.69,467.75,2399,7260,3.1929,6.64
2017-09-26,1167.75,378.8,38.92,466.0,2414,7274,3.1661,6.6371
2017-09-25,1175.5,380.0,39.48,467.5,2428,7292,3.1593,6.6189
2017-09-22,1188.5,384.7,39.69,467.25,2395,7326,3.1243,6.5899
2017-09-21,1175.0,378.6,39.81,464.0,2364,7402,3.1369,6.5861
2017-09-20,1174.25,375.8,40.38,463.75,2351,7410,3.132,6.57
2017-09-19,1169.75,374.4,40.23,462.0,2366,7428,3.1346,6.58
2017-09-18,1172.0,378.3,39.9,465.25,2355,7444,3.136,6.5725
2017-09-15,1173.0,377.1,40.28,468.5,2359,7488,3.1079,6.55
2017-09-14,1180.25,378.8,40.55,468.0,2330,7474,3.1179,6.552
2017-09-13,1164.75,371.1,40.56,465.25,2336,7464,3.1349,6.54
2017-09-12,1154.75,365.7,40.66,465.25,2346,7442,3.1245,6.5334
2017-09-11,1164.25,369.3,40.62,471.25,2345,7420,3.1023,6.5254
2017-09-08,1166.25,370.9,40.41,470.5,2356,7442,3.0865,6.4773
2017-09-07,1173.0,372.9,40.9,469.0,2365,7454,3.0985,6.483
2017-09-06,1175.25,374.4,41.03,474.75,2364,7474,3.0996,6.5221
2017-09-05,1172.75,373.7,40.91,472.25,2353,7456,3.1163,6.5345
2017-09-01,1153.75,364.5,41.14,469.0,2333,7424,3.1409,6.5552
2017-08-31,1149.5,365.2,40.53,471.5,2324,7384,3.1474,6.5888
2017-08-30,1137.5,363.1,40.16,459.25,2339,7400,3.1596,6.5918
2017-08-29,1141.5,364.9,40.12,462.5,2354,7422,3.1644,6.5945
2017-08-28,1145.5,365.1,40.43,464.75,2367,7466,3.1664,6.6156
2017-08-25,1148.75,365.7,40.42,467.25,2356,7480,3.1595,6.6465
2017-08-24,1150.75,366.6,40.6,470.0,2347,7474,3.1473,6.66
2017-08-23,1142.25,362.2,40.53,469.5,2359,7480,3.1405,6.6569
2017-08-22,1141.75,364.4,39.89,473.75,2349,7424,3.1602,6.66
2017-08-21,1140.5,364.7,39.64,476.75,2352,7382,3.1642,6.663
2017-08-18,1142.0,366.2,39.44,479.5,2355,7324,3.1462,6.67
2017-08-17,1137.25,365.7,39.02,478.0,2347,7294,3.1741,6.673
2017-08-16,1129.5,363.8,38.65,480.25,2340,7292,3.1518,6.69
2017-08-15,1128.5,365.1,38.51,482.25,2355,7360,3.1692,6.6845
2017-08-14,1142.5,368.4,39.24,490.0,2356,7372,3.1885,6.6695
2017-08-11,1149.25,369.9,39.46,488.5,2394,7392,3.1934,6.6612
2017-08-10,1144.5,365.9,39.63,484.75,2447,7366,3.1754,6.646
2017-08-09,1177.5,378.6,40.0,500.0,2442,7370,3.1556,6.672
2017-08-08,1177.5,380.0,39.69,497.5,2430,7304,3.1266,6.7049
2017-08-07,1174.0,379.9,39.4,500.5,2402,7274,3.1261,6.7207
2017-08-04,1161.0,375.1,39.5,494.75,2389,7246,3.1305,6.7272
2017-08-03,1164.75,378.3,39.27,491.5,2410,7318,3.1123,6.715
2017-08-02,1181.75,381.2,40.04,492.75,2428,7352,3.1131,6.72
2017-08-01,1176.0,380.2,39.75,490.25,2470,7420,3.1254,6.717
2017-07-31,1211.5,391.1,40.6,498.5,2473,7376,3.1259,6.724
2017-07-28,1217.25,394.2,40.49,501.75,2476,7378,3.1316,6.7362
2017-07-27,1211.75,394.7,39.76,501.5,2444,7372,3.1524,6.741
2017-07-26,1204.5,392.2,39.68,499.75,2466,7370,3.1385,6.753
2017-07-25,1197.0,390.6,39.44,496.0,2486,7374,3.1722,6.7495
2017-07-24,1214.25,398.4,39.52,504.5,2464,7326,3.1455,6.7488
2017-07-21,1226.5,402.5,39.74,507.0,2508,7392,3.1416,6.7663
2017-07-20,1231.25,403.8,39.92,518.25,2485,7364,3.1206,6.757
2017-07-19,1216.75,399.9,39.35,509.75,2482,7308,3.1486,6.7511
2017-07-18,1206.0,396.6,39.06,504.25,2467,7328,3.1542,6.7451
2017-07-17,1201.75,395.2,38.91,502.25,2458,7330,3.1828,6.769
2017-07-14,1205.75,396.9,39.15,503.5,2457,7298,3.1794,6.7741
2017-07-13,1191.75,390.8,38.97,497.0,2517,7354,3.2134,6.7825
2017-07-12,1238.25,409.0,39.46,512.75,2561,7394,3.2072,6.7865
2017-07-11,1247.5,411.9,39.79,529.0,2566,7386,3.2542,6.801
2017-07-10,1243.5,411.3,39.64,529.25,2530,7318,3.2548,6.8026
2017-07-07,1219.75,403.7,38.79,519.75,2470,7230,3.2803,6.8039
2017-07-06,1203.5,395.4,38.85,517.75,2456,7236,3.2959,6.799
2017-07-05,1198.5,391.3,39.18,519.25,2435,7190,3.2883,6.7995
2017-07-03,1185.0,386.1,39.05,515.75,2394,7246,3.3003,6.7984
2017-06-30,1159.0,376.9,38.81,508.25,2309,7178,3.3063,6.7793
2017-06-29,1129.0,365.6,38.33,496.75,2306,7186,3.3033,6.784
2017-06-28,1126.0,365.6,38.03,493.5,2306,7122,3.2795,6.7984
2017-06-27,1121.75,363.5,38.01,495.0,2304,7048,3.3125,6.81
2017-06-26,1118.0,363.7,37.46,494.5,2294,7038,3.2961,6.8382
2017-06-23,1115.25,362.9,37.56,492.75,2290,7022,3.3427,6.8345
2017-06-22,1117.5,363.1,37.52,498.0,2318,7040,3.3415,6.8324
2017-06-21,1132.0,368.4,37.84,504.0,2337,7046,3.336,6.8275
2017-06-20,1143.0,371.9,38.09,505.25,2349,7110,3.3264,6.8285
2017-06-19,1152.75,373.0,38.87,510.5,2348,7158,3.2824,6.818
2017-06-16,1154.25,372.9,39.12,519.25,2324,7130,3.2925,6.8097
2017-06-15,1148.25,372.2,38.71,514.75,2309,7086,3.274,6.8061
2017-06-14,1143.25,373.4,38.03,512.25,2320,7072,3.2739,6.7888
2017-06-13,1144.0,373.1,38.03,516.25,2300,7070,3.3145,6.7981
2017-06-12,1142.75,373.4,37.88,512.5,2323,7064,3.3179,6.7974
2017-06-09,1153.0,377.5,38.23,523.0,2337,7014,3.2959,6.797
2017-06-08,1149.5,377.7,37.79,521.0,2323,6966,3.2607,6.799
2017-06-07,1142.25,376.5,37.3,520.0,2312,6984,3.2685,6.7945
2017-06-06,1135.0,372.7,37.33,512.5,2296,6958,3.2772,6.7945
2017-06-05,1133.5,372.2,37.25,508.25,2299,6940,3.2967,6.803
2017-06-02,1132.75,373.5,36.95,508.0,2274,6930,3.2472,6.8085
2017-06-01,1123.75,369.1,37.19,505.75,2267,6916,3.2495,6.8029
2017-05-31,1127.5,369.7,37.28,507.25,2279,6972,3.2262,6.8098
2017-05-26,1138.0,373.4,37.54,509.5,2350,7110,3.2598,6.8525
2017-05-25,1151.0,376.3,37.98,504.5,2377,7170,3.2729,6.8672
2017-05-24,1159.75,378.0,38.22,506.5,2372,7166,3.2774,6.8883
2017-05-23,1159.75,377.9,38.28,504.75,2389,7230,3.27,6.888
2017-05-22,1168.0,379.4,38.88,510.25,2391,7250,3.2653,6.8828
2017-05-19,1164.5,378.6,38.98,507.75,2388,7200,3.2527,6.883
2017-05-18,1156.25,379.1,38.38,501.25,2422,7262,3.3665,6.888
2017-05-17,1187.25,386.9,39.09,506.75,2439,7262,3.1378,6.8773
2017-05-16,1187.75,388.6,38.95,503.0,2418,7274,3.0961,6.884
2017-05-15,1176.75,384.1,38.96,503.0,2431,7226,3.1105,6.89
2017-05-12,1174.5,384.9,38.78,506.25,2451,7208,3.1209,6.8972
2017-05-11,1177.75,386.5,38.43,504.5,2472,7168,3.1399,6.9023
2017-05-10,1181.75,389.3,38.22,509.0,2475,7166,3.1666,6.9011
2017-05-09,1185.5,390.1,38.83,501.75,2461,7134,3.1896,6.906
2017-05-08,1176.25,385.2,38.88,501.25,2486,7146,3.197,6.904
2017-05-05,1184.5,388.5,38.84,506.0,2506,7068,3.1762,6.9021
2017-05-04,1185.75,390.2,38.44,501.75,2508,7090,3.188,6.8959
2017-05-03,1186.75,390.4,38.5,510.0,2505,7134,3.1644,6.8968
2017-05-02,1180.25,386.6,38.56,507.5,2504,7126,3.1514,6.8949
2017-04-28,1167.75,387.4,37.65,501.75,2443,7068,3.1758,6.89
2017-04-27,1168.75,386.4,37.9,504.5,2449,7112,3.1832,6.8958
2017-04-26,1168.0,385.3,38.1,502.0,2473,7078,3.171,6.8918
2017-04-25,1176.5,389.3,37.79,507.0,2499,7084,3.1459,6.8824
2017-04-24,1183.25,392.2,37.87,500.75,2490,7098,3.1271,6.884
2017-04-21,1172.25,385.2,38.1,499.0,2474,7058,3.1475,6.8845
2017-04-20,1168.25,383.5,38.06,499.5,2480,7044,3.1483,6.88
2017-04-19,1172.0,386.8,37.73,503.5,2464,7058,3.1514,6.886
2017-04-18,1167.75,388.2,37.32,503.5,2464,7196,3.1072,6.8778
2017-04-17,1175.25,389.3,37.97,508.5,2473,7230,3.0979,6.88
2017-04-13,1177.5,393.4,37.32,513.25,2453,7180,3.1437,6.8865
2017-04-12,1169.75,388.6,37.4,511.25,2423,7194,3.1251,6.889
2017-04-11,1161.25,385.2,37.23,508.75,2401,7240,3.136,6.8893
2017-04-10,1163.75,385.0,37.51,509.25,2395,7234,3.1311,6.8988
2017-04-07,1164.0,383.3,37.78,501.75,2381,7216,3.1457,6.8978
2017-04-06,1163.5,384.6,37.53,503.0,2397,7288,3.142,6.8955
2017-04-05,1166.25,385.7,37.99,507.0,2393,7262,3.1192,6.892
2017-03-31,1168.0,384.3,37.94,506.5,2428,7328,3.123,6.8832
2017-03-30,1185.0,390.8,38.17,499.75,2433,7398,3.1483,6.887
2017-03-29,1191.0,391.7,38.37,500.75,2447,7450,3.1193,6.8879
2017-03-28,1194.0,391.2,38.63,500.0,2448,7446,3.1398,6.8779
2017-03-27,1193.5,391.2,38.45,498.0,2445,7510,3.1256,6.8687
2017-03-24,1197.75,394.1,38.39,498.5,2465,7638,3.1073,6.8803
2017-03-23,1213.0,396.6,39.38,499.0,2496,7686,3.1383,6.8843
2017-03-22,1221.75,399.4,39.68,501.0,2516,7754,3.087,6.8785
2017-03-21,1223.5,401.7,39.3,503.5,2538,7748,3.0878,6.883
2017-03-20,1221.5,402.5,38.9,505.75,2539,7740,3.072,6.905
2017-03-17,1222.0,404.8,38.46,509.75,2517,7730,3.0911,6.9
2017-03-16,1223.5,405.2,38.42,508.25,2531,7708,3.118,6.895
2017-03-15,1220.0,403.5,38.38,505.75,2524,7718,3.1033,6.9132
2017-03-14,1221.25,403.1,38.46,504.5,2526,7738,3.1683,6.913
2017-03-13,1228.0,406.8,38.28,503.25,2533,7802,3.1523,6.9115
2017-03-10,1228.5,404.6,38.84,506.5,2542,7816,3.138,6.905
2017-03-09,1233.0,404.4,39.27,509.25,2563,7898,3.1929,6.9086
2017-03-08,1243.75,407.0,39.7,514.5,2584,7904,3.1624,6.9113
2017-03-07,1247.25,407.2,39.89,518.25,2620,7984,3.1187,6.9
2017-03-06,1259.25,409.6,40.43,520.75,2609,8044,3.1383,6.8955
2017-03-03,1259.5,408.9,40.54,523.0,2591,8036,3.1143,6.8954
2017-03-02,1259.25,410.7,40.29,521.75,2595,8048,3.156,6.8868
2017-03-01,1273.75,415.2,40.9,524.25,2574,8024,3.089,6.8794
2017-02-28,1257.75,412.3,40.09,516.0,2549,7936,3.1086,6.8665
2017-02-27,1244.0,411.5,38.79,510.5,2547,7964,3.1085,6.8675
2017-02-24,1246.25,411.6,38.83,513.0,2536,7944,3.11,6.8645
2017-02-23,1244.5,411.1,38.75,514.75,2569,7984,3.059,6.8622
2017-02-22,1255.5,415.4,39.16,520.5,2596,8004,3.063,6.8765
2017-02-21,1259.25,417.8,39.11,518.75,2610,8056,3.0949,6.881
2017-02-17,1265.25,419.8,39.32,517.75,2603,8120,3.1035,6.864
2017-02-16,1276.75,422.1,39.97,523.25,2628,8204,3.0889,6.8517
2017-02-15,1293.75,427.0,40.38,528.25,2613,8210,3.0565,6.8685
2017-02-14,1278.0,419.8,40.57,524.0,2645,8240,3.084,6.8649
2017-02-13,1287.75,423.7,40.6,525.25,2667,8296,3.111,6.8776
2017-02-10,1292.5,422.4,41.05,524.25,2640,8294,3.1145,6.8775
2017-02-09,1284.0,418.7,41.11,519.25,2635,8278,3.1299,6.866
2017-02-08,1292.25,421.5,41.13,520.5,2604,8258,3.117,6.87
2017-02-07,1276.25,416.2,40.74,518.25,2586,8236,3.12,6.8821
2017-02-06,1269.5,413.1,40.88,513.5,2576,8238,3.1155,6.86
2017-02-03,1260.5,411.9,40.3,515.0,2554,8252,3.1174,6.865
2017-01-26,1283.0,422.7,40.91,513.5,2573,8338,3.1775,6.8768
2017-01-25,1288.75,423.6,41.31,516.0,2566,8380,3.1697,6.8812
2017-01-24,1292.0,423.3,41.72,513.0,2597,8390,3.1697,6.8555
2017-01-23,1291.25,423.8,41.57,519.25,2594,8338,3.1628,6.8514
2017-01-20,1301.0,429.0,41.59,519.5,2610,8372,3.1685,6.8729
2017-01-19,1303.75,428.5,41.88,516.0,2615,8396,3.196,6.868
2017-01-18,1308.5,431.4,42.02,514.75,2596,8374,3.2307,6.836
2017-01-17,1302.75,429.1,42.0,515.25,2589,8382,3.2113,6.852
2017-01-13,1279.75,414.2,42.04,508.25,2524,8318,3.2205,6.8985
2017-01-12,1273.75,408.2,42.51,508.0,2482,8304,3.1878,6.889
2017-01-11,1245.0,395.2,42.44,507.0,2475,8276,3.1965,6.9365
2017-01-10,1247.25,397.8,42.08,508.0,2437,8220,3.1955,6.918
2017-01-09,1238.75,394.2,41.93,509.75,2444,8186,3.1967,6.935
2017-01-06,1228.25,391.6,41.42,507.75,2450,8220,3.2239,6.9176
2017-01-05,1246.0,398.5,41.66,511.0,2463,8260,3.1988,6.887
2017-01-04,1248.75,399.4,41.65,509.5,2445,8266,3.216,6.9322
2017-01-03,1228.5,392.4,41.25,505.5,2452,8376,3.2644,6.9575
2016-12-30,1237.5,396.9,41.1,501.75,2477,8360,3.2532,6.943
2016-12-29,1246.25,399.3,41.23,499.5,2492,8362,3.2532,6.9535
2016-12-28,1250.0,400.6,41.56,498.0,2499,8378,3.284,6.9559
2016-12-27,1257.75,401.9,41.84,504.75,2462,8296,3.2697,6.9491
2016-12-23,1231.0,391.9,41.32,495.5,2468,8284,3.2705,6.9432
2016-12-22,1237.5,393.6,41.53,497.0,2487,8428,3.2865,6.9473
2016-12-21,1250.5,393.9,42.78,497.0,2498,8456,3.3265,6.939
2016-12-20,1249.25,393.3,42.79,500.0,2536,8490,3.3536,6.947
2016-12-19,1265.5,396.7,43.29,503.0,2584,8632,3.3645,6.9506
2016-12-16,1280.25,401.7,43.47,506.0,2579,8572,3.3915,6.957
2016-12-15,1272.75,398.7,43.45,506.25,2559,8496,3.369,6.941
2016-12-14,1268.0,397.5,43.61,511.75,2588,8494,3.369,6.9025
2016-12-13,1273.0,400.0,43.48,510.75,2598,8532,3.3345,6.8984
2016-12-12,1276.0,400.8,43.68,510.25,2584,8556,3.338,6.9045
2016-12-09,1282.5,403.2,43.65,509.25,2545,8458,3.377,6.9042
2016-12-08,1272.0,398.1,43.97,503.25,2593,8526,3.375,6.8771
2016-12-07,1294.0,404.9,44.64,507.75,2610,8572,3.3825,6.878
2016-12-06,1292.75,406.3,44.53,510.25,2599,8554,3.4075,6.879
2016-12-05,1288.5,403.9,44.38,509.0,2570,8542,3.4201,6.8775
2016-12-02,1272.5,396.9,44.43,497.0,2567,8536,3.475,6.883
2016-12-01,1274.75,397.1,44.56,492.25,2613,8562,3.4703,6.883
2016-11-30,1277.25,402.7,43.7,498.25,2607,8484,3.3827,6.8837
2016-11-29,1287.5,408.6,43.33,498.75,2659,8532,3.3975,6.8933
2016-11-28,1301.0,412.6,43.68,508.0,2643,8528,3.3844,6.9055
2016-11-25,1291.0,407.5,43.65,508.0,2604,8478,3.4208,6.9176
2016-11-23,1279.25,403.0,43.85,509.0,2611,8196,3.393,6.9195
2016-11-22,1275.0,411.8,41.48,508.75,2570,8210,3.354,6.888
2016-11-21,1265.25,406.3,41.64,507.5,2498,8164,3.3511,6.8918
2016-11-18,1238.75,397.0,41.02,503.25,2463,8098,3.3825,6.8873
2016-11-17,1234.5,398.2,40.67,499.5,2472,8116,3.4178,6.875
2016-11-16,1230.75,395.1,41.07,496.25,2463,8100,3.419,6.877
2016-11-15,1234.5,396.7,41.17,499.0,2448,8042,3.4389,6.8556
2016-11-14,1229.25,396.5,40.91,495.0,2467,8100,3.4316,6.8447
2016-11-11,1231.0,394.4,41.4,498.0,2556,8294,3.39,6.809
2016-11-10,1243.0,398.0,41.73,501.25,2494,8168,3.3849,6.7987
2016-11-09,1236.0,398.0,41.27,498.5,2447,8176,3.2157,6.7769
2016-11-08,1256.25,402.3,42.27,512.0,2436,8152,3.168,6.784
2016-11-07,1243.5,398.5,41.75,504.0,2402,8074,3.2005,6.774
2016-11-04,1235.75,395.6,41.67,506.5,2372,8094,3.2322,6.7534
2016-11-03,1234.5,393.0,42.06,505.75,2374,8092,3.241,6.7612
2016-11-02,1231.5,393.3,41.94,504.0,2415,8100,3.2344,6.7544
2016-11-01,1238.25,396.1,41.81,506.75,2461,8172,3.2355,6.763
2016-10-31,1256.75,402.7,42.13,512.5,2483,8174,3.1878,6.7735
2016-10-28,1257.0,404.1,42.37,512.75,2515,8182,3.205,6.776
2016-10-27,1270.0,414.2,42.07,515.25,2502,8230,3.1686,6.7819
2016-10-26,1266.0,405.7,42.68,511.75,2455,8226,3.1394,6.7706
2016-10-25,1247.25,394.8,42.76,507.0,2451,8240,3.1136,6.778
2016-10-24,1247.25,393.9,42.95,506.0,2440,8092,3.1231,6.7728
2016-10-21,1238.25,393.1,42.08,510.25,2421,8052,3.1496,6.7654
2016-10-20,1230.75,391.2,42.01,508.75,2406,8146,3.1418,6.7439
2016-10-19,1236.75,393.0,42.36,515.25,2398,8068,3.1682,6.737
2016-10-18,1227.75,390.0,42.03,511.5,2388,8074,3.1873,6.7401
2016-10-17,1233.5,390.1,42.4,511.75,2375,8040,3.2007,6.735
2016-10-14,1217.75,387.2,41.34,512.0,2337,7774,3.2036,6.7277
2016-10-13,1211.5,388.9,40.34,507.25,2358,7852,3.177,6.7248
2016-10-12,1200.75,383.1,40.3,494.75,2388,7878,3.201,6.718
2016-10-11,1209.5,386.9,40.31,503.25,2412,7870,3.1946,6.719
2016-10-10,1209.75,384.7,40.78,501.0,2400,7780,3.205,6.7048
2016-09-30,1209.25,386.2,40.4,494.5,2419,7756,3.2589,6.6685
2016-09-29,1205.5,385.3,40.3,487.0,2424,7778,3.258,6.665
2016-09-28,1200.75,386.0,39.85,487.0,2393,7794,3.2157,6.673
2016-09-27,1207.75,386.2,40.31,489.5,2412,7860,3.2335,6.6691
2016-09-26,1200.5,384.2,40.31,486.75,2443,7878,3.2392,6.6683
2016-09-23,1210.25,389.4,40.52,494.25,2487,7872,3.2438,6.669
2016-09-22,1231.75,394.1,41.17,494.5,2520,7846,3.2199,6.663
2016-09-21,1230.75,395.3,40.62,497.75,2550,7824,3.2056,6.6695
2016-09-20,1245.0,399.8,41.05,498.25,2527,7804,3.2576,6.67
2016-09-19,1227.75,397.7,40.04,495.0,2523,7656,3.2725,6.665
2016-09-14,1198.0,392.3,38.82,489.5,2452,7614,3.342,6.6707
2016-09-13,1199.25,392.7,38.81,487.75,2504,7686,3.3131,6.6782
2016-09-12,1219.5,398.5,39.6,497.25,2506,7740,3.2452,6.6788
2016-09-09,1235.5,403.1,40.33,498.75,2508,7788,3.272,6.6778
2016-09-08,1232.0,404.2,40.23,496.25,2510,7750,3.2134,6.664
2016-09-07,1230.75,403.3,40.11,491.0,2468,7758,3.1915,6.66
2016-09-06,1215.0,396.7,40.09,486.25,2435,7774,3.194,6.6722
2016-09-02,1207.75,394.0,40.0,486.25,2440,7666,3.2555,6.679
2016-09-01,1199.0,393.2,39.51,481.5,2425,7644,3.2578,6.6713
2016-08-31,1198.25,393.3,39.83,473.25,2439,7702,3.2266,6.6776
2016-08-30,1206.0,395.3,40.1,473.5,2476,7754,3.241,6.6778
2016-08-29,1219.5,401.7,40.18,478.5,2476,7760,3.2293,6.6775
2016-08-26,1222.5,402.1,40.31,482.75,2490,7750,3.2641,6.669
2016-08-25,1230.75,405.4,40.28,489.75,2514,7808,3.2361,6.656
2016-08-24,1260.5,413.5,40.95,494.0,2553,7886,3.2246,6.6562
2016-08-23,1268.75,415.1,41.28,495.0,2567,7832,3.2325,6.6378
2016-08-22,1271.0,417.4,41.27,500.25,2548,7860,3.2005,6.6475
2016-08-19,1259.75,412.1,41.52,501.5,2543,7878,3.2025,6.6515
2016-08-18,1269.75,417.8,41.57,499.75,2591,7892,3.2383,6.6297
2016-08-17,1271.25,419.0,41.4,497.5,2594,7846,3.2032,6.6328
2016-08-16,1262.5,418.9,40.78,495.0,2604,7820,3.2014,6.624
2016-08-15,1264.5,421.3,40.6,494.75,2564,7736,3.1856,6.637
2016-08-12,1237.0,414.4,39.41,490.75,2571,7636,3.1917,6.6324
2016-08-11,1239.25,416.5,39.17,489.5,2556,7672,3.1447,6.6274
2016-08-10,1237.5,416.7,38.95,490.75,2555,7708,3.1266,6.6345
2016-08-09,1243.25,419.9,38.61,490.25,2526,7698,3.1448,6.653
2016-08-08,1240.25,419.0,38.38,492.5,2523,7630,3.1741,6.6597
2016-08-05,1229.75,418.0,37.97,492.0,2481,7630,3.1645,6.653
2016-08-04,1212.0,410.6,37.99,488.75,2439,7640,3.1935,6.6388
2016-08-03,1210.75,413.0,37.77,492.75,2448,7612,3.2367,6.632
2016-08-02,1208.25,413.3,37.5,491.75,2456,7582,3.2568,6.6239
2016-08-01,1216.75,418.2,37.18,492.0,2511,7596,3.2644,6.6421
2016-07-29,1258.25,434.3,37.81,500.5,2510,7530,3.2471,6.6371
2016-07-28,1233.25,427.4,36.94,496.5,2541,7552,3.2884,6.6538
2016-07-27,1241.25,429.8,36.98,500.75,2509,7564,3.2633,6.668
2016-07-26,1229.0,424.9,37.04,497.25,2489,7532,3.2762,6.669
2016-07-25,1221.5,421.1,36.92,499.0,2490,7604,3.2845,6.6783
2016-07-22,1243.5,428.3,37.66,499.5,2544,7712,3.2563,6.676
2016-07-21,1267.75,434.1,38.56,498.5,2569,7778,3.271,6.6735
2016-07-20,1264.25,434.4,38.21,502.0,2615,7716,3.2588,6.676
2016-07-19,1283.0,442.4,38.14,506.25,2666,7694,3.2488,6.6931
2016-07-18,1321.5,457.3,38.43,521.0,2686,7764,3.2522,6.7013
2016-07-15,1312.5,452.9,38.38,516.0,2754,7754,3.2808,6.6865
2016-07-14,1317.5,454.8,38.15,521.5,2837,7760,3.2501,6.6801
2016-07-13,1360.5,471.1,38.2,525.75,2765,7716,3.263,6.6832
2016-07-12,1342.25,462.6,38.28,516.0,2684,7654,3.2945,6.686
2016-07-11,1310.25,454.0,37.71,512.0,2646,7640,3.3085,6.6917
2016-07-08,1313.0,456.9,37.74,518.75,2622,7574,3.2995,6.6878
2016-07-07,1280.0,447.3,37.14,505.5,2715,7608,3.3668,6.679
2016-07-06,1328.5,464.7,37.75,505.25,2804,7810,3.3296,6.69
2016-07-05,1332.5,464.6,38.28,514.5,2881,7974,3.3019,6.677
2016-07-01,1392.75,484.6,38.6,523.75,2952,7844,3.2348,6.6547
2016-06-30,1408.5,487.6,39.03,529.25,2891,7730,3.2126,6.6459
2016-06-29,1367.75,476.7,38.4,541.5,2897,7712,3.2215,6.635
2016-06-28,1375.5,475.5,38.72,552.5,2870,7702,3.3016,6.645
2016-06-27,1360.0,468.1,38.89,553.0,2750,7606,3.3916,6.6481
2016-06-24,1333.75,460.0,38.62,552.75,2733,7604,3.3725,6.615
2016-06-23,1356.75,467.6,39.42,556.25,2766,7628,3.3376,6.574
2016-06-22,1372.0,477.6,39.2,562.0,2736,7602,3.3756,6.575
2016-06-21,1366.0,478.1,38.96,566.0,2764,7610,3.4153,6.5893
2016-06-20,1388.0,487.3,39.26,590.5,2757,7560,3.3934,6.5768
2016-06-17,1403.5,491.9,39.56,606.5,2707,7516,3.4158,6.5849
2016-06-16,1374.5,481.2,38.81,594.25,2771,7584,3.4656,6.5899
2016-06-15,1393.75,488.3,39.64,597.75,2770,7678,3.4726,6.5785
2016-06-14,1404.5,489.1,40.22,605.5,2811,7732,3.4802,6.593
2016-06-13,1414.25,494.0,40.21,599.0,2832,7834,3.4817,6.5823
2016-06-08,1409.75,502.7,40.59,600.25,2649,7798,3.3615,6.56
2016-06-07,1373.25,493.4,39.99,596.75,2628,7796,3.441,6.571
2016-06-06,1370.25,497.3,40.21,596.25,2578,7752,3.4885,6.5611
2016-06-03,1364.0,499.9,39.96,587.25,2532,7688,3.5237,6.5638
2016-06-02,1376.25,503.9,39.96,584.25,2467,7586,3.5916,6.5815
2016-06-01,1331.75,484.7,39.89,582.75,2421,7546,3.5996,6.5748
2016-05-31,1310.5,482.2,39.52,573.75,2458,7576,3.6105,6.5798
2016-05-27,1318.5,488.2,39.18,581.75,2385,7506,3.6105,6.5615
2016-05-26,1311.75,495.2,38.74,577.25,2369,7518,3.581,6.554
2016-05-25,1317.5,492.8,39.04,573.75,2280,7440,3.5833,6.5538
2016-05-24,1286.75,474.5,38.59,566.5,2290,7400,3.5703,6.5552
2016-05-23,1290.5,473.3,38.85,566.75,2378,7414,3.5722,6.5533
2016-05-20,1306.25,478.3,38.97,563.5,2354,7500,3.5195,6.5485
2016-05-19,1303.5,463.7,39.61,559.0,2359,7600,3.5631,6.544
2016-05-18,1307.25,458.3,40.15,568.5,2394,7676,3.567,6.537
2016-05-17,1312.25,454.7,40.48,566.0,2333,7656,3.4873,6.517
2016-05-16,1296.5,446.8,40.49,563.0,2327,7630,3.4988,6.5184
2016-05-13,1297.0,448.6,40.2,559.75,2319,7724,3.5325,6.5285
2016-05-12,1304.0,450.0,40.27,558.0,2328,7916,3.4845,6.514
2016-05-11,1310.25,447.6,41.06,546.5,2208,7958,3.4513,6.491
2016-05-10,1316.0,445.3,41.14,550.0,2158,7804,3.4753,6.515
2016-05-09,1258.5,425.3,40.53,538.0,2160,7826,3.5152,6.514
2016-05-06,1266.75,428.4,40.76,546.5,2152,7762,3.5008,6.497
2016-05-05,1244.25,422.4,39.96,542.75,2201,7808,3.5343,6.5032
2016-05-04,1266.0,430.6,40.17,545.75,2201,7770,3.5462,6.4945
2016-05-03,1262.0,427.4,40.11,548.75,2212,7754,3.5584,6.49
2016-04-29,1261.75,420.4,40.84,560.75,2160,7808,3.4352,6.4738
2016-04-28,1259.5,419.0,40.97,560.25,2129,7836,3.4875,6.4735
2016-04-27,1260.5,413.9,41.57,553.75,2143,7936,3.5262,6.494
2016-04-26,1259.25,412.2,41.91,556.25,2119,7936,3.5288,6.4905
2016-04-25,1241.75,405.1,41.9,550.75,2096,7930,3.5543,6.49
2016-04-22,1228.25,400.2,42.0,544.5,2151,7944,3.5638,6.5004
2016-04-21,1259.5,413.6,42.2,558.75,2156,7988,3.5371,6.481
2016-04-20,1251.0,407.1,42.63,568.75,2093,7896,3.5284,6.4675
2016-04-19,1226.75,393.5,42.77,558.5,2029,7820,3.5326,6.4571
2016-04-18,1195.0,381.3,41.93,554.0,2012,7738,3.6147,6.4717
2016-04-15,1196.25,384.2,41.34,551.0,1986,7786,3.5325,6.473
2016-04-14,1188.25,378.5,41.67,547.0,1987,7776,3.4824,6.481
2016-04-13,1196.0,380.8,41.94,546.0,1954,7766,3.4974,6.4768
2016-04-12,1176.5,373.2,41.67,534.5,1902,7686,3.492,6.4639
2016-04-11,1168.5,368.2,41.88,528.5,1872,7692,3.4912,6.458
2016-04-08,1157.0,361.8,41.92,534.0,1852,7654,3.5886,6.4628
2016-04-07,1144.75,354.9,42.08,533.25,1861,7694,3.689,6.4599
2016-04-06,1148.25,356.0,42.24,529.75,1866,7714,3.6398,6.478
2016-04-05,1145.0,356.8,41.97,528.5,1863,7774,3.6795,6.476
2016-04-01,1158.5,360.4,42.43,525.75,1858,7730,3.5525,6.4776
2016-03-31,1151.0,358.4,42.2,523.25,1860,7628,3.5925,6.448
2016-03-30,1149.25,360.0,41.77,538.75,1876,7638,3.5988,6.4648
2016-03-29,1156.25,361.3,42.03,544.75,1875,7640,3.6379,6.5063
2016-03-28,1149.25,360.2,41.61,542.25,1903,7632,3.627,6.5051
2016-03-24,1150.75,363.4,41.16,541.75,1878,7582,3.6756,6.5124
2016-03-23,1145.5,359.0,41.34,540.25,1887,7676,3.6841,6.5035
2016-03-22,1150.5,359.1,41.91,541.75,1865,7692,3.5806,6.4876
2016-03-21,1142.25,356.9,41.56,541.25,1841,7634,3.6165,6.4812
2016-03-18,1137.75,354.7,41.4,538.75,1840,7650,3.6225,6.4682
2016-03-17,1138.0,355.1,41.39,540.25,1818,7548,3.6258,6.4745
2016-03-16,1134.75,355.8,40.67,540.0,1815,7508,3.7414,6.5189
2016-03-15,1132.25,356.3,40.47,540.25,1829,7506,3.7641,6.511
2016-03-14,1136.0,359.6,40.43,540.5,1834,7558,3.6605,6.4984
2016-03-11,1136.0,361.6,40.11,536.75,1812,7524,3.5811,6.494
2016-03-10,1129.5,360.0,39.6,534.5,1829,7442,3.62,6.507
2016-03-09,1126.0,359.4,39.72,531.25,1838,7378,3.6834,6.5105
2016-03-08,1124.75,360.9,39.12,532.25,1859,7418,3.7541,6.5044
2016-03-07,1122.0,359.2,39.15,530.75,1878,7400,3.7815,6.5155
2016-03-04,1118.75,359.0,38.94,530.0,1835,7346,3.7586,6.5066
2016-03-03,1104.0,353.0,38.59,528.25,1814,7296,3.7976,6.5312
2016-03-02,1101.75,352.6,38.35,528.0,1815,7350,3.8917,6.5499
2016-03-01,1098.25,349.6,38.52,527.5,1802,7356,3.926,6.55
2016-02-29,1101.25,350.6,38.85,528.75,1805,7350,4.0156,6.5525
2016-02-26,1103.75,348.7,39.21,531.25,1836,7340,3.9925,6.539
2016-02-25,1105.75,350.8,38.89,532.25,1842,7360,3.9545,6.532
2016-02-24,1112.5,352.7,39.17,536.25,1857,7386,3.9576,6.529
2016-02-23,1113.25,352.4,38.99,538.5,1893,7430,3.9554,6.5263
2016-02-22,1124.5,354.2,39.72,544.0,1896,7462,3.9458,6.5197
2016-02-19,1121.0,354.1,39.61,541.0,1888,7446,4.0199,6.5202
2016-02-18,1123.0,353.4,40.04,541.5,1885,7474,4.0269,6.5163
2016-02-17,1125.5,353.6,40.2,543.25,1898,7456,3.9836,6.527
2016-02-16,1122.75,355.0,39.82,539.5,1921,7500,4.0708,6.5154
2016-02-05,1111.5,355.2,39.46,542.25,1932,7396,3.902,6.571
2016-02-04,1118.5,357.8,39.47,545.0,1943,7356,3.8882,6.5638
2016-02-03,1120.75,360.3,39.21,547.5,1944,7324,3.8939,6.5765
2016-02-02,1130.25,364.8,39.02,549.0,1946,7314,3.988,6.5795
2016-02-01,1124.75,361.2,38.99,547.75,1934,7282,3.9614,6.5778
2016-01-29,1126.25,362.6,39.11,548.5,1921,7310,3.9973,6.5752
2016-01-28,1111.75,357.1,38.92,542.0,1945,7328,4.0684,6.5744
2016-01-27,1127.0,362.7,39.1,545.75,1938,7308,4.1062,6.5773
2016-01-26,1120.5,360.1,38.97,545.75,1936,7296,4.0521,6.5814
2016-01-25,1124.5,362.7,38.67,546.25,1940,7294,4.0888,6.579
2016-01-22,1120.5,358.7,38.73,546.75,1941,7266,4.093,6.5788
2016-01-21,1122.5,362.4,38.17,543.5,1933,7248,4.156,6.5794
2016-01-20,1118.0,360.0,38.04,545.25,1950,7288,4.0956,6.5781
2016-01-19,1127.5,361.5,38.26,544.25,1958,7280,4.0611,6.5783
2016-01-15,1123.0,360.9,37.88,539.75,1902,7222,4.0464,6.584
2016-01-14,1126.25,364.4,37.98,534.5,1894,7236,3.9981,6.5891
2016-01-13,1124.0,365.7,37.77,534.5,1889,7242,4.0143,6.5743
2016-01-12,1118.5,365.8,37.41,533.25,1879,7240,4.0275,6.57
2016-01-11,1105.25,360.1,37.48,528.25,1890,7288,4.0522,6.5675
2016-01-08,1109.25,358.9,37.87,533.5,1888,7328,4.023,6.5932
2016-01-07,1108.5,357.6,37.85,529.5,1866,7318,4.0433,6.5926
2016-01-06,1108.75,358.9,38.01,529.75,1837,7340,4.0229,6.5554
2016-01-05,1101.25,356.5,38.04,529.5,1833,7362,4.0062,6.5138
2016-01-04,1100.0,354.6,38.35,528.0,1839,7364,4.0387,6.5338
2015-12-31,1108.25,355.7,38.98,535.25,1864,7396,3.9593,6.4921
2015-12-30,1114.25,357.8,39.3,535.5,1860,7380,3.9593,6.4896
2015-12-29,1109.75,360.2,39.0,539.0,1852,7276,3.864,6.4832
2015-12-28,1105.25,359.3,38.67,537.5,1851,7304,3.8571,6.4871
2015-12-24,1117.0,361.1,39.33,541.0,1884,7328,3.9515,6.4758
2015-12-23,1124.75,364.4,38.99,542.0,1895,7302,3.9404,6.4763
2015-12-22,1129.5,368.8,38.92,542.75,1907,7316,3.9884,6.4778
2015-12-21,1135.5,370.9,39.26,548.5,1882,7264,4.0119,6.4793
2015-12-18,1136.75,372.8,39.02,551.0,1838,7204,3.9809,6.48
2015-12-17,1121.75,367.8,38.54,550.75,1833,7236,3.8781,6.4822
2015-12-16,1107.25,362.0,38.83,546.25,1845,7244,3.8833,6.4723
2015-12-15,1111.75,364.1,39.17,553.75,1848,7276,3.8715,6.46
2015-12-14,1120.0,367.8,39.6,555.5,1833,7266,3.8764,6.4588
2015-12-11,1117.75,365.7,39.83,551.75,1813,7246,3.8715,6.4538
2015-12-10,1125.25,365.9,40.26,555.75,1794,7262,3.8111,6.4363
2015-12-09,1123.75,368.7,39.57,550.25,1801,7298,3.7487,6.427
2015-12-08,1123.75,367.1,39.93,550.0,1819,7382,3.7947,6.4162
2015-12-07,1129.25,369.7,39.69,549.5,1856,7432,3.7666,6.4081
2015-12-04,1153.0,376.6,40.52,558.0,1827,7382,3.7506,6.4008
2015-12-03,1144.5,379.1,39.31,553.5,1850,7358,3.7581,6.3972
2015-12-02,1139.25,378.4,39.01,546.75,1873,7378,3.8337,6.3987
2015-12-01,1136.25,378.1,38.52,550.25,1860,7362,3.856,6.3985
2015-11-30,1128.0,377.0,37.86,548.75,1843,7282,3.8675,6.3981
2015-11-27,1120.0,375.5,37.52,543.75,1856,7308,3.8449,6.3945
2015-11-25,1122.25,377.2,37.65,549.25,1813,7224,3.741,6.3877
2015-11-24,1110.75,375.6,37.03,546.0,1782,7150,3.6985,6.3883
2015-11-23,1111.25,377.6,36.63,549.5,1785,7058,3.7315,6.389
2015-11-20,1104.5,374.7,36.62,546.25,1829,6988,3.7037,6.3835
2015-11-19,1107.0,378.4,36.28,546.75,1857,6986,3.7166,6.3825
2015-11-18,1104.75,377.4,36.17,544.75,1870,7010,3.7653,6.3834
2015-11-17,1111.0,380.1,36.22,544.5,1865,7002,3.809,6.3771
2015-11-16,1106.5,380.4,36.04,543.25,1887,6996,3.8192,6.37
2015-11-13,1102.25,380.4,35.79,542.0,1909,7018,3.8441,6.3735
2015-11-12,1110.0,383.0,36.19,545.75,1926,6994,3.7707,6.369
2015-11-11,1107.75,385.6,35.93,546.0,1916,7020,3.7624,6.3672
2015-11-10,1102.5,383.8,36.02,542.75,1913,7056,3.7507,6.3603
2015-11-09,1113.25,386.6,36.52,550.5,1919,7064,3.7988,6.3619
2015-11-06,1114.25,387.3,36.79,556.75,1926,7084,3.7698,6.3528
2015-11-05,1111.0,388.0,36.58,558.25,1956,7154,3.7798,6.3459
2015-11-04,1131.0,393.4,37.25,564.25,1970,7118,3.8001,6.3357
2015-11-03,1126.0,392.9,36.9,564.25,1977,7088,3.7697,6.3357
2015-11-02,1125.75,393.8,36.6,560.25,2005,7090,3.8492,6.3371
2015-10-30,1132.75,396.0,36.95,566.0,2009,7076,3.8562,6.318
2015-10-29,1127.25,393.2,36.63,563.75,2021,7094,3.8494,6.3552
2015-10-28,1129.75,391.5,36.86,559.75,2031,7076,3.9079,6.3588
2015-10-27,1138.0,396.3,36.64,563.75,2015,7074,3.8868,6.3517
2015-10-26,1131.5,393.8,36.53,568.25,2023,7114,3.9045,6.3517
2015-10-23,1143.0,396.7,37.32,563.5,2041,7154,3.8792,6.3488
2015-10-22,1148.0,399.4,37.6,562.0,2065,7168,3.9073,6.3577
2015-10-21,1154.5,402.1,37.93,564.5,2071,7106,3.9399,6.3487
2015-10-20,1145.25,401.1,37.41,560.5,2089,7088,3.9058,6.348
2015-10-19,1140.25,402.4,36.89,556.75,2116,7162,3.8842,6.3591
2015-10-16,1147.5,403.6,37.35,560.5,2138,7168,3.9237,6.3523
2015-10-15,1154.5,405.6,37.33,559.25,2144,7194,3.8028,6.3459
2015-10-14,1159.75,407.4,37.58,562.75,2137,7186,3.8104,6.3462
2015-10-13,1163.25,409.3,37.54,568.25,2108,7154,3.8922,6.3417
2015-10-12,1136.75,401.1,36.93,564.5,2101,7124,3.7624,6.321
2015-10-09,1135.0,399.4,37.09,566.5,2101,7036,3.7651,6.345
2015-10-08,1130.5,395.9,37.11,575.0,2116,7004,3.7832,6.3529
2015-09-30,1141.25,400.6,36.09,571.5,2115,6942,3.9478,6.3556
2015-09-29,1133.5,397.1,36.44,572.75,2101,6930,4.0619,6.3621
2015-09-28,1126.0,395.7,36.12,570.5,2127,6978,4.1068,6.3685
2015-09-25,1138.5,399.8,36.66,572.75,2120,6928,3.9768,6.3737
2015-09-24,1117.25,393.5,35.93,565.25,2119,6854,3.9363,6.3818
2015-09-23,1113.0,393.6,35.29,567.0,2114,6844,4.1775,6.3836
2015-09-22,1111.0,394.9,35.09,564.25,2125,6896,4.0487,6.375
2015-09-21,1123.5,399.8,35.46,568.25,2120,6896,3.9854,6.3676
2015-09-18,1116.5,399.4,35.0,561.0,2159,6932,3.9445,6.3628
2015-09-17,1133.75,403.9,35.62,563.5,2177,6946,3.8976,6.3645
2015-09-16,1136.5,407.0,35.64,569.75,2178,6934,3.8277,6.3694
2015-09-15,1138.25,409.0,35.41,574.25,2183,6992,3.863,6.3685
2015-09-14,1133.5,404.4,35.88,577.25,2160,6950,3.8139,6.3664
2015-09-11,1123.5,400.9,35.6,570.75,2134,6986,3.87,6.3735
2015-09-10,1123.25,398.3,35.92,558.0,2133,6944,3.8491,6.377
2015-09-09,1121.5,399.9,35.65,552.75,2135,6960,3.7778,6.3768
2015-09-08,1128.5,400.2,35.92,552.0,2112,6902,3.8185,6.3657
2015-09-02,1123.25,401.9,35.84,551.25,2124,6900,3.7588,6.3544
2015-09-01,1123.25,399.7,36.3,552.75,2121,6928,3.7016,6.363
2015-08-31,1136.75,402.9,37.0,559.0,2149,6930,3.6187,6.376
2015-08-28,1134.75,404.3,36.92,558.75,2173,6932,3.5808,6.3865
2015-08-27,1128.25,406.6,35.99,558.75,2146,6816,3.5506,6.4038
2015-08-26,1114.25,405.5,35.19,557.0,2143,6830,3.5952,6.4095
2015-08-25,1127.0,408.7,35.9,560.75,2099,6840,3.6172,6.4114
2015-08-24,1123.25,406.8,35.61,564.25,2090,6976,3.5531,6.4029
2015-08-21,1138.75,406.2,36.42,561.0,2134,7108,3.4993,6.3887
2015-08-20,1156.5,410.3,37.03,566.25,2124,7084,3.4559,6.3875
2015-08-19,1142.75,403.2,36.96,562.25,2125,7068,3.4924,6.3956
2015-08-18,1153.5,404.5,37.37,561.0,2172,7120,3.4678,6.3928
2015-08-17,1166.25,406.3,38.12,558.25,2167,7096,3.4797,6.3937
2015-08-14,1165.75,405.8,38.15,559.25,2180,7116,3.4834,6.3908
2015-08-13,1176.25,411.6,38.06,559.0,2211,7170,3.5181,6.3982
2015-08-12,1159.25,403.4,38.17,551.75,2248,7144,3.4804,6.3845
2015-08-11,1220.75,423.7,39.22,571.25,2250,7136,3.4744,6.3232
2015-08-10,1243.75,435.0,39.58,584.75,2200,7054,3.4341,6.2094
2015-08-07,1212.5,424.3,39.21,567.5,2156,6992,3.5057,6.2087
2015-08-06,1192.5,417.9,38.82,564.25,2173,6994,3.5347,6.2096
2015-08-05,1202.5,424.4,38.79,567.0,2168,7022,3.4855,6.2096
2015-08-04,1191.5,417.1,39.03,562.5,2136,6954,3.4702,6.2086
2015-08-03,1184.75,412.6,39.05,560.25,2130,6982,3.4511,6.2087
2015-07-31,1189.5,415.5,39.14,565.0,2147,7050,3.4204,6.2097
2015-07-30,1199.25,419.0,39.47,567.5,2144,7038,3.3705,6.2096
2015-07-29,1192.5,416.8,39.37,562.0,2132,7048,3.3298,6.2089
2015-07-28,1194.0,415.3,39.83,569.25,2121,7002,3.3573,6.2084
2015-07-27,1182.5,412.6,39.23,567.25,2160,7068,3.3635,6.2091
2015-07-24,1214.25,425.0,39.6,586.5,2200,7136,3.3544,6.2095
2015-07-23,1229.75,427.7,40.34,597.5,2224,7166,3.2849,6.2091
2015-07-22,1244.75,434.6,40.47,597.25,2213,7228,3.2228,6.2093
2015-07-21,1254.0,436.4,41.1,601.25,2197,7204,3.171,6.2095
2015-07-20,1248.75,434.3,40.81,599.75,2198,7156,3.1977,6.2095
2015-07-17,1256.0,439.3,40.91,615.0,2256,7180,3.1873,6.2085
2015-07-16,1260.25,441.3,40.55,624.75,2260,7186,3.158,6.2094
2015-07-15,1265.25,441.9,40.77,624.0,2287,7262,3.1385,6.2082
2015-07-14,1274.25,439.9,41.56,622.75,2284,7248,3.1389,6.2088
2015-07-13,1277.75,439.6,41.95,635.25,2234,7198,3.1335,6.2081
2015-07-10,1271.5,439.2,41.6,629.25,2213,7182,3.1583,6.2092
2015-07-09,1265.0,438.9,41.52,623.25,2128,6996,3.2188,6.2078
2015-07-08,1237.5,428.4,40.8,619.0,2139,7074,3.2335,6.2087
2015-07-07,1235.0,427.3,40.55,617.75,2219,7244,3.1863,6.2097
2015-07-06,1264.0,431.9,41.87,621.0,2206,7278,3.1387,6.2089
2015-07-02,1279.5,435.5,42.67,623.0,2184,7342,3.0952,6.2044
2015-07-01,1278.75,437.3,42.24,617.0,2141,7370,3.1485,6.2008
2015-06-30,1286.5,437.0,42.82,616.5,2073,7276,3.102,6.2
2015-06-29,1229.25,417.8,42.16,586.5,2114,7370,3.1175,6.2085
2015-06-26,1235.25,418.0,42.4,587.0,2104,7408,3.1289,6.208
2015-06-25,1227.0,413.8,42.6,577.25,2072,7446,3.1269,6.2084
2015-06-24,1205.25,406.0,42.45,566.0,2078,7402,3.0968,6.2061
2015-06-23,1210.0,409.9,41.95,566.5,2098,7420,3.0748,6.2066
2015-06-19,1189.0,398.1,41.71,553.25,2028,7378,3.0963,6.2085
2015-06-18,1191.5,400.4,41.38,558.0,2015,7444,3.0593,6.2075
2015-06-17,1189.0,396.7,42.04,559.75,2007,7462,3.0564,6.2086
2015-06-16,1176.75,393.5,42.06,554.25,1959,7412,3.0874,6.2085
2015-06-15,1153.5,385.9,41.77,547.25,1968,7378,3.1296,6.208
2015-06-12,1153.5,390.1,42.12,552.0,2010,7398,3.117,6.2081
2015-06-11,1158.0,386.1,42.27,555.5,2059,7456,3.0893,6.2065
2015-06-10,1167.5,387.1,42.85,556.25,2061,7436,3.1172,6.2055
2015-06-09,1169.5,389.2,42.91,564.0,2061,7442,3.096,6.2047
2015-06-08,1162.25,382.2,43.08,564.25,2054,7504,3.1124,6.2053
2015-06-05,1155.75,377.6,43.76,559.5,2066,7492,3.1433,6.2024
2015-06-04,1164.5,378.4,43.51,562.5,2058,7522,3.1403,6.2006
2015-06-03,1153.25,375.4,43.71,558.0,2066,7582,3.1336,6.1976
2015-06-02,1158.75,374.5,43.15,558.0,2036,7614,3.1296,6.198
2015-06-01,1144.0,369.3,43.49,551.25,2034,7536,3.1703,6.1985
2015-05-29,1152.0,378.4,42.31,550.5,2052,7452,3.1788,6.198
2015-05-28,1144.0,377.5,41.04,552.5,2056,7460,3.1621,6.2002
2015-05-27,1145.0,380.8,40.71,548.5,2035,7472,3.1394,6.2011
2015-05-26,1140.5,374.6,41.12,554.0,2040,7450,3.153,6.2038
2015-05-22,1142.25,376.9,40.62,559.0,2079,7418,3.0934,6.1972
2015-05-21,1156.5,376.8,41.23,564.0,2092,7402,3.0376,6.1958
2015-05-20,1159.25,377.2,41.18,559.0,2115,7380,3.0017,6.2036
2015-05-19,1164.25,379.8,41.16,561.0,2173,7506,3.0391,6.2064
2015-05-18,1172.5,380.7,41.76,567.0,2164,7540,3.0062,6.2041
2015-05-15,1171.25,376.0,42.05,564.5,2175,7586,2.9957,6.2051
2015-05-14,1175.0,374.9,42.32,567.0,2174,7562,2.993,6.2013
2015-05-13,1175.25,375.1,42.22,561.25,2186,7616,3.0389,6.2043
2015-05-12,1173.5,376.1,41.95,560.0,2204,7608,3.0193,6.2086
2015-05-11,1192.0,382.9,42.17,559.5,2231,7580,3.06,6.2086
2015-05-08,1194.25,386.1,41.94,562.0,2235,7542,2.972,6.2084
2015-05-07,1193.0,387.1,41.47,560.5,2251,7604,3.0245,6.2063
2015-05-06,1200.5,386.9,41.9,565.75,2241,7630,3.0321,6.2001
2015-05-05,1202.75,387.9,42.03,561.75,2236,7572,3.0525,6.2058
2015-05-04,1194.25,385.7,41.61,560.25,2230,7468,3.0855,6.2085
2015-04-30,1194.0,388.8,40.63,565.25,2260,7384,3.014,6.2018
2015-04-29,1206.0,395.1,40.62,566.75,2260,7366,2.9597,6.1989
2015-04-28,1195.25,390.2,40.36,563.5,2260,7400,2.936,6.2035
2015-04-27,1191.0,386.7,40.82,563.75,2233,7370,2.916,6.2185
2015-04-24,1188.75,386.0,40.84,568.75,2236,7402,2.9511,6.193
2015-04-23,1198.0,387.7,41.2,575.75,2215,7370,2.9697,6.1965
2015-04-22,1189.75,386.5,40.73,578.5,2212,7362,3.0098,6.1935
2015-04-21,1194.75,387.6,41.0,579.0,2219,7358,3.0335,6.2005
2015-04-20,1197.5,390.7,40.77,583.75,2213,7308,3.032,6.2005
2015-04-17,1189.5,387.4,40.71,585.75,2201,7278,3.0404,6.1976
2015-04-16,1187.0,384.9,40.95,582.25,2204,7290,3.0217,6.1947
2015-04-15,1185.75,383.9,40.99,582.0,2210,7226,3.0283,6.2037
2015-04-14,1181.0,386.2,40.46,580.0,2189,7142,3.0623,6.2113
2015-04-13,1169.5,381.8,40.2,577.0,2189,7128,3.1205,6.2152
2015-04-10,1172.25,382.2,40.25,583.5,2196,7070,3.0745,6.208
2015-04-09,1174.25,385.1,40.0,584.5,2231,7078,3.0585,6.205
2015-04-08,1192.25,392.9,40.11,585.75,2260,7118,3.0487,6.202
2015-04-07,1191.75,392.7,40.19,589.5,2271,7144,3.1275,6.1955
2015-04-03,1206.75,400.3,40.2,593.0,2283,7086,3.12,6.193
2015-04-02,1206.75,400.3,40.2,593.0,2302,7086,3.1193,6.1968
2015-04-01,1210.5,404.9,39.85,588.25,2288,7064,3.1647,6.1976
2015-03-31,1194.0,399.8,39.55,582.75,2251,7072,3.1947,6.199
2015-03-30,1188.5,396.2,39.65,601.0,2267,7092,3.2292,6.2065
2015-03-27,1188.0,394.4,39.76,597.5,2274,7146,3.2488,6.2145
2015-03-26,1195.25,395.4,40.33,597.75,2292,7160,3.1822,6.2103
2015-03-25,1199.5,397.5,40.2,601.5,2305,7164,3.2002,6.2116
2015-03-24,1202.5,399.3,40.27,599.75,2309,7184,3.1394,6.2046
2015-03-23,1204.25,400.3,40.31,596.75,2295,7136,3.1319,6.2135
2015-03-20,1194.5,397.0,39.84,591.5,2265,7122,3.2279,6.2037
2015-03-19,1182.5,392.3,39.78,580.0,2271,7134,3.2915,6.1955
2015-03-18,1185.75,393.8,39.79,581.25,2265,7058,3.2084,6.2289
2015-03-17,1175.25,390.5,39.2,577.5,2291,7086,3.2392,6.249
2015-03-16,1190.0,396.7,39.55,585.5,2286,7086,3.2485,6.262
2015-03-13,1194.75,400.0,39.65,587.0,2320,7160,3.2479,6.2585
2015-03-12,1211.25,404.6,40.03,595.0,2332,7172,3.1647,6.2614
2015-03-11,1213.5,406.3,40.26,597.5,2303,7162,3.1251,6.2613
2015-03-10,1205.25,404.0,40.12,594.5,2292,7192,3.1016,6.2615
2015-03-09,1214.0,407.1,40.16,595.25,2279,7206,3.1215,6.2635
2015-03-06,1205.75,400.7,40.44,592.5,2280,7234,3.0605,6.262
2015-03-05,1206.25,398.2,40.73,597.0,2283,7304,3.0024,6.2658
2015-03-04,1214.75,400.1,41.37,596.0,2310,7400,2.9755,6.2701
2015-03-03,1233.0,405.8,42.13,597.5,2330,7426,2.9303,6.2741
2015-03-02,1234.5,406.5,41.99,594.5,2358,7446,2.896,6.272
2015-02-27,1252.5,415.4,42.11,599.75,2343,7340,2.838,6.2695
2015-02-26,1247.25,417.1,41.2,595.0,2303,7278,2.908,6.2584
2015-02-25,1231.5,412.8,41.07,590.25,2298,7234,2.8745,6.2591
2015-02-17,1232.5,408.2,41.68,604.25,2254,7298,2.829,6.2546
2015-02-13,1215.5,399.0,41.75,602.0,2223,7268,2.8333,6.2399
2015-02-12,1207.5,396.7,41.36,597.75,2195,7208,2.8205,6.244
2015-02-11,1201.5,395.2,41.1,600.5,2194,7218,2.8688,6.2422
2015-02-10,1192.75,392.5,40.8,602.75,2197,7234,2.8338,6.2405
2015-02-09,1202.25,395.2,41.36,606.0,2180,7236,2.7685,6.2467
2015-02-06,1197.25,395.0,41.17,600.5,2181,7246,2.7815,6.2435
2015-02-05,1205.0,397.0,41.06,600.0,2168,7174,2.7446,6.2516
2015-02-04,1195.75,398.3,39.94,598.25,2175,7200,2.7416,6.2472
2015-02-03,1210.75,406.2,40.15,600.5,2136,7158,2.694,6.2573
2015-02-02,1183.25,393.5,39.76,584.5,2125,7108,2.7261,6.2594
2015-01-30,1184.75,395.5,39.35,584.75,2146,7086,2.6814,6.2495
2015-01-29,1192.0,403.5,38.89,586.25,2139,7166,2.6027,6.2463
2015-01-28,1194.0,403.0,39.69,588.0,2142,7212,2.5757,6.2475
2015-01-27,1197.5,402.2,40.52,596.0,2149,7240,2.5722,6.243
2015-01-26,1207.25,404.5,40.43,598.75,2133,7256,2.5832,6.2535
2015-01-23,1196.5,397.1,40.95,601.5,2133,7296,2.5785,6.2279
2015-01-22,1200.5,395.7,41.32,598.5,2154,7346,2.5735,6.2085
2015-01-21,1207.25,396.1,41.76,602.75,2136,7346,2.6,6.2112
2015-01-20,1205.75,392.1,42.19,605.0,2116,7316,2.6133,6.2137
2015-01-16,1215.5,391.8,42.74,601.75,2174,7354,2.6204,6.2065
2015-01-15,1214.75,392.3,42.34,594.75,2186,7348,2.641,6.187
2015-01-14,1233.0,401.1,42.17,595.75,2204,7360,2.6159,6.1957
2015-01-13,1227.75,399.2,41.89,600.5,2251,7410,2.6425,6.197
2015-01-12,1239.75,406.8,41.95,616.75,2291,7476,2.6733,6.2027
2015-01-09,1276.0,414.7,43.03,615.0,2296,7478,2.6299,6.2085
2015-01-08,1272.0,412.8,43.11,609.0,2315,7472,2.662,6.2143
2015-01-07,1280.0,419.6,42.51,611.0,2317,7430,2.683,6.2127
2015-01-06,1279.5,420.7,42.22,619.75,2302,7414,2.6996,6.2125
2015-01-05,1269.0,419.6,42.22,620.75,2270,7380,2.7059,6.2201
2014-12-31,1247.25,413.2,41.49,611.75,2338,7458,2.657,6.2046
2014-12-30,1267.75,419.3,42.42,621.25,2349,7460,2.657,6.2015
2014-12-29,1272.5,423.9,42.28,627.5,2350,7420,2.7019,6.2217
2014-12-26,1277.75,427.4,41.94,629.5,2306,7346,2.6675,6.2114
2014-12-24,1259.0,421.3,41.4,622.5,2293,7344,2.695,6.2148
2014-12-23,1269.5,423.9,41.71,628.75,2318,7356,2.6937,6.2256
2014-12-22,1269.5,422.8,41.52,626.5,2319,7362,2.664,6.2213
2014-12-19,1262.25,417.6,41.51,625.25,2337,7320,2.6593,6.2196
2014-12-18,1267.0,419.5,41.43,625.75,2332,7360,2.6623,6.214
2014-12-17,1259.0,415.3,41.32,623.0,2326,7346,2.7145,6.1965
2014-12-16,1255.0,414.1,41.34,620.75,2371,7368,2.7382,6.189
2014-12-15,1269.75,419.5,41.81,623.25,2404,7428,2.6952,6.19
2014-12-12,1277.5,421.9,41.92,622.25,2403,7426,2.6541,6.1864
2014-12-11,1272.5,423.8,41.59,613.25,2387,7420,2.6494,6.1881
2014-12-10,1262.25,421.7,41.32,608.5,2399,7478,2.615,6.1763
2014-12-09,1279.5,427.3,41.56,610.0,2332,7418,2.5928,6.1855
2014-12-08,1274.0,422.1,41.42,605.0,2326,7488,2.5996,6.1725
2014-12-05,1266.25,418.4,41.65,609.75,2282,7416,2.5892,6.1497
2014-12-04,1240.75,409.8,41.27,604.5,2287,7412,2.5907,6.1541
2014-12-03,1228.5,405.8,41.51,596.75,2276,7334,2.5515,6.1499
2014-12-02,1226.0,409.9,40.85,596.0,2318,7398,2.5669,6.149
2014-12-01,1247.25,414.0,41.93,604.5,2294,7310,2.5589,6.1515
2014-11-28,1246.25,418.3,41.86,603.5,2346,7532,2.5651,6.1429
2014-11-26,1277.25,428.7,43.18,606.25,2327,7634,2.5009,6.1386
2014-11-25,1281.25,426.8,43.16,602.0,2313,7636,2.5296,6.1355
2014-11-24,1264.0,414.6,42.93,595.0,2326,7618,2.5453,6.1412
2014-11-21,1269.25,419.2,42.37,600.0,2315,7574,2.5152,6.1244
2014-11-20,1250.75,411.3,42.35,601.0,2302,7578,2.5718,6.123
2014-11-19,1235.0,408.1,42.21,590.75,2316,7604,2.5715,6.119
2014-11-18,1253.5,415.6,42.36,599.75,2350,7586,2.582,6.1208
2014-11-17,1266.5,422.7,42.18,605.25,2372,7630,2.6077,6.1242
2014-11-14,1252.75,417.0,41.91,609.0,2402,7630,2.6005,6.129
2014-11-13,1283.75,430.6,41.8,613.5,2438,7646,2.5887,6.1243
2014-11-12,1278.0,432.1,41.95,605.0,2457,7728,2.5657,6.1257
2014-11-11,1294.25,437.7,42.6,601.0,2389,7638,2.5565,6.124
2014-11-10,1256.0,418.0,42.09,596.5,2415,7664,2.552,6.119
2014-11-07,1267.0,427.5,42.13,594.75,2412,7630,2.558,6.1225
2014-11-06,1258.25,428.8,42.26,598.5,2361,7584,2.5692,6.1117
2014-11-05,1249.5,412.4,42.45,597.5,2356,7608,2.5036,6.1135
2014-11-04,1240.0,409.6,42.8,591.75,2383,7724,2.4959,6.115
2014-11-03,1260.0,409.8,43.76,600.75,2455,7830,2.4962,6.1178
2014-10-31,1279.5,426.1,44.53,604.0,2457,7784,2.4779,6.1124
2014-10-30,1260.0,417.1,44.04,601.25,2475,7790,2.4033,6.114
2014-10-29,1279.25,434.3,43.91,602.5,2428,7632,2.4609,6.1107
2014-10-28,1245.25,412.2,42.52,591.75,2427,7562,2.4606,6.113
2014-10-27,1243.0,413.9,41.96,590.25,2354,7562,2.5218,6.116
2014-10-24,1214.5,387.3,42.12,580.25,2383,7648,2.4733,6.1168
2014-10-23,1230.25,389.5,42.4,587.0,2309,7598,2.4975,6.119
2014-10-22,1199.75,375.1,41.87,580.25,2333,7538,2.486,6.118
2014-10-21,1201.25,380.0,41.49,583.25,2313,7522,2.4802,6.1205
2014-10-20,1181.25,366.5,41.43,575.5,2283,7530,2.4646,6.1233
2014-10-17,1188.75,367.6,41.75,575.25,2312,7642,2.4348,6.1238
2014-10-16,1203.5,371.7,42.09,579.5,2290,7676,2.4715,6.123
2014-10-15,1189.5,364.4,41.71,574.75,2295,7752,2.458,6.1249
2014-10-14,1201.75,361.1,42.6,584.25,2278,7784,2.3995,6.125
2014-10-13,1182.25,355.0,42.77,573.25,2222,7716,2.394,6.125
2014-10-10,1159.5,348.1,42.17,561.25,2220,7724,2.4287,6.1308
2014-10-09,1179.0,350.6,42.74,572.0,2235,7754,2.398,6.1299
2014-10-08,1172.0,346.9,42.75,570.5,2220,7738,2.3765,6.1385
2014-09-30,1150.25,336.0,42.1,548.0,2180,7728,2.4449,6.138
2014-09-29,1160.5,341.0,42.68,553.0,2162,7644,2.4466,6.1495
2014-09-26,1147.25,338.2,41.72,550.25,2179,7694,2.4198,6.1266
2014-09-25,1159.75,341.0,42.43,553.25,2229,7766,2.4277,6.1355
2014-09-24,1173.75,345.1,42.45,556.75,2241,7680,2.3828,6.1346
2014-09-23,1173.25,346.0,42.05,552.75,2248,7644,2.4113,6.1368
2014-09-22,1175.25,347.6,41.85,557.5,2250,7648,2.3979,6.14
2014-09-19,1194.0,352.5,42.31,558.75,2332,7778,2.3679,6.1403
2014-09-18,1208.5,357.4,42.6,565.5,2386,7880,2.3641,6.14
2014-09-17,1219.5,361.3,43.28,569.0,2387,7864,2.3581,6.1385
2014-09-16,1217.75,363.2,42.73,571.0,2389,7904,2.3317,6.1459
2014-09-15,1226.5,364.1,43.2,570.25,2366,7820,2.3422,6.1415
2014-09-12,1222.25,365.0,42.5,565.75,2367,7748,2.339,6.1344
2014-09-11,1218.5,366.3,41.44,568.25,2360,7692,2.2977,6.1295
2014-09-10,1230.75,374.3,41.56,573.0,2361,7712,2.2883,6.1284
2014-09-09,1229.75,375.8,41.45,571.5,2402,7808,2.286,6.1362
2014-09-05,1258.5,386.2,42.21,583.25,2416,7838,2.2403,6.14
2014-09-04,1240.25,378.6,41.94,573.75,2467,7828,2.2426,6.1383
2014-09-03,1257.0,387.5,41.68,579.25,2512,7858,2.2367,6.1408
2014-09-02,1269.0,397.1,41.85,591.0,2509,7852,2.243,6.148
2014-08-29,1261.25,387.8,41.87,592.0,2506,7876,2.2355,6.143
2014-08-28,1265.75,385.7,42.52,596.5,2499,7872,2.2405,6.1423
2014-08-27,1260.75,381.3,42.54,592.25,2513,7894,2.2466,6.143
2014-08-26,1265.0,380.6,42.9,592.25,2497,7814,2.261,6.1522
2014-08-25,1266.25,380.8,42.69,594.75,2537,7758,2.2875,6.154
2014-08-22,1279.0,389.8,42.33,598.75,2545,7836,2.277,6.151
2014-08-21,1275.25,383.6,42.84,596.25,2531,7828,2.268,6.151
2014-08-20,1275.0,381.3,42.95,594.75,2556,7788,2.2617,6.1395
2014-08-19,1289.75,389.8,42.74,599.5,2561,7816,2.2462,6.1408
2014-08-18,1294.75,392.2,43.06,598.75,2543,7800,2.2575,6.1425
2014-08-15,1289.0,390.6,42.94,604.25,2544,7886,2.2593,6.147
2014-08-14,1293.0,388.2,43.59,600.75,2535,7962,2.2661,6.152
2014-08-13,1283.75,379.2,44.05,597.0,2581,8138,2.2795,6.1531
2014-08-12,1296.5,380.6,44.71,596.25,2589,8138,2.2765,6.1575
2014-08-11,1310.25,386.1,44.94,595.5,2632,8216,2.275,6.1528
2014-08-08,1321.75,387.7,45.6,590.75,2613,8210,2.2805,6.1557
2014-08-07,1315.0,384.6,45.78,598.5,2610,8222,2.2949,6.1618
2014-08-06,1317.0,385.3,45.93,601.5,2582,8200,2.273,6.1625
2014-08-05,1302.75,380.7,45.6,594.5,2580,8222,2.2815,6.1705
2014-08-04,1316.5,384.9,46.13,596.5,2559,8200,2.258,6.178
2014-08-01,1295.5,379.5,45.44,589.5,2560,8242,2.2572,6.1793
2014-07-31,1319.0,385.9,46.13,594.25,2580,8266,2.2634,6.1737
2014-07-30,1318.25,385.7,46.12,598.75,2590,8250,2.2452,6.1712
2014-07-29,1332.0,391.4,46.26,598.25,2611,8278,2.2303,6.18
2014-07-28,1344.75,394.4,46.51,604.0,2575,8232,2.222,6.187
2014-07-25,1320.5,387.3,45.98,599.0,2541,8218,2.2285,6.1913
2014-07-24,1321.75,387.1,46.08,596.75,2540,8220,2.222,6.1944
2014-07-23,1313.5,384.4,46.08,598.0,2503,8200,2.2175,6.1982
2014-07-22,1294.75,378.8,45.76,595.5,2525,8218,2.2129,6.2025
2014-07-21,1308.5,383.9,45.99,599.25,2533,8252,2.219,6.2088
2014-07-18,1322.25,388.9,46.45,605.75,2578,8264,2.2245,6.2075
2014-07-17,1331.0,394.6,46.12,614.5,2594,8292,2.2575,6.2033
2014-07-16,1339.0,393.9,46.72,614.0,2579,8280,2.2236,6.2035
2014-07-15,1323.25,384.3,46.84,609.0,2561,8284,2.2196,6.2075
2014-07-14,1323.25,385.8,46.83,615.5,2533,8302,2.2104,6.2059
2014-07-11,1312.0,382.1,46.69,612.0,2539,8378,2.2205,6.2034
2014-07-10,1330.0,386.9,47.33,620.0,2575,8390,2.2191,6.2023
2014-07-09,1340.75,392.3,47.03,625.25,2593,8410,2.212,6.1994
2014-07-08,1353.25,394.4,47.7,631.5,2628,8494,2.212,6.201
2014-07-07,1362.5,395.8,48.24,633.5,2627,8504,2.2237,6.2036
2014-07-03,1370.5,397.3,48.5,642.5,2685,8578,2.2098,6.2115
2014-07-02,1378.5,400.2,48.51,645.25,2672,8598,2.2245,6.2101
2014-07-01,1384.5,399.2,48.96,650.0,2704,8578,2.2013,6.1995
2014-06-30,1394.25,404.5,48.88,652.5,2844,8764,2.2137,6.2036
2014-06-27,1465.0,430.1,50.12,674.5,2899,8828,2.1934,6.218
2014-06-26,1481.25,434.2,50.59,670.5,2873,8852,2.1964,6.2235
2014-06-25,1466.0,427.7,50.56,667.25,2873,8862,2.2076,6.2343
2014-06-24,1461.5,424.2,50.9,668.0,2879,8856,2.2242,6.2308
2014-06-23,1470.75,431.7,50.39,669.75,2900,8798,2.2175,6.225
2014-06-20,1468.5,436.0,49.77,679.25,2866,8698,2.2285,6.224
2014-06-19,1464.25,432.3,50.22,674.75,2848,8670,2.222,6.2287
2014-06-18,1450.0,427.5,49.87,666.75,2821,8656,2.227,6.2309
2014-06-17,1449.0,427.1,49.58,666.75,2849,8638,2.2617,6.2263
2014-06-16,1454.0,429.8,49.34,669.25,2854,8686,2.2333,6.225
2014-06-13,1458.25,433.8,49.39,674.75,2820,8634,2.2237,6.209
2014-06-12,1449.25,435.1,48.44,671.0,2835,8594,2.2295,6.2175
2014-06-11,1457.75,448.2,48.28,669.0,2822,8632,2.2325,6.2277
2014-06-10,1466.5,450.4,48.8,673.5,2823,8680,2.2215,6.224
2014-06-09,1461.25,448.1,49.14,679.0,2827,8694,2.227,6.2397
2014-06-06,1455.75,453.5,48.87,687.0,2796,8664,2.2465,6.2498
2014-06-05,1447.5,456.5,48.55,677.0,2855,8714,2.2616,6.2548
2014-06-04,1469.5,462.4,49.11,684.25,2873,8652,2.2776,6.2494
2014-06-03,1468.25,465.5,48.21,686.25,2909,8626,2.2795,6.2536
2014-05-30,1480.25,466.1,48.36,693.75,2914,8710,2.2403,6.2471
2014-05-29,1486.0,464.3,49.27,697.5,2892,8744,2.2245,6.2375
2014-05-28,1484.75,464.4,49.49,700.5,2860,8726,2.2321,6.2535
2014-05-27,1475.75,460.1,49.8,697.75,2865,8742,2.237,6.2471
2014-05-23,1502.5,468.5,50.24,706.0,2904,8772,2.2226,6.2363
2014-05-22,1505.75,467.4,50.72,704.75,2882,8738,2.2148,6.2348
2014-05-21,1492.25,464.0,50.33,702.5,2804,8676,2.2065,6.2335
2014-05-20,1456.75,452.6,49.93,701.5,2804,8722,2.2155,6.2377
2014-05-19,1472.25,456.4,50.28,705.25,2766,8736,2.2055,6.2372
2014-05-16,1452.0,446.1,50.61,711.5,2751,8782,2.2138,6.2332
2014-05-15,1457.25,447.3,50.9,712.25,2755,8836,2.2201,6.2304
2014-05-14,1473.75,452.4,51.24,723.5,2728,8830,2.2015,6.2287
2014-05-13,1470.75,450.6,51.07,730.75,2682,8782,2.2143,6.2286
2014-05-12,1452.25,444.1,50.84,727.5,2693,8764,2.2135,6.2373
2014-05-09,1474.0,453.2,51.04,735.5,2679,8748,2.2123,6.2273
2014-05-08,1456.5,446.6,50.98,744.5,2665,8726,2.214,6.2278
2014-05-07,1433.25,440.8,50.69,742.0,2657,8768,2.216,6.2341
2014-05-06,1446.5,443.4,50.97,745.5,2667,8770,2.2289,6.2255
2014-05-05,1450.25,444.6,51.03,736.0,2678,8812,2.2429,6.2453
2014-04-30,1499.75,459.6,51.97,747.0,2735,8932,2.232,6.2591
2014-04-29,1504.25,457.1,52.81,749.5,2713,8934,2.2356,6.2578
2014-04-28,1487.0,450.7,52.69,741.75,2722,8968,2.223,6.252
2014-04-25,1481.25,447.3,53.01,740.75,2641,8922,2.2435,6.2534
2014-04-24,1457.0,436.6,52.72,735.25,2613,8892,2.213,6.2484
2014-04-23,1451.75,434.9,52.64,737.5,2615,8898,2.2205,6.2374
2014-04-22,1457.75,436.2,52.84,730.0,2622,8928,2.2372,6.2373
2014-04-21,1474.25,442.0,53.12,721.75,2632,8942,2.236,6.2269
2014-04-17,1489.25,443.9,53.52,728.5,2624,9014,2.2373,6.2188
2014-04-16,1495.75,445.7,53.79,731.5,2585,8940,2.243,6.2204
2014-04-15,1474.5,440.3,52.91,737.75,2552,8906,2.2324,6.2215
2014-04-14,1450.5,434.5,52.32,737.25,2542,8930,2.213,6.2186
2014-04-11,1437.25,428.3,52.12,732.5,2536,8920,2.2172,6.2111
2014-04-10,1456.5,434.9,52.54,735.25,2565,9022,2.206,6.2123
2014-04-09,1469.5,437.5,52.95,736.25,2584,9010,2.1854,6.2003
2014-04-08,1456.75,433.5,52.15,741.0,2557,8964,2.2009,6.1966
2014-04-04,1448.0,434.5,51.61,735.75,2573,8988,2.2354,6.2118
2014-04-03,1449.5,435.5,51.71,734.0,2557,8928,2.2788,6.2102
2014-04-02,1436.5,431.9,50.89,729.75,2589,9030,2.2685,6.2054
2014-04-01,1458.75,438.1,51.44,741.5,2559,8852,2.2603,6.2064
2014-03-31,1438.25,434.7,50.46,736.0,2457,8872,2.2714,6.2164
2014-03-28,1410.75,423.8,50.52,726.0,2448,8866,2.2609,6.2117
2014-03-27,1410.75,425.9,50.47,726.0,2470,8870,2.2583,6.2123
2014-03-26,1414.25,424.5,50.77,718.5,2445,8852,2.3037,6.2084
2014-03-25,1402.25,419.1,50.78,720.5,2451,8802,2.3108,6.201
2014-03-24,1399.75,417.4,50.88,724.0,2395,8798,2.322,6.1956
2014-03-21,1383.0,411.3,51.06,713.0,2394,8798,2.3237,6.2248
2014-03-20,1408.0,421.9,51.35,712.5,2397,8840,2.3269,6.2273
2014-03-19,1405.5,417.4,52.14,721.75,2344,8940,2.3473,6.1934
2014-03-18,1392.5,411.2,52.31,720.25,2286,8936,2.334,6.1918
2014-03-17,1366.0,402.0,51.93,713.0,2275,8970,2.3485,6.1779
2014-03-14,1362.75,399.4,52.33,720.0,2307,9010,2.346,6.15
2014-03-13,1370.5,397.3,53.03,719.0,2320,9094,2.3636,6.1359
2014-03-12,1361.25,391.9,53.46,722.5,2350,9104,2.3523,6.1448
2014-03-11,1387.25,399.6,53.79,717.25,2342,9100,2.3639,6.1397
2014-03-10,1393.0,400.1,53.9,712.25,2362,9046,2.3491,6.1383
2014-03-07,1432.0,413.2,54.36,723.0,2399,9120,2.3403,6.1258
2014-03-06,1412.25,406.3,54.53,725.0,2393,9022,2.3225,6.1183
2014-03-05,1394.75,405.0,53.44,716.0,2390,9008,2.3178,6.128
2014-03-04,1397.25,405.1,53.75,718.25,2391,8924,2.3406,6.143
2014-03-03,1383.5,405.9,52.42,704.5,2419,8896,2.3438,6.146
2014-02-28,1388.25,413.1,51.83,697.5,2398,8798,2.3381,6.1448
2014-02-27,1364.25,407.0,51.19,688.5,2420,8880,2.3217,6.1279
2014-02-26,1371.25,409.1,51.5,695.0,2429,8796,2.3495,6.1243
2014-02-25,1361.5,409.1,50.89,695.25,2447,8838,2.3408,6.1243
2014-02-24,1349.25,404.1,51.07,691.75,2464,8846,2.339,6.0982
2014-02-21,1334.5,395.6,51.27,693.0,2461,8840,2.3453,6.0912
2014-02-20,1322.0,392.4,50.86,696.25,2484,8834,2.3701,6.0832
2014-02-19,1316.25,391.9,50.56,694.25,2493,8872,2.3937,6.0762
2014-02-18,1322.0,393.5,50.7,689.5,2477,8788,2.395,6.0671
2014-02-14,1298.5,386.6,49.49,685.25,2498,8786,2.3888,6.0666
2014-02-13,1305.25,389.4,49.88,680.5,2469,8728,2.3933,6.0631
2014-02-12,1284.0,380.1,49.33,680.0,2480,8684,2.425,6.0614
2014-02-11,1295.75,385.8,49.19,681.5,2445,8682,2.4,6.0601
2014-02-10,1286.5,380.6,49.07,683.0,2466,8710,2.408,6.0591
2014-02-07,1292.5,383.0,48.9,684.25,2449,8638,2.3797,6.0629
2014-01-30,1236.0,361.8,47.41,673.5,2354,8446,2.4113,6.06
2014-01-29,1230.25,359.9,47.44,667.5,2365,8516,2.4347,6.0554
2014-01-28,1246.5,365.2,47.74,672.0,2371,8520,2.4258,6.0506
2014-01-27,1248.75,367.5,47.4,671.75,2375,8602,2.4205,6.0478
2014-01-24,1245.75,362.3,47.88,669.5,2353,8682,2.3977,6.0486
2014-01-23,1238.0,355.3,48.2,669.0,2365,8710,2.3956,6.0515
2014-01-22,1240.5,356.0,48.18,666.25,2363,8712,2.3723,6.0508
2014-01-21,1241.5,353.1,48.44,665.0,2425,8726,2.3573,6.0503
2014-01-17,1277.5,371.1,48.08,664.0,2438,8662,2.3423,6.05
2014-01-16,1276.0,368.6,48.39,668.0,2439,8680,2.3633,6.0555
2014-01-15,1279.0,371.1,48.33,665.75,2423,8670,2.3603,6.0459
2014-01-14,1268.0,366.7,48.1,671.5,2385,8690,2.3501,6.0402
2014-01-13,1255.25,358.5,48.18,674.5,2354,8692,2.3595,6.0432
2014-01-10,1239.5,350.2,48.57,672.75,2375,8712,2.3582,6.0519
2014-01-09,1234.75,350.9,48.3,652.0,2381,8684,2.3902,6.054
2014-01-08,1230.25,349.1,48.02,657.0,2351,8656,2.3964,6.051
2014-01-07,1237.0,352.4,48.27,666.0,2371,8682,2.372,6.0507
2014-01-06,1237.75,350.4,48.46,667.75,2401,8786,2.3759,6.0524
2014-01-03,1232.25,343.7,48.94,663.5,2389,8894,2.376,6.0505
2014-01-02,1231.0,342.9,49.14,660.5,2399,8948,2.3874,6.0504
2013-12-31,1253.5,353.6,49.47,662.0,2421,8916,2.3618,6.0537
2013-12-30,1269.75,363.7,49.3,663.5,2446,8980,2.3619,6.0617
2013-12-27,1274.75,363.8,49.69,667.5,2424,8940,2.3382,6.0684
2013-12-26,1266.25,361.1,49.52,666.25,2431,8926,2.351,6.0744
2013-12-24,1283.75,368.7,49.75,674.5,2395,8996,2.3568,6.0712
2013-12-23,1280.75,366.5,49.91,674.25,2432,9024,2.3568,6.0697
2013-12-20,1292.0,370.2,50.08,673.25,2426,9028,2.3874,6.0711
2013-12-19,1280.0,365.1,49.98,670.5,2434,9036,2.353,6.0711
2013-12-18,1274.75,364.3,49.72,665.0,2450,9012,2.326,6.0713
2013-12-17,1295.75,373.2,49.97,666.75,2437,9084,2.3191,6.0707
2013-12-16,1286.25,366.4,50.44,663.25,2410,9086,2.3276,6.0713
2013-12-13,1276.0,359.8,50.54,665.5,2384,9148,2.3295,6.071
2013-12-12,1272.25,358.1,50.71,674.25,2420,9276,2.332,6.071
2013-12-11,1292.5,366.9,51.12,679.25,2430,9284,2.341,6.0712
2013-12-10,1286.75,366.3,50.83,676.0,2451,9260,2.3087,6.0705
2013-12-09,1292.25,366.7,50.94,678.0,2428,9280,2.3195,6.0713
2013-12-06,1274.0,355.4,51.21,674.25,2406,9270,2.3255,6.0815
2013-12-05,1276.5,356.1,51.33,673.5,2437,9316,2.3609,6.0903
2013-12-04,1278.0,358.3,51.07,676.5,2422,9306,2.3912,6.0913
2013-12-03,1268.25,356.8,50.83,671.25,2416,9344,2.3756,6.0914
2013-12-02,1269.75,356.8,51.32,664.5,2426,9378,2.3557,6.0927
2013-11-29,1285.0,364.6,51.18,664.5,2396,9342,2.3355,6.0922
2013-11-27,1268.5,357.6,50.97,666.5,2375,9300,2.329,6.0922
2013-11-26,1277.75,359.9,51.32,664.75,2346,9326,2.2964,6.0925
2013-11-25,1277.75,356.4,51.67,671.25,2348,9370,2.2835,6.0916
2013-11-22,1268.0,349.0,52.17,669.25,2314,9392,2.278,6.0935
2013-11-21,1240.0,333.5,52.52,669.5,2297,9292,2.3055,6.0926
2013-11-20,1222.25,330.9,51.28,665.25,2289,9212,2.271,6.0925
2013-11-19,1224.75,332.9,50.96,666.25,2298,9216,2.2705,6.0924
2013-11-18,1236.0,338.5,51.09,661.0,2298,9250,2.2625,6.0918
2013-11-15,1229.0,333.7,51.46,670.5,2341,9336,2.3187,6.092
2013-11-14,1262.0,346.9,51.96,675.0,2339,9302,2.313,6.092
2013-11-13,1263.5,345.6,51.95,678.25,2356,9262,2.3325,6.0926
2013-11-12,1263.0,350.0,51.74,680.75,2332,9198,2.333,6.0917
2013-11-11,1249.5,344.4,51.41,683.25,2342,9202,2.33,6.0911
2013-11-08,1244.5,344.6,51.23,675.25,2288,9216,2.3135,6.0903
2013-11-07,1215.0,326.1,51.73,669.0,2286,9252,2.305,6.0906
2013-11-06,1203.5,319.1,52.13,669.75,2276,9274,2.2845,6.0925
2013-11-05,1198.75,315.1,52.14,673.5,2278,9308,2.282,6.0966
2013-11-04,1205.0,319.2,52.24,674.75,2266,9350,2.2451,6.098
2013-11-01,1200.0,317.2,52.58,675.75,2284,9300,2.2564,6.0993
2013-10-31,1214.75,325.9,52.32,676.75,2286,9262,2.239,6.0943
2013-10-30,1225.0,334.1,52.61,678.75,2303,9248,2.1835,6.0936
2013-10-29,1219.25,333.1,51.96,680.5,2298,9122,2.184,6.0897
2013-10-28,1216.5,337.0,51.35,679.25,2302,9176,2.1795,6.0853
2013-10-25,1242.0,345.8,51.72,688.5,2365,9220,2.187,6.0838
2013-10-24,1252.25,348.3,52.12,688.75,2354,9244,2.203,6.0815
2013-10-23,1252.5,343.7,52.49,691.25,2334,9246,2.1878,6.0833
2013-10-22,1246.0,338.4,52.51,686.75,2343,9252,2.172,6.0925
2013-10-21,1247.0,338.0,52.63,692.5,2336,9304,2.173,6.0924
2013-10-18,1235.0,332.4,52.67,690.0,2358,9200,2.1685,6.0966
2013-10-17,1237.0,335.3,52.11,691.5,2337,9210,2.152,6.098
2013-10-16,1220.25,326.1,52.36,691.25,2350,9138,2.18,6.0996
2013-10-15,1210.75,324.7,51.65,692.0,2365,9102,2.1769,6.1026
2013-10-14,1216.75,329.7,51.38,685.5,2377,9100,2.1813,6.1074
2013-10-11,1210.5,325.7,51.27,681.75,2414,9122,2.173,6.1204
2013-10-10,1231.75,331.9,52.21,686.75,2477,9114,2.1796,6.1156
2013-10-09,1231.5,334.0,51.66,692.0,2481,9092,2.2065,6.1209
2013-10-08,1232.5,337.2,51.42,690.25,2500,9026,2.2109,6.1206
2013-09-30,1226.5,327.7,52.09,690.0,2430,9006,2.2156,6.12
2013-09-27,1263.5,340.6,52.8,702.5,2417,9048,2.2515,6.1179
2013-09-26,1260.5,337.2,53.04,705.25,2392,9078,2.2451,6.1194
2013-09-25,1265.5,339.4,53.08,703.25,2381,9104,2.2321,6.119
2013-09-24,1256.25,334.6,53.08,697.25,2356,9112,2.2005,6.1208
2013-09-23,1251.5,331.5,53.23,701.75,2315,9056,2.198,6.1208
2013-09-18,1291.5,348.1,53.7,704.75,2357,9122,2.1855,6.121
2013-09-17,1286.25,348.9,53.23,702.5,2353,9112,2.2555,6.1213
2013-09-16,1292.0,350.8,53.36,705.0,2387,9148,2.2839,6.1198
2013-09-13,1325.25,365.1,53.55,707.5,2454,9258,2.2793,6.1186
2013-09-12,1339.75,369.5,54.02,714.75,2371,9260,2.274,6.1178
2013-09-11,1302.0,350.3,53.95,721.0,2340,9244,2.276,6.1183
2013-09-10,1298.75,347.5,54.06,717.5,2329,9242,2.2833,6.1195
2013-09-09,1300.25,348.8,54.16,712.0,2381,9346,2.276,6.1209
2013-09-06,1311.5,351.2,54.71,716.75,2363,9290,2.3065,6.1202
2013-09-05,1311.25,351.7,54.52,709.5,2326,9230,2.3243,6.1194
2013-09-04,1296.25,345.0,54.92,718.0,2334,9232,2.3597,6.1199
2013-09-03,1330.5,361.2,55.18,723.75,2378,9314,2.3582,6.1204
2013-08-30,1301.25,346.0,55.28,730.5,2291,9214,2.3859,6.1193
2013-08-29,1312.25,352.4,55.19,730.0,2366,9300,2.359,6.1203
2013-08-28,1316.5,351.6,55.77,729.25,2400,9424,2.343,6.1202
2013-08-27,1314.25,352.7,55.51,734.75,2382,9430,2.3712,6.1212
2013-08-26,1333.25,359.0,55.87,749.0,2290,9352,2.3789,6.1202
2013-08-23,1271.75,341.8,53.99,718.5,2155,9116,2.3483,6.12
2013-08-22,1230.5,322.6,53.75,713.0,2157,9140,2.434,6.1206
2013-08-21,1247.75,330.4,54.16,731.75,2141,9174,2.452,6.1229
2013-08-20,1234.25,324.3,54.17,724.0,2149,9218,2.3933,6.1241
2013-08-19,1247.0,326.5,54.77,734.0,2130,9276,2.4123,6.1227
2013-08-16,1203.0,308.6,54.15,712.0,2104,9266,2.3923,6.1145
2013-08-15,1209.25,309.9,54.44,720.75,2069,9162,2.3401,6.1123
2013-08-14,1182.75,301.4,53.62,703.75,2013,9152,2.3241,6.1191
2013-08-13,1171.5,295.1,53.94,695.75,2014,9160,2.3136,6.1217
2013-08-12,1169.0,294.3,53.74,712.5,1929,8988,2.2865,6.1218
2013-08-09,1126.0,278.4,52.87,701.75,1923,8982,2.2714,6.1217
2013-08-08,1128.0,279.1,53.09,708.25,1889,8950,2.2834,6.1207
2013-08-07,1109.5,269.7,53.09,706.75,1865,8962,2.3136,6.119
2013-08-06,1111.0,268.0,53.58,707.75,1868,9056,2.2985,6.1215
2013-08-05,1127.0,273.9,54.2,709.0,1865,9044,2.3055,6.1245
2013-08-02,1125.25,276.5,53.81,712.25,1882,9066,2.2868,6.1293
2013-08-01,1136.25,281.5,53.91,715.5,1893,9056,2.3035,6.1302
2013-07-31,1150.0,287.5,53.69,727.5,1870,9054,2.2764,6.1284
2013-07-30,1146.75,286.2,53.68,726.0,1898,8980,2.2825,6.1315
2013-07-29,1163.75,293.9,53.81,721.75,1887,9026,2.2685,6.1323
2013-07-26,1172.25,292.2,54.72,724.5,1904,9066,2.2565,6.1316
2013-07-25,1167.75,287.8,54.84,727.25,1996,9198,2.2425,6.1345
2013-07-24,1200.5,302.8,55.1,728.75,2024,9280,2.2501,6.1358
2013-07-23,1204.0,303.1,55.67,734.0,2036,9320,2.2127,6.1369
2013-07-22,1232.25,312.2,56.3,746.5,1988,9282,2.232,6.1404
2013-07-19,1217.75,304.8,56.31,749.25,2013,9278,2.2464,6.1377
2013-07-18,1209.5,300.2,56.38,749.25,2007,9274,2.2262,6.1408
2013-07-17,1227.25,308.3,56.5,750.5,2019,9280,2.2251,6.1351
2013-07-16,1230.0,310.9,56.27,759.25,1987,9228,2.2528,6.1345
2013-07-15,1207.5,299.2,56.27,752.0,1954,9234,2.2185,6.1373
2013-07-12,1201.0,296.0,56.74,757.75,2006,9326,2.2671,6.1373
2013-07-11,1234.5,310.4,56.69,775.5,1986,9384,2.2535,6.135
2013-07-10,1228.5,304.7,57.12,770.0,1979,9306,2.2637,6.1336
2013-07-09,1220.0,301.2,56.96,770.25,1953,9312,2.2561,6.1293
2013-07-08,1196.0,290.5,56.88,749.0,1874,9310,2.2639,6.1337
2013-07-05,1172.0,280.2,57.03,739.75,1911,9340,2.2515,6.1324
2013-07-03,1194.5,290.7,56.94,751.25,1890,9382,2.2676,6.1306
2013-07-02,1186.25,288.2,56.61,751.25,1861,9410,2.254,6.1328
2013-07-01,1187.0,288.3,56.67,749.75,1849,9394,2.228,6.1325
2013-06-28,1195.75,296.3,56.11,759.5,1898,9352,2.2315,6.1374
2013-06-27,1219.0,309.5,56.18,787.0,1905,9318,2.1987,6.1488
