#NAME?;Trade Close;% Move;Wmv;W%mv;Mthmv;Mth%mv;DMTmv
24/06/2020;874,5;0,06%;-1,5;-0,17%;30,5;3,61%;0,18
23/06/2020;874;-0,60%;-2,5;-0,29%;28,25;3,34%;-1,93
22/06/2020;879,25;-0,17%;6,25;0,72%;21,75;2,54%;-0,55
19/06/2020;880,75;0,54%;4,75;0,54%;27,5;3,22%;1,75
18/06/2020;876;-0,06%;-3,75;-0,43%;20,25;2,37%;-0,18
17/06/2020;876,5;0,40%;-0,25;-0,03%;27,25;3,21%;1,29
16/06/2020;873;-0,34%;-3,25;-0,37%;25,25;2,98%;-1,10
15/06/2020;876;-0,43%;2;0,23%;25,75;3,03%;-1,38
12/06/2020;879,75;0,34%;4,25;0,49%;17;1,97%;1,10
11/06/2020;876,75;0,06%;-1,75;-0,20%;11;1,27%;0,18
10/06/2020;876,25;0,26%;-2,25;-0,26%;15;1,74%;0,83
09/06/2020;874;-0,17%;5,75;0,66%;19;2,22%;-0,55
08/06/2020;875,5;-0,34%;14,25;1,65%;32,25;3,82%;-1,10
05/06/2020;878,5;0,00%;27,25;3,20%;28,25;3,32%;0,00
04/06/2020;878,5;1,18%;27;3,17%;31,25;3,69%;3,77
03/06/2020;868,25;0,81%;10,5;1,22%;8;0,93%;2,57
02/06/2020;861,25;1,17%;2;0,23%;-4,75;-0,55%;3,67
01/06/2020;851,25;-0,03%;-6,5;-0,76%;3;0,35%;-0,09
29/05/2020;851,5;-0,73%;7,5;0,89%;8,75;1,04%;-2,30
28/05/2020;857,75;-0,17%;12;1,42%;10,5;1,24%;-0,55
27/05/2020;859,25;0,17%;1,75;0,20%;9;1,06%;0,55
26/05/2020;857,75;1,63%;4,5;0,53%;0,25;0,03%;5,05
22/05/2020;844;-0,21%;-11,75;-1,37%;-9,25;-1,08%;-0,64
21/05/2020;845,75;-1,37%;-3,5;-0,41%;-5,75;-0,68%;-4,32
20/05/2020;857,5;0,50%;9,75;1,15%;10,5;1,24%;1,56
19/05/2020;853,25;-0,29%;3;0,35%;0,25;0,03%;-0,92
18/05/2020;855,75;0,77%;-7;-0,81%;-0,75;-0,09%;2,39
15/05/2020;849,25;0,18%;-16,5;-1,91%;-13,25;-1,54%;0,55
14/05/2020;847,75;-0,29%;-13,5;-1,57%;-18,5;-2,14%;-0,92
13/05/2020;850,25;-1,45%;-4,75;-0,56%;-22,75;-2,61%;-4,59
12/05/2020;862,75;-0,35%;19,5;2,31%;-19,5;-2,21%;-1,10
11/05/2020;865,75;0,52%;15,5;1,82%;-7,5;-0,86%;1,65
08/05/2020;861,25;0,73%;14;1,65%;-12,25;-1,40%;2,30
07/05/2020;855;1,39%;-5,25;-0,61%;-19,25;-2,20%;4,32
06/05/2020;843,25;-0,82%;-22,75;-2,63%;-29,75;-3,41%;-2,57
05/05/2020;850,25;0,35%;2;0,24%;-27,25;-3,11%;1,10
04/05/2020;847,25;-1,51%;4,5;0,53%;-34,25;-3,89%;-4,78
01/05/2020;860,25;-0,66%;13;1,53%;-44,5;-4,92%;-2,11
30/04/2020;866;2,09%;15,75;1,85%;-35;-3,88%;6,52
29/04/2020;848,25;0,65%;-9,25;-1,08%;-52;-5,78%;2,02
28/04/2020;842,75;-0,53%;-10,5;-1,23%;-56,25;-6,26%;-1,65
27/04/2020;847,25;-0,35%;-4,25;-0,50%;-53;-5,89%;-1,10
24/04/2020;850,25;-0,85%;3,25;0,38%;-55,25;-6,10%;-2,66
23/04/2020;857,5;0,50%;4,5;0,53%;-45,25;-5,01%;1,56
22/04/2020;853,25;0,21%;-3,25;-0,38%;-28;-3,18%;0,64
21/04/2020;851,5;0,53%;-11;-1,28%;-10,5;-1,22%;1,65
20/04/2020;847;-0,70%;-19,25;-2,22%;2,75;0,33%;-2,20
17/04/2020;853;-0,41%;-20;-2,29%;10;1,19%;-1,29
16/04/2020;856,5;-0,70%;-25,75;-2,92%;16;1,90%;-2,20
15/04/2020;862,5;-0,43%;-10,75;-1,23%;-5;-0,58%;-1,38
14/04/2020;866,25;-0,77%;-7,25;-0,83%;-12;-1,37%;-2,48
13/04/2020;873;-1,05%;-1,25;-0,14%;-19;-2,13%;-3,40
09/04/2020;882,25;1,03%;9,25;1,06%;-12,75;-1,42%;3,31
08/04/2020;873,25;-0,03%;-4,25;-0,48%;-15,5;-1,74%;-0,09
07/04/2020;873,5;-0,09%;-8;-0,91%;-36,5;-4,01%;-0,28
06/04/2020;874,25;0,14%;-30,5;-3,37%;-41,5;-4,53%;0,46
03/04/2020;873;-0,51%;-28;-3,11%;-53;-5,72%;-1,65
02/04/2020;877,5;-0,45%;-22,75;-2,53%;-44,75;-4,85%;-1,47
01/04/2020;881,5;-2,57%;-17,5;-1,95%;-38,25;-4,16%;-8,54
31/03/2020;904,75;0,42%;4,5;0,50%;-6,75;-0,74%;1,38
30/03/2020;901;0,08%;-4,5;-0,50%;-12,75;-1,40%;0,28
27/03/2020;900,25;0,14%;-2,5;-0,28%;-10,5;-1,15%;0,46
26/03/2020;899;-0,14%;17,75;2,01%;-8;-0,88%;-0,46
25/03/2020;900,25;-0,58%;38,25;4,44%;-1;-0,11%;-1,93
24/03/2020;905,5;0,30%;61,25;7,25%;-12,25;-1,33%;1,01
23/03/2020;902,75;2,44%;59,75;7,09%;-17;-1,85%;7,90
20/03/2020;881,25;2,23%;40,75;4,85%;-43;-4,65%;7,07
19/03/2020;862;2,10%;-5,5;-0,63%;-59;-6,41%;6,52
18/03/2020;844,25;0,15%;-34;-3,87%;-77,75;-8,43%;0,46
17/03/2020;843;0,30%;-49;-5,49%;-81,75;-8,84%;0,92
16/03/2020;840,5;-3,11%;-54,5;-6,09%;-80,5;-8,74%;-9,92
13/03/2020;867,5;-1,22%;-21,25;-2,39%;-45,75;-5,01%;-3,95
12/03/2020;878,25;-1,54%;-31,75;-3,49%;-34,5;-3,78%;-5,05
11/03/2020;892;-0,34%;-23,75;-2,59%;-18,5;-2,03%;-1,10
10/03/2020;895;0,70%;-31;-3,35%;-14,5;-1,59%;2,30
09/03/2020;888,75;-2,34%;-33,5;-3,63%;-19,75;-2,17%;-7,81
06/03/2020;910;-0,63%;-9,75;-1,06%;2;0,22%;-2,11
05/03/2020;915,75;-1,11%;4,25;0,47%;10,25;1,13%;-3,77
04/03/2020;926;0,41%;12,25;1,34%;25;2,77%;1,38
03/03/2020;922,25;0,27%;11,5;1,26%;17,5;1,93%;0,92
02/03/2020;919,75;0,91%;12,75;1,41%;-1,75;-0,19%;3,03
28/02/2020;911,5;-0,25%;10,25;1,14%;-12;-1,30%;-0,83
27/02/2020;913,75;0,33%;-4;-0,44%;-12;-1,30%;1,10
26/02/2020;910,75;0,41%;-9;-0,98%;-19,75;-2,12%;1,38
25/02/2020;907;0,64%;-17,25;-1,87%;-31;-3,30%;2,11
24/02/2020;901,25;-1,80%;-19,75;-2,14%;-41;-4,35%;-6,06
21/02/2020;917,75;-0,22%;-4,25;-0,46%;-26,75;-2,83%;-0,73
20/02/2020;919,75;-0,49%;-5;-0,54%;-38,5;-4,02%;-1,65
19/02/2020;924,25;0,35%;3,25;0,35%;-28,25;-2,97%;1,19
18/02/2020;921;-0,11%;7,75;0,85%;-36,25;-3,79%;-0,37
14/02/2020;922;-0,30%;9,25;1,01%;-48,75;-5,02%;-1,01
13/02/2020;924,75;0,41%;14,25;1,57%;-46;-4,74%;1,38
12/02/2020;921;0,85%;11,5;1,26%;-53,5;-5,49%;2,85
11/02/2020;913,25;0,05%;4,75;0,52%;-58,75;-6,04%;0,18
10/02/2020;912,75;0,25%;4,75;0,52%;-63;-6,46%;0,83
07/02/2020;910,5;0,11%;5;0,55%;-62;-6,38%;0,37
06/02/2020;909,5;0,11%;8,5;0,94%;-63,75;-6,55%;0,37
05/02/2020;908,5;0,06%;3,75;0,41%;-61,5;-6,34%;0,18
04/02/2020;908;0,28%;-13,5;-1,47%;-76,75;-7,79%;0,92
03/02/2020;905,5;0,50%;-18;-1,95%;-78,5;-7,98%;1,65
31/01/2020;901;-0,41%;-24,75;-2,67%;-80;-8,15%;-1,38
30/01/2020;904,75;-1,82%;-25,75;-2,77%;-65,25;-6,73%;-6,15
29/01/2020;921,5;-0,22%;-16,5;-1,76%;-53,5;-5,49%;-0,73
28/01/2020;923,5;-0,24%;-18,75;-1,99%;-49,75;-5,11%;-0,83
27/01/2020;925,75;-0,51%;-18,75;-1,99%;-45;-4,64%;-1,75
24/01/2020;930,5;-0,80%;-27,75;-2,90%;-36,25;-3,75%;-2,76
23/01/2020;938;-0,45%;-14,5;-1,52%;-26,75;-2,77%;-1,56
22/01/2020;942,25;-0,24%;-15;-1,57%;-26,75;-2,76%;-0,83
21/01/2020;944,5;-1,43%;-26,25;-2,70%;-24,75;-2,55%;-5,05
17/01/2020;958,25;0,60%;-12,5;-1,29%;-6,25;-0,65%;2,11
16/01/2020;952,5;-0,50%;-22;-2,26%;2,5;0,26%;-1,75
15/01/2020;957,25;-1,39%;-14,75;-1,52%;16,25;1,73%;-4,96
14/01/2020;970,75;0,00%;-5;-0,51%;34,25;3,66%;0,00
13/01/2020;970,75;-0,38%;-1,75;-0,18%;26,5;2,81%;-1,38
10/01/2020;974,5;0,26%;1,25;0,13%;34,25;3,64%;0,92
09/01/2020;972;-0,38%;2;0,21%;39,5;4,24%;-1,38
08/01/2020;975,75;0,33%;-9;-0,91%;48,5;5,23%;1,19
07/01/2020;972,5;-0,08%;-11,5;-1,17%;51,5;5,59%;-0,28
06/01/2020;973,25;0,34%;-7,75;-0,79%;59,25;6,48%;1,19
03/01/2020;970;-1,50%;0;0,00%;56,5;6,19%;-5,42
02/01/2020;984,75;0,08%;9,75;1,00%;65;7,07%;0,28
31/12/2019;984;0,31%;10,75;1,10%;59;6,38%;1,10
30/12/2019;981;1,13%;10,25;1,06%;53,75;5,80%;4,04
27/12/2019;970;-0,51%;3,25;0,34%;34,5;3,69%;-1,84
26/12/2019;975;0,18%;10,25;1,06%;35;3,72%;0,64
24/12/2019;973,25;0,26%;4,25;0,44%;29,25;3,10%;0,92
23/12/2019;970,75;0,41%;1,5;0,15%;22,75;2,40%;1,47
20/12/2019;966,75;0,21%;2,25;0,23%;12,25;1,28%;0,73
19/12/2019;964,75;-0,44%;14,75;1,55%;11,5;1,21%;-1,56
18/12/2019;969;-0,03%;28;2,98%;7,75;0,81%;-0,09
17/12/2019;969,25;0,49%;32,75;3,50%;9,5;0,99%;1,75
16/12/2019;964,5;1,53%;20,25;2,14%;6,25;0,65%;5,33
13/12/2019;950;0,96%;9,75;1,04%;-10;-1,04%;3,31
12/12/2019;941;0,48%;8,5;0,91%;-19;-1,98%;1,65
11/12/2019;936,5;-0,82%;9,25;1,00%;-37,5;-3,85%;-2,85
10/12/2019;944,25;0,43%;23,25;2,52%;-35,25;-3,60%;1,47
09/12/2019;940,25;0,83%;26,25;2,87%;-30,25;-3,12%;2,85
06/12/2019;932,5;0,57%;19;2,08%;-44,75;-4,58%;1,93
05/12/2019;927,25;0,68%;7,5;0,82%;-53,75;-5,48%;2,30
04/12/2019;921;0,77%;-4;-0,43%;-58,75;-6,00%;2,57
03/12/2019;914;0,05%;-13,25;-1,43%;-61,25;-6,28%;0,18
02/12/2019;913,5;-0,68%;-22;-2,35%;-60;-6,16%;-2,30
29/11/2019;919,75;-0,57%;-20,25;-2,15%;-56,75;-5,81%;-1,93
27/11/2019;925;-0,24%;-19;-2,01%;-53,5;-5,47%;-0,83
26/11/2019;927,25;-0,88%;-20,75;-2,19%;-50,25;-5,14%;-3,03
25/11/2019;935,5;-0,48%;-19;-1,99%;-54,5;-5,51%;-1,65
22/11/2019;940;-0,42%;-13,25;-1,39%;-51,25;-5,17%;-1,47
21/11/2019;944;-0,42%;-17,25;-1,79%;-47,5;-4,79%;-1,47
20/11/2019;948;-0,68%;-11,75;-1,22%;-42,75;-4,31%;-2,39
19/11/2019;954,5;0,13%;-3,75;-0,39%;-37;-3,73%;0,46
18/11/2019;953,25;-0,83%;-6,75;-0,70%;-35,75;-3,61%;-2,94
15/11/2019;961,25;0,16%;1,25;0,13%;-24,25;-2,46%;0,55
14/11/2019;959,75;0,16%;-14,25;-1,46%;-31,75;-3,20%;0,55
13/11/2019;958,25;-0,18%;-21,25;-2,17%;-39,75;-3,98%;-0,64
12/11/2019;960;0,00%;-10,5;-1,08%;-33,5;-3,37%;0,00
11/11/2019;960;-1,44%;-17,25;-1,77%;-21;-2,14%;-5,14
08/11/2019;974;-0,56%;-7;-0,71%;-7,25;-0,74%;-2,02
07/11/2019;979,5;0,93%;-0,25;-0,03%;1,5;0,15%;3,31
06/11/2019;970,5;-0,69%;-4,75;-0,49%;-2,25;-0,23%;-2,48
05/11/2019;977,25;-0,38%;3,75;0,39%;3,5;0,36%;-1,38
04/11/2019;981;0,13%;4,5;0,46%;11,75;1,21%;0,46
01/11/2019;979,75;0,46%;1,25;0,13%;8,5;0,88%;1,65
31/10/2019;975,25;0,18%;-2,25;-0,23%;-1,75;-0,18%;0,64
30/10/2019;973,5;-0,31%;-16,5;-1,67%;10;1,04%;-1,10
29/10/2019;976,5;-0,20%;-14,75;-1,49%;36;3,83%;-0,73
28/10/2019;978,5;0,10%;-13;-1,31%;32,5;3,44%;0,37
25/10/2019;977,5;-1,26%;-13,25;-1,34%;30,75;3,25%;-4,59
24/10/2019;990;-0,13%;-1,5;-0,15%;38,25;4,02%;-0,46
23/10/2019;991,25;-0,03%;2,25;0,23%;41,25;4,34%;-0,09
22/10/2019;991,5;0,08%;6;0,61%;51,25;5,45%;0,28
21/10/2019;990,75;-0,08%;-0,75;-0,08%;40,25;4,23%;-0,28
18/10/2019;991,5;0,25%;-6,5;-0,65%;45,25;4,78%;0,92
17/10/2019;989;0,36%;-4,5;-0,45%;37,75;3,97%;1,29
16/10/2019;985,5;-0,61%;4,5;0,46%;28;2,92%;-2,20
15/10/2019;991,5;-0,65%;10,25;1,04%;35,25;3,69%;-2,39
14/10/2019;998;0,45%;20;2,04%;45;4,72%;1,65
11/10/2019;993,5;1,27%;20,75;2,13%;69,5;7,52%;4,59
10/10/2019;981;-0,03%;7,25;0,74%;51,5;5,54%;-0,09
09/10/2019;981,25;0,33%;12;1,24%;66;7,21%;1,19
08/10/2019;978;0,54%;6,75;0,69%;62,75;6,86%;1,93
07/10/2019;972,75;-0,10%;-4,25;-0,44%;53,75;5,85%;-0,37
04/10/2019;973,75;0,46%;10,25;1,06%;40,75;4,37%;1,65
03/10/2019;969,25;-0,21%;28,75;3,06%;43,25;4,67%;-0,73
02/10/2019;971,25;-0,59%;25,25;2,67%;44,75;4,83%;-2,11
01/10/2019;977;1,40%;30,25;3,20%;51;5,51%;4,96
30/09/2019;963,5;2,45%;11,75;1,23%;40,25;4,36%;8,45
27/09/2019;940,5;-0,58%;-9,5;-1,00%;23,75;2,59%;-2,02
26/09/2019;946;-0,08%;5,75;0,61%;21,25;2,30%;-0,28
25/09/2019;946,75;-0,53%;-3,75;-0,39%;32,75;3,58%;-1,84
24/09/2019;951,75;0,18%;5,5;0,58%;25,5;2,75%;0,64
23/09/2019;950;1,04%;-1,25;-0,13%;19,5;2,10%;3,58
20/09/2019;940,25;-1,08%;-17,25;-1,80%;14,5;1,57%;-3,77
19/09/2019;950,5;0,45%;-5,75;-0,60%;26,5;2,87%;1,56
18/09/2019;946,25;-0,53%;-6,75;-0,71%;9;0,96%;-1,84
17/09/2019;951,25;-0,65%;27,25;2,95%;23;2,48%;-2,30
16/09/2019;957,5;0,13%;28;3,01%;22;2,35%;0,46
13/09/2019;956,25;0,34%;41;4,48%;9,75;1,03%;1,19
12/09/2019;953;3,14%;37,75;4,12%;16,25;1,73%;10,66
11/09/2019;924;-0,59%;5;0,54%;-25,25;-2,66%;-2,02
10/09/2019;929,5;1,56%;-3,5;-0,38%;-11;-1,17%;5,24
09/09/2019;915,25;0,00%;-10,75;-1,16%;-9;-0,97%;0,00
06/09/2019;915,25;-0,41%;-11,25;-1,21%;-8;-0,87%;-1,38
05/09/2019;919;-1,50%;-7;-0,76%;-7,25;-0,78%;-5,14
04/09/2019;933;0,76%;9,75;1,06%;7;0,76%;2,57
03/09/2019;926;-0,05%;9,25;1,01%;3,25;0,35%;-0,18
30/08/2019;926,5;0,05%;1,75;0,19%;-12,5;-1,33%;0,18
29/08/2019;926;0,30%;12;1,31%;-28,25;-2,96%;1,01
28/08/2019;923,25;0,71%;-3;-0,32%;-38,5;-4,00%;2,39
27/08/2019;916,75;-0,87%;-13,75;-1,48%;-41,75;-4,36%;-2,94
26/08/2019;924,75;1,18%;-1;-0,11%;-32,5;-3,40%;3,95
23/08/2019;914;-1,32%;-10;-1,08%;-51,75;-5,36%;-4,50
22/08/2019;926,25;-0,46%;-11;-1,17%;-35;-3,64%;-1,56
21/08/2019;930,5;0,51%;2,25;0,24%;-32,75;-3,40%;1,75
20/08/2019;925,75;0,19%;-9,75;-1,04%;-51;-5,22%;0,64
19/08/2019;924;-1,41%;-22,5;-2,38%;-32,5;-3,40%;-4,87
16/08/2019;937,25;0,97%;0,5;0,05%;-20,75;-2,17%;3,31
15/08/2019;928,25;-0,77%;-21;-2,21%;-35,25;-3,66%;-2,66
14/08/2019;935,5;-1,16%;-5;-0,53%;-42;-4,30%;-4,04
13/08/2019;946,5;1,04%;22,25;2,41%;-42,5;-4,30%;3,58
12/08/2019;936,75;-1,32%;13,5;1,46%;-38;-3,90%;-4,59
09/08/2019;949,25;0,93%;23;2,48%;-21;-2,16%;3,22
08/08/2019;940,5;1,76%;14,5;1,57%;-21,25;-2,21%;5,97
07/08/2019;924,25;0,11%;1,5;0,16%;-31;-3,25%;0,37
06/08/2019;923,25;-0,32%;-15,75;-1,68%;-28,75;-3,02%;-1,10
05/08/2019;926,25;0,03%;-28;-2,93%;-40;-4,14%;0,09
02/08/2019;926;0,35%;-35,75;-3,72%;-30,25;-3,16%;1,19
01/08/2019;922,75;-1,73%;-35,75;-3,73%;-43,25;-4,48%;-5,97
31/07/2019;939;-1,60%;-18,25;-1,91%;-41,5;-4,23%;-5,60
30/07/2019;954,25;-0,78%;-11,5;-1,19%;-15,5;-1,60%;-2,76
29/07/2019;961,75;0,34%;0,5;0,05%;-14;-1,43%;1,19
26/07/2019;958,5;0,13%;-4,75;-0,49%;-25,5;-2,59%;0,46
25/07/2019;957,25;-0,88%;-19,5;-2,00%;-33;-3,33%;-3,12
24/07/2019;965,75;0,47%;9,25;0,97%;-19,25;-1,95%;1,65
23/07/2019;961,25;-0,21%;3,25;0,34%;-37,25;-3,73%;-0,73
22/07/2019;963,25;-1,38%;-0,25;-0,03%;-23;-2,33%;-4,96
19/07/2019;976,75;2,12%;-0,75;-0,08%;-21;-2,10%;7,44
18/07/2019;956,5;-0,16%;-32,5;-3,29%;-40,5;-4,06%;-0,55
17/07/2019;958;-0,57%;-16,75;-1,72%;-23;-2,34%;-2,02
16/07/2019;963,5;-1,43%;-6,75;-0,70%;-8,75;-0,90%;-5,14
15/07/2019;977,5;-1,16%;15,75;1,64%;15,25;1,58%;-4,23
12/07/2019;989;1,46%;33,75;3,53%;45,5;4,82%;5,24
11/07/2019;974,75;0,46%;22,75;2,39%;32;3,39%;1,65
10/07/2019;970,25;0,88%;4;0,41%;29,75;3,16%;3,12
09/07/2019;961,75;0,68%;5,5;0,58%;8,75;0,92%;2,39
08/07/2019;955,25;0,34%;-10,75;-1,11%;1,25;0,13%;1,19
05/07/2019;952;-1,47%;-28,5;-2,91%;-14;-1,45%;-5,24
03/07/2019;966,25;1,05%;-3,5;-0,36%;3;0,31%;3,67
02/07/2019;956,25;-1,01%;-19,5;-2,00%;-5,75;-0,60%;-3,58
01/07/2019;966;-1,48%;-18;-1,83%;-7,25;-0,74%;-5,33
28/06/2019;980,5;1,11%;-9,75;-0,98%;24,25;2,54%;3,95
27/06/2019;969,75;-0,61%;-15,25;-1,55%;29,5;3,14%;-2,20
26/06/2019;975,75;-0,84%;-22,75;-2,28%;61,75;6,76%;-3,03
25/06/2019;984;-0,63%;-2,25;-0,23%;78,25;8,64%;-2,30
24/06/2019;990,25;0,53%;-7,5;-0,75%;77,5;8,49%;1,93
21/06/2019;985;-1,35%;-12;-1,20%;78,75;8,69%;-4,96
20/06/2019;998,5;1,24%;17,5;1,78%;82,5;9,01%;4,50
19/06/2019;986,25;-1,15%;14;1,44%;80,25;8,86%;-4,23
18/06/2019;997,75;0,08%;35,5;3,69%;73,75;7,98%;0,28
17/06/2019;997;1,63%;53,5;5,67%;77,25;8,40%;5,88
14/06/2019;981;0,90%;38,25;4,06%;65,25;7,13%;3,22
13/06/2019;972,25;1,04%;31,75;3,38%;85,5;9,64%;3,67
12/06/2019;962,25;1,99%;9,25;0,97%;68,75;7,69%;6,89
11/06/2019;943,5;0,08%;-10,5;-1,10%;46,5;5,18%;0,28
10/06/2019;942,75;0,24%;-23,25;-2,41%;31,25;3,43%;0,83
07/06/2019;940,5;-1,31%;-22,75;-2,36%;25,5;2,79%;-4,59
06/06/2019;953;-0,10%;-9;-0,94%;38,5;4,21%;-0,37
05/06/2019;954;-1,24%;-19,25;-1,98%;27,5;2,97%;-4,41
04/06/2019;966;0,29%;9,75;1,02%;38,5;4,15%;1,01
03/06/2019;963,25;0,13%;23;2,45%;27,25;2,91%;0,46
31/05/2019;962;-1,16%;48;5,25%;23,75;2,53%;-4,13
30/05/2019;973,25;1,78%;67,5;7,45%;28,25;2,99%;6,25
29/05/2019;956,25;1,70%;43,5;4,77%;5;0,53%;5,88
28/05/2019;940,25;2,87%;34;3,75%;-16,75;-1,75%;9,65
24/05/2019;914;0,91%;-2;-0,22%;-39;-4,09%;3,03
23/05/2019;905,75;-0,77%;-0,25;-0,03%;-54;-5,63%;-2,57
22/05/2019;912,75;0,72%;-11,25;-1,22%;-62,25;-6,38%;2,39
21/05/2019;906,25;-1,06%;-13,5;-1,47%;-72,25;-7,38%;-3,58
20/05/2019;916;1,10%;0,25;0,03%;-60,75;-6,22%;3,67
17/05/2019;906;-1,95%;19,25;2,17%;-80;-8,11%;-6,61
16/05/2019;924;0,46%;30,5;3,41%;-72,75;-7,30%;1,56
15/05/2019;919,75;0,44%;22,75;2,54%;-73,25;-7,38%;1,47
14/05/2019;915,75;3,27%;4,25;0,47%;-77,25;-7,78%;10,66
13/05/2019;886,75;-0,76%;-28,25;-3,09%;-113;-11,30%;-2,48
10/05/2019;893,5;-0,39%;-21;-2,30%;-103;-10,34%;-1,29
09/05/2019;897;-1,59%;-29,5;-3,18%;-99,5;-9,98%;-5,33
08/05/2019;911,5;-0,38%;-16;-1,73%;-85,25;-8,55%;-1,29
07/05/2019;915;0,05%;-21;-2,24%;-89,25;-8,89%;0,18
06/05/2019;914,5;-1,30%;-23,75;-2,53%;-82;-8,23%;-4,41
03/05/2019;926,5;-0,11%;-18,5;-1,96%;-71,25;-7,14%;-0,37
02/05/2019;927,5;-0,91%;-23,75;-2,50%;-65,75;-6,62%;-3,12
01/05/2019;936;-0,24%;-21;-2,19%;-46;-4,68%;-0,83
30/04/2019;938,25;-0,71%;-14,75;-1,55%;-49;-4,96%;-2,48
29/04/2019;945;-0,66%;-14,75;-1,54%;-40,25;-4,09%;-2,30
26/04/2019;951,25;-0,60%;-23,75;-2,44%;-47,25;-4,73%;-2,11
25/04/2019;957;0,42%;-21,5;-2,20%;-47,25;-4,71%;1,47
24/04/2019;953;-0,70%;-23,75;-2,43%;-48,5;-4,84%;-2,48
23/04/2019;959,75;-1,56%;-26,25;-2,66%;-48,5;-4,81%;-5,60
22/04/2019;975;-0,36%;-21,75;-2,18%;-28,75;-2,86%;-1,29
18/04/2019;978,5;0,18%;-14,5;-1,46%;-23,25;-2,32%;0,64
17/04/2019;976,75;-0,94%;-16,25;-1,64%;-26,75;-2,67%;-3,40
16/04/2019;986;-1,08%;-13,75;-1,38%;-21;-2,09%;-3,95
15/04/2019;996,75;0,38%;0,25;0,03%;0,5;0,05%;1,38
12/04/2019;993;0,00%;-3,5;-0,35%;-5,75;-0,58%;0,00
11/04/2019;993;-0,68%;-3,75;-0,38%;-1,75;-0,18%;-2,48
10/04/2019;999,75;0,33%;-4,5;-0,45%;12;1,21%;1,19
09/04/2019;996,5;0,00%;0;0,00%;3;0,30%;0,00
08/04/2019;996,5;-0,03%;-1,25;-0,13%;-3,75;-0,37%;-0,09
05/04/2019;996,75;-0,75%;3,5;0,35%;-3;-0,30%;-2,76
04/04/2019;1004,25;0,78%;22,25;2,27%;-7,25;-0,72%;2,85
03/04/2019;996,5;-0,13%;9,25;0,94%;-17,25;-1,70%;-0,46
02/04/2019;997,75;0,45%;12,5;1,27%;-11,5;-1,14%;1,65
01/04/2019;993,25;1,15%;-5,25;-0,53%;-14,75;-1,46%;4,13
29/03/2019;982;-0,53%;-22,25;-2,22%;-32,5;-3,20%;-1,93
28/03/2019;987,25;0,20%;-14,25;-1,42%;-27,5;-2,71%;0,73
27/03/2019;985,25;-1,33%;-23;-2,28%;-37,5;-3,67%;-4,87
26/03/2019;998,5;-0,57%;-5,25;-0,52%;-23;-2,25%;-2,11
25/03/2019;1004,25;0,27%;2,5;0,25%;-17,75;-1,74%;1,01
22/03/2019;1001,5;-0,67%;-2;-0,20%;-12,25;-1,21%;-2,48
21/03/2019;1008,25;0,45%;1,25;0,12%;-4;-0,40%;1,65
20/03/2019;1003,75;0,20%;7,5;0,75%;-15,5;-1,52%;0,73
19/03/2019;1001,75;-0,17%;3;0,30%;-13,75;-1,35%;-0,64
18/03/2019;1003,5;-0,35%;8,75;0,88%;-25;-2,43%;-1,29
15/03/2019;1007;1,08%;19,25;1,95%;-22,5;-2,19%;3,95
14/03/2019;996,25;-0,25%;2,75;0,28%;-20,75;-2,04%;-0,92
13/03/2019;998,75;0,40%;-1,5;-0,15%;-27,75;-2,70%;1,47
12/03/2019;994,75;0,71%;-5;-0,50%;-30,5;-2,97%;2,57
11/03/2019;987,75;-0,58%;-23,75;-2,35%;-46;-4,45%;-2,11
08/03/2019;993,5;-0,67%;-20,25;-2,00%;-38,75;-3,75%;-2,48
07/03/2019;1000,25;0,05%;-9;-0,89%;-30,25;-2,94%;0,18
06/03/2019;999,75;-1,16%;-8,25;-0,82%;-30;-2,91%;-4,32
05/03/2019;1011,5;-0,22%;-3;-0,30%;-15,75;-1,53%;-0,83
04/03/2019;1013,75;0,45%;-1;-0,10%;-19,25;-1,86%;1,65
01/03/2019;1009,25;0,12%;-13,5;-1,32%;-21,75;-2,11%;0,46
28/02/2019;1008;-0,64%;-13,5;-1,32%;-27,25;-2,63%;-2,39
27/02/2019;1014,5;-0,02%;-7,5;-0,73%;-22,75;-2,19%;-0,09
26/02/2019;1014,75;-0,78%;1;0,10%;-13,25;-1,29%;-2,94
25/02/2019;1022,75;0,12%;10,5;1,04%;-4,25;-0,41%;0,46
22/02/2019;1021,5;-0,05%;2,25;0,22%;0,25;0,02%;-0,18
21/02/2019;1022;0,81%;6,5;0,64%;-6,75;-0,66%;3,03
20/02/2019;1013,75;0,15%;-14,75;-1,43%;-6;-0,59%;0,55
19/02/2019;1012,25;-0,69%;-17,25;-1,68%;5,75;0,57%;-2,57
15/02/2019;1019,25;0,37%;2,25;0,22%;14;1,39%;1,38
14/02/2019;1015,5;-1,26%;-11;-1,07%;0;0,00%;-4,78
13/02/2019;1028,5;-0,10%;3,25;0,32%;6,25;0,61%;-0,37
12/02/2019;1029,5;1,23%;-4,25;-0,41%;10,75;1,06%;4,59
11/02/2019;1017;-0,93%;-15,25;-1,48%;-19;-1,83%;-3,49
08/02/2019;1026,5;0,12%;-4;-0,39%;-4;-0,39%;0,46
07/02/2019;1025,25;-0,82%;-4,5;-0,44%;-11;-1,06%;-3,12
06/02/2019;1033,75;0,15%;6,5;0,63%;0,25;0,02%;0,55
05/02/2019;1032,25;0,17%;-0,75;-0,07%;7,5;0,73%;0,64
04/02/2019;1030,5;0,07%;-0,5;-0,05%;11,5;1,13%;0,28
01/02/2019;1029,75;0,24%;-5,5;-0,53%;22,75;2,26%;0,92
31/01/2019;1027,25;-0,56%;-10;-0,96%;19,75;1,96%;-2,11
30/01/2019;1033;0,19%;5;0,49%;38,5;3,87%;0,73
29/01/2019;1031;-0,41%;4;0,39%;36;3,62%;-1,56
28/01/2019;1035,25;-0,19%;14;1,37%;26,25;2,60%;-0,73
25/01/2019;1037,25;0,90%;8,5;0,83%;27,5;2,72%;3,40
24/01/2019;1028;0,10%;8,25;0,81%;9,75;0,96%;0,37
23/01/2019;1027;0,56%;20,5;2,04%;2;0,20%;2,11
22/01/2019;1021,25;-0,73%;16;1,59%;-11,5;-1,11%;-2,76
18/01/2019;1028,75;0,88%;13,25;1,30%;-1,25;-0,12%;3,31
17/01/2019;1019,75;1,32%;-2,5;-0,24%;-6;-0,58%;4,87
16/01/2019;1006,5;0,12%;-12,25;-1,20%;-26;-2,52%;0,46
15/01/2019;1005,25;-1,01%;-30,75;-2,97%;-40;-3,83%;-3,77
14/01/2019;1015,5;-0,66%;-15;-1,46%;-24,75;-2,38%;-2,48
11/01/2019;1022,25;0,34%;-14;-1,35%;-12,75;-1,23%;1,29
10/01/2019;1018,75;-1,67%;-14,75;-1,43%;-23,25;-2,23%;-6,34
09/01/2019;1036;0,53%;11,25;1,10%;1,25;0,12%;2,02
08/01/2019;1030,5;-0,55%;11,5;1,13%;-8,25;-0,79%;-2,11
07/01/2019;1036,25;0,27%;29,25;2,90%;-0,75;-0,07%;1,01
04/01/2019;1033,5;0,85%;26;2,58%;2,5;0,24%;3,22
03/01/2019;1024,75;0,56%;30,25;3,04%;4,75;0,47%;2,11
02/01/2019;1019;1,19%;24;2,41%;6,5;0,64%;4,41
31/12/2018;1007;-0,05%;-2;-0,20%;-8,75;-0,86%;-0,18
28/12/2018;1007,5;1,31%;-2,25;-0,22%;6,75;0,67%;4,78
27/12/2018;994,5;-0,05%;-23,75;-2,33%;7;0,71%;-0,18
26/12/2018;995;-1,39%;-30;-2,93%;-11,25;-1,12%;-5,14
24/12/2018;1009;-0,07%;-23,75;-2,30%;0,75;0,07%;-0,28
21/12/2018;1009,75;-0,83%;-20,25;-1,97%;3,5;0,35%;-3,12
20/12/2018;1018,25;-0,66%;-7,5;-0,73%;19,25;1,93%;-2,48
19/12/2018;1025;-0,75%;-7,5;-0,73%;7,5;0,74%;-2,85
18/12/2018;1032,75;0,27%;-12,5;-1,20%;18,75;1,85%;1,01
17/12/2018;1030;0,41%;-10,25;-0,99%;21,25;2,11%;1,56
14/12/2018;1025,75;-0,65%;-9,25;-0,89%;22,25;2,22%;-2,48
13/12/2018;1032,5;-1,22%;-9,5;-0,91%;24;2,38%;-4,69
12/12/2018;1045,25;0,48%;10,5;1,01%;33,25;3,29%;1,84
11/12/2018;1040,25;0,51%;1,5;0,14%;36;3,58%;1,93
10/12/2018;1035;-0,67%;-2;-0,19%;30,25;3,01%;-2,57
07/12/2018;1042;0,70%;11;1,07%;32,5;3,22%;2,66
06/12/2018;1034,75;-0,39%;14,75;1,45%;23,75;2,35%;-1,47
05/12/2018;1038,75;0,17%;26,25;2,59%;25,75;2,54%;0,64
04/12/2018;1037;0,58%;21,25;2,09%;29,75;2,95%;2,20
03/12/2018;1031;1,08%;30,25;3,02%;54;5,53%;4,04
30/11/2018;1020;0,74%;32,5;3,29%;47,75;4,91%;2,76
29/11/2018;1012,5;-0,32%;6,25;0,62%;35;3,58%;-1,19
28/11/2018;1015,75;1,50%;7,5;0,74%;32,75;3,33%;5,51
27/11/2018;1000,75;1,34%;-5,5;-0,55%;21;2,14%;4,87
26/11/2018;987,5;-1,86%;-11,5;-1,15%;-1,25;-0,13%;-6,89
23/11/2018;1006,25;-0,20%;-11,25;-1,11%;10;1,00%;-0,73
21/11/2018;1008,25;0,20%;-5,75;-0,57%;11;1,10%;0,73
20/11/2018;1006,25;0,73%;-2,5;-0,25%;10,75;1,08%;2,66
19/11/2018;999;-1,82%;-4,5;-0,45%;-3,25;-0,32%;-6,80
16/11/2018;1017,5;0,35%;9;0,89%;-7;-0,68%;1,29
15/11/2018;1014;0,52%;2;0,20%;-9,5;-0,93%;1,93
14/11/2018;1008,75;0,52%;4,5;0,45%;-21,5;-2,09%;1,93
13/11/2018;1003,5;-0,50%;-1,25;-0,12%;-2,75;-0,27%;-1,84
12/11/2018;1008,5;-0,35%;-1;-0,10%;11,5;1,15%;-1,29
09/11/2018;1012;0,77%;1;0,10%;21;2,12%;2,85
08/11/2018;1004,25;-0,05%;-8,75;-0,86%;2,5;0,25%;-0,18
07/11/2018;1004,75;-0,47%;-2,5;-0,25%;-3,75;-0,37%;-1,75
06/11/2018;1009,5;-0,15%;32,5;3,33%;1,75;0,17%;-0,55
05/11/2018;1011;-0,20%;38,75;3,99%;13;1,30%;-0,73
02/11/2018;1013;0,57%;35,5;3,63%;12,75;1,27%;2,11
01/11/2018;1007,25;3,10%;24,25;2,47%;2,5;0,25%;11,12
31/10/2018;977;0,49%;-2,75;-0,28%;-19,5;-1,96%;1,75
30/10/2018;972,25;-0,54%;-16,5;-1,67%;-12;-1,22%;-1,93
29/10/2018;977,5;-0,56%;-18,75;-1,88%;-16,25;-1,64%;-2,02
26/10/2018;983;0,33%;-14,25;-1,43%;-5,75;-0,58%;1,19
25/10/2018;979,75;-0,91%;-15,75;-1,58%;-4,75;-0,48%;-3,31
24/10/2018;988,75;-0,75%;-13,5;-1,35%;9;0,92%;-2,76
23/10/2018;996,25;-0,10%;-28,25;-2,76%;10,25;1,04%;-0,37
22/10/2018;997,25;0,18%;-26,25;-2,56%;8,25;0,83%;0,64
19/10/2018;995,5;-0,67%;-34,75;-3,37%;26,75;2,76%;-2,48
18/10/2018;1002,25;-2,17%;-4;-0,40%;49,5;5,20%;-8,18
17/10/2018;1024,5;0,10%;27,5;2,76%;62,25;6,47%;0,37
16/10/2018;1023,5;-0,66%;32,5;3,28%;54,25;5,60%;-2,48
15/10/2018;1030,25;2,39%;28,5;2,85%;58,25;5,99%;8,82
12/10/2018;1006,25;0,93%;-2,25;-0,22%;27,5;2,81%;3,40
11/10/2018;997;0,61%;-10,75;-1,07%;26,5;2,73%;2,20
10/10/2018;991;-1,07%;-7;-0,70%;7;0,71%;-3,95
09/10/2018;1001,75;-0,67%;1,5;0,15%;19;1,93%;-2,48
08/10/2018;1008,5;0,07%;3,75;0,37%;30,5;3,12%;0,28
05/10/2018;1007,75;0,98%;11,25;1,13%;31;3,17%;3,58
04/10/2018;998;-0,22%;13,75;1,40%;15;1,53%;-0,83
03/10/2018;1000,25;-0,45%;6,5;0,65%;18;1,83%;-1,65
02/10/2018;1004,75;0,83%;16;1,62%;34,5;3,56%;3,03
01/10/2018;996,5;1,24%;12;1,22%;21,75;2,23%;4,50
28/09/2018;984,25;-0,96%;4,5;0,46%;12,25;1,26%;-3,49
27/09/2018;993,75;0,51%;7,75;0,79%;6,75;0,68%;1,84
26/09/2018;988,75;0,43%;-0,25;-0,03%;-5,25;-0,53%;1,56
25/09/2018;984,5;0,48%;15,75;1,63%;-8,25;-0,83%;1,75
24/09/2018;979,75;-0,63%;27;2,83%;-29,25;-2,90%;-2,30
21/09/2018;986;-0,30%;23,75;2,47%;-38,75;-3,78%;-1,10
20/09/2018;989;2,09%;19,75;2,04%;-43;-4,17%;7,44
19/09/2018;968,75;1,68%;-3,25;-0,33%;-62,75;-6,08%;5,88
18/09/2018;952,75;-0,99%;-26;-2,66%;-83;-8,01%;-3,49
17/09/2018;962,25;-0,72%;-8,25;-0,85%;-45,5;-4,52%;-2,57
14/09/2018;969,25;-0,28%;-14,75;-1,50%;-49,25;-4,84%;-1,01
13/09/2018;972;-0,69%;-10,75;-1,09%;-35,5;-3,52%;-2,48
12/09/2018;978,75;0,85%;0,75;0,08%;-21,75;-2,17%;3,03
11/09/2018;970,5;-1,37%;-6,25;-0,64%;-72,25;-6,93%;-4,96
10/09/2018;984;0,13%;1;0,10%;-65,25;-6,22%;0,46
07/09/2018;982,75;0,49%;0,5;0,05%;-61,75;-5,91%;1,75
06/09/2018;978;0,13%;7,75;0,80%;-54,25;-5,26%;0,46
05/09/2018;976,75;-0,64%;2;0,21%;-64,25;-6,17%;-2,30
04/09/2018;983;0,08%;11;1,13%;-53,25;-5,14%;0,28
31/08/2018;982,25;1,24%;-4,75;-0,48%;-58,25;-5,60%;4,41
30/08/2018;970,25;-0,46%;-23,75;-2,39%;-87,5;-8,27%;-1,65
29/08/2018;974,75;0,28%;-18;-1,81%;-55;-5,34%;1,01
28/08/2018;972;-1,52%;-37;-3,67%;-52;-5,08%;-5,51
27/08/2018;987;-0,70%;-37,75;-3,68%;-27,75;-2,73%;-2,57
24/08/2018;994;0,13%;-38;-3,68%;-20,5;-2,02%;0,46
23/08/2018;992,75;-1,61%;-38,75;-3,76%;-19,25;-1,90%;-5,97
22/08/2018;1009;-1,54%;-26,75;-2,58%;7,5;0,75%;-5,79
21/08/2018;1024,75;-0,70%;17;1,69%;21,25;2,12%;-2,66
20/08/2018;1032;0,05%;13,5;1,33%;31,75;3,17%;0,18
17/08/2018;1031,5;-0,41%;24;2,38%;35;3,51%;-1,56
16/08/2018;1035,75;2,78%;35,25;3,52%;41,75;4,20%;10,29
15/08/2018;1007,75;-1,06%;-35;-3,36%;23,25;2,36%;-3,95
14/08/2018;1018,5;1,09%;-30,75;-2,93%;45,5;4,68%;4,04
13/08/2018;1007,5;0,70%;-37;-3,54%;19,5;1,97%;2,57
10/08/2018;1000,5;-4,05%;-31,75;-3,08%;13,5;1,37%;-15,52
09/08/2018;1042,75;-0,62%;1,75;0,17%;32,5;3,22%;-2,39
08/08/2018;1049,25;0,45%;13;1,25%;38,5;3,81%;1,75
07/08/2018;1044,5;1,19%;4;0,38%;11,25;1,09%;4,50
06/08/2018;1032,25;-0,84%;-25,5;-2,41%;37,75;3,80%;-3,22
03/08/2018;1041;0,46%;11,25;1,09%;38;3,79%;1,75
02/08/2018;1036,25;-0,41%;12,25;1,20%;28;2,78%;-1,56
01/08/2018;1040,5;-1,63%;25,75;2,54%;21,75;2,13%;-6,34
31/07/2018;1057,75;2,72%;43,25;4,26%;35,5;3,47%;10,29
30/07/2018;1029,75;0,56%;17,75;1,75%;2;0,19%;2,11
27/07/2018;1024;0,91%;22,5;2,25%;-2,25;-0,22%;3,40
26/07/2018;1014,75;0,02%;11,25;1,12%;-19,5;-1,89%;0,09
25/07/2018;1014,5;0,25%;14,25;1,42%;-40,5;-3,84%;0,92
24/07/2018;1012;1,05%;15,5;1,56%;-28,25;-2,72%;3,86
23/07/2018;1001,5;-0,20%;7,5;0,75%;-47,75;-4,55%;-0,73
20/07/2018;1003,5;0,32%;19;1,93%;-46,25;-4,41%;1,19
19/07/2018;1000,25;0,38%;27,25;2,80%;-70;-6,54%;1,38
18/07/2018;996,5;0,25%;8,5;0,86%;-72,75;-6,80%;0,92
17/07/2018;994;0,96%;7;0,71%;-94,75;-8,70%;3,49
16/07/2018;984,5;1,18%;-25,75;-2,55%;-113;-10,30%;4,23
13/07/2018;973;-1,52%;-37,75;-3,73%;-142,5;-12,77%;-5,51
12/07/2018;988;0,10%;-45,25;-4,38%;-127,25;-11,41%;0,37
11/07/2018;987;-2,30%;-7,5;-0,75%;-143,75;-12,71%;-8,54
10/07/2018;1010,25;-0,05%;7,25;0,72%;-125,5;-11,05%;-0,18
09/07/2018;1010,75;-2,18%;2,5;0,25%;-145;-12,55%;-8,27
06/07/2018;1033,25;3,90%;14,5;1,42%;-129,5;-11,14%;14,24
05/07/2018;994,5;-0,85%;-27,75;-2,71%;-168,75;-14,51%;-3,12
03/07/2018;1003;-0,52%;-24,75;-2,41%;-179,75;-15,20%;-1,93
02/07/2018;1008,25;-1,03%;-18;-1,75%;-171,75;-14,56%;-3,86
29/06/2018;1018,75;-0,34%;-15,5;-1,50%;-165,75;-13,99%;-1,29
28/06/2018;1022,25;-0,54%;-32,75;-3,10%;-169,75;-14,24%;-2,02
27/06/2018;1027,75;0,15%;-12,5;-1,20%;-175,25;-14,57%;0,55
26/06/2018;1026,25;-0,77%;-23;-2,19%;-171;-14,28%;-2,94
25/06/2018;1034,25;-1,97%;-15,5;-1,48%;-166,5;-13,87%;-7,62
22/06/2018;1055;1,42%;-15,25;-1,42%;-137;-11,49%;5,42
21/06/2018;1040,25;-0,86%;-29;-2,71%;-146,5;-12,34%;-3,31
20/06/2018;1049,25;-0,05%;-39,5;-3,63%;-110,75;-9,55%;-0,18
19/06/2018;1049,75;-1,92%;-47,75;-4,35%;-106,75;-9,23%;-7,53
18/06/2018;1070,25;0,09%;-45,25;-4,06%;-91;-7,84%;0,37
15/06/2018;1069,25;-1,79%;-46;-4,12%;-111;-9,40%;-7,17
14/06/2018;1088,75;-0,80%;-42;-3,71%;-90,5;-7,67%;-3,22
13/06/2018;1097,5;-1,61%;-38,25;-3,37%;-67,25;-5,77%;-6,61
12/06/2018;1115,5;0,02%;-40,25;-3,48%;-67,25;-5,69%;0,09
11/06/2018;1115,25;-1,37%;-47,5;-4,09%;-62;-5,27%;-5,70
08/06/2018;1130,75;-0,44%;-32,5;-2,79%;-51;-4,32%;-1,84
07/06/2018;1135,75;-1,73%;-47;-3,97%;-37,25;-3,18%;-7,35
06/06/2018;1155,75;-0,60%;-24,25;-2,06%;-42,5;-3,55%;-2,57
05/06/2018;1162,75;-0,04%;-21,75;-1,84%;-52;-4,28%;-0,18
04/06/2018;1163,25;-1,65%;-28,75;-2,41%;-41,25;-3,42%;-7,17
01/06/2018;1182,75;0,23%;-20,25;-1,68%;-32;-2,63%;1,01
31/05/2018;1180;-0,38%;-17,25;-1,44%;-30;-2,48%;-1,65
30/05/2018;1184,5;-0,63%;-16,25;-1,35%;-33,25;-2,73%;-2,76
29/05/2018;1192;-0,91%;0;0,00%;-9;-0,75%;-4,04
25/05/2018;1203;0,48%;16,25;1,37%;2,25;0,19%;2,11
24/05/2018;1197,25;-0,29%;37,25;3,21%;1,75;0,15%;-1,29
23/05/2018;1200,75;0,73%;44,25;3,83%;7;0,59%;3,22
22/05/2018;1192;0,44%;30,75;2,65%;-9,75;-0,81%;1,93
21/05/2018;1186,75;2,31%;6,5;0,55%;-23,75;-1,96%;9,83
18/05/2018;1160;0,30%;-19,25;-1,63%;-54,75;-4,51%;1,29
17/05/2018;1156,5;-0,41%;-8,25;-0,71%;-62,25;-5,11%;-1,75
16/05/2018;1161,25;-1,61%;-21,5;-1,82%;-53,5;-4,40%;-6,98
15/05/2018;1180,25;0,08%;3;0,25%;-46,25;-3,77%;0,37
14/05/2018;1179,25;1,24%;-2,5;-0,21%;-54;-4,38%;5,33
11/05/2018;1164,75;-1,52%;-8,25;-0,70%;-55,5;-4,55%;-6,61
10/05/2018;1182,75;0,47%;-15,5;-1,29%;-39;-3,19%;2,02
09/05/2018;1177,25;-0,38%;-37,5;-3,09%;-41,75;-3,42%;-1,65
08/05/2018;1181,75;0,75%;-22,75;-1,89%;-24;-1,99%;3,22
07/05/2018;1173;-2,11%;-41,75;-3,44%;-30,25;-2,51%;-9,28
04/05/2018;1198,25;-1,36%;-11,75;-0,97%;11;0,93%;-6,06
03/05/2018;1214,75;0,85%;-3;-0,25%;4,75;0,39%;3,77
02/05/2018;1204,5;-0,84%;3,5;0,29%;-3;-0,25%;-3,77
01/05/2018;1214,75;0,39%;14;1,17%;-2;-0,16%;1,75
30/04/2018;1210;-0,64%;14,5;1,21%;20;1,68%;-2,85
27/04/2018;1217,75;1,39%;24;2,01%;26,25;2,20%;6,15
26/04/2018;1201;0,02%;-0,75;-0,06%;3,5;0,29%;0,09
25/04/2018;1200,75;0,44%;-9,75;-0,81%;0,5;0,04%;1,93
24/04/2018;1195,5;0,15%;-19,25;-1,58%;-6,25;-0,52%;0,64
23/04/2018;1193,75;-0,67%;-25;-2,05%;-8;-0,67%;-2,94
20/04/2018;1201,75;-0,72%;-13;-1,07%;1,5;0,12%;-3,22
19/04/2018;1210,5;-0,35%;-16;-1,30%;16;1,34%;-1,56
18/04/2018;1214,75;-0,33%;-18,5;-1,50%;-6,75;-0,55%;-1,47
17/04/2018;1218,75;0,33%;-1,5;-0,12%;6;0,49%;1,47
16/04/2018;1214,75;-0,96%;-7;-0,57%;10,5;0,87%;-4,32
13/04/2018;1226,5;-0,55%;7,5;0,62%;5,75;0,47%;-2,48
12/04/2018;1233,25;1,07%;27,5;2,28%;20,25;1,67%;4,78
11/04/2018;1220,25;-0,12%;17;1,41%;9;0,74%;-0,55
10/04/2018;1221,75;0,23%;34,5;2,91%;-14,25;-1,15%;1,01
09/04/2018;1219;1,10%;9;0,74%;-18,25;-1,48%;4,87
06/04/2018;1205,75;0,21%;-1,75;-0,14%;-41;-3,29%;0,92
05/04/2018;1203,25;1,35%;-13,5;-1,11%;-46,25;-3,70%;5,88
04/04/2018;1187,25;-1,88%;-2,75;-0,23%;-55,75;-4,49%;-8,36
03/04/2018;1210;0,21%;18,5;1,55%;-30;-2,42%;0,92
02/04/2018;1207,5;-0,76%;10;0,84%;-20;-1,63%;-3,40
29/03/2018;1216,75;2,25%;16,5;1,37%;-4,75;-0,39%;9,83
28/03/2018;1190;-0,13%;-11,75;-0,98%;-28;-2,30%;-0,55
27/03/2018;1191,5;-0,50%;-10,25;-0,85%;-28;-2,30%;-2,20
26/03/2018;1197,5;-0,23%;-2,75;-0,23%;-17,75;-1,46%;-1,01
23/03/2018;1200,25;-0,12%;5,75;0,48%;-17,25;-1,42%;-0,55
22/03/2018;1201,75;0,00%;-19,75;-1,62%;-7,75;-0,64%;0,00
21/03/2018;1201,75;0,12%;-11;-0,91%;-2,75;-0,23%;0,55
20/03/2018;1200,25;0,48%;-4;-0,33%;-6,75;-0,56%;2,11
19/03/2018;1194,5;-2,21%;-26,25;-2,15%;-5,25;-0,44%;-9,92
16/03/2018;1221,5;0,72%;8,5;0,70%;27,25;2,28%;3,22
15/03/2018;1212,75;0,71%;1,5;0,12%;28,5;2,41%;3,12
14/03/2018;1204,25;-1,35%;-31,75;-2,57%;38,75;3,32%;-6,06
13/03/2018;1220,75;0,64%;-16,5;-1,33%;50,5;4,32%;2,85
12/03/2018;1213;0,14%;-33,75;-2,71%;47,5;4,08%;0,64
09/03/2018;1211,25;-2,00%;-38,25;-3,06%;42,5;3,64%;-9,09
08/03/2018;1236;-0,10%;-7;-0,56%;83,75;7,27%;-0,46
07/03/2018;1237,25;-0,76%;-2,75;-0,22%;76;6,54%;-3,49
06/03/2018;1246,75;-0,22%;19,25;1,57%;79,25;6,79%;-1,01
05/03/2018;1249,5;0,52%;28;2,29%;71,25;6,05%;2,39
02/03/2018;1243;0,24%;25;2,05%;60,25;5,09%;1,10
01/03/2018;1240;1,02%;20,5;1,68%;66;5,62%;4,59
28/02/2018;1227,5;0,49%;12,25;1,01%;59,5;5,09%;2,20
27/02/2018;1221,5;0,29%;4;0,33%;46,75;3,98%;1,29
26/02/2018;1218;-0,12%;8,5;0,70%;43,25;3,68%;-0,55
23/02/2018;1219,5;0,35%;15;1,25%;50,75;4,34%;1,56
22/02/2018;1215,25;-0,18%;8,25;0,68%;48,5;4,16%;-0,83
21/02/2018;1217,5;0,66%;17,75;1,48%;57,75;4,98%;2,94
20/02/2018;1209,5;0,42%;15,25;1,28%;54;4,67%;1,84
16/02/2018;1204,5;-0,21%;20,25;1,71%;53,25;4,63%;-0,92
15/02/2018;1207;0,60%;41,5;3,56%;56,5;4,91%;2,66
14/02/2018;1199,75;0,46%;29,5;2,52%;56,75;4,97%;2,02
13/02/2018;1194,25;0,84%;28,75;2,47%;61,75;5,45%;3,67
12/02/2018;1184,25;1,61%;15,5;1,33%;46,75;4,11%;6,89
09/02/2018;1165,5;-0,41%;13,25;1,15%;19,25;1,68%;-1,75
08/02/2018;1170,25;0,41%;9;0,78%;21;1,83%;1,75
07/02/2018;1165,5;-0,28%;-2;-0,17%;12,25;1,06%;-1,19
06/02/2018;1168,75;1,43%;-9,5;-0,81%;18,5;1,61%;6,06
05/02/2018;1152,25;-0,78%;-30,5;-2,58%;1;0,09%;-3,31
02/02/2018;1161,25;-0,54%;-12,75;-1,09%;14;1,22%;-2,30
01/02/2018;1167,5;-0,91%;-0,5;-0,04%;23,25;2,03%;-3,95
31/01/2018;1178,25;-0,38%;3,5;0,30%;39;3,42%;-1,65
30/01/2018;1182,75;0,75%;8;0,68%;32,75;2,85%;3,22
29/01/2018;1174;0,51%;5,25;0,45%;21;1,82%;2,20
26/01/2018;1168;-0,57%;1,25;0,11%;25,25;2,21%;-2,48
25/01/2018;1174,75;0,00%;15;1,29%;33,25;2,91%;0,00
24/01/2018;1174,75;0,51%;19,25;1,67%;27,75;2,42%;2,20
23/01/2018;1168,75;0,17%;17,5;1,52%;19,5;1,70%;0,73
22/01/2018;1166,75;0,60%;16,25;1,41%;11,75;1,02%;2,57
19/01/2018;1159,75;0,37%;16,75;1,47%;-0,75;-0,06%;1,56
18/01/2018;1155,5;0,37%;23;2,03%;-5,75;-0,50%;1,56
17/01/2018;1151,25;0,07%;13,75;1,21%;-21,75;-1,85%;0,28
16/01/2018;1150,5;0,66%;4,25;0,37%;-19,25;-1,65%;2,76
12/01/2018;1143;0,93%;-6,25;-0,54%;-33,5;-2,85%;3,86
11/01/2018;1132,5;-0,44%;-20,75;-1,80%;-51,25;-4,33%;-1,84
10/01/2018;1137,5;-0,76%;-12,75;-1,11%;-48,5;-4,09%;-3,22
09/01/2018;1146,25;-0,26%;-5;-0,43%;-50,5;-4,22%;-1,10
08/01/2018;1149,25;-0,35%;2;0,17%;-53,25;-4,43%;-1,47
05/01/2018;1153,25;0,26%;9;0,79%;-39,25;-3,29%;1,10
04/01/2018;1150,25;-0,09%;11;0,97%;-38;-3,20%;-0,37
03/01/2018;1151,25;0,35%;1,25;0,11%;-28,5;-2,42%;1,47
02/01/2018;1147,25;0,26%;-5,75;-0,50%;-39,25;-3,31%;1,10
29/12/2017;1144,25;0,44%;1,5;0,13%;-42,75;-3,60%;1,84
28/12/2017;1139,25;-0,93%;-2,25;-0,20%;-50,75;-4,26%;-3,95
27/12/2017;1150;-0,26%;3;0,26%;-37,25;-3,14%;-1,10
26/12/2017;1153;0,90%;3,75;0,33%;-38,25;-3,21%;3,77
22/12/2017;1142,75;0,11%;-12,25;-1,06%;-40,25;-3,40%;0,46
21/12/2017;1141,5;-0,48%;-19;-1,64%;-42,5;-3,59%;-2,02
20/12/2017;1147;-0,20%;-14,25;-1,23%;-37,5;-3,17%;-0,83
19/12/2017;1149,25;-0,50%;-23,75;-2,02%;-16,75;-1,44%;-2,11
18/12/2017;1155;-0,47%;-14,75;-1,26%;-15,25;-1,30%;-2,02
15/12/2017;1160,5;-0,06%;-16;-1,36%;-1,25;-0,11%;-0,28
14/12/2017;1161,25;-1,00%;-22,5;-1,90%;-7;-0,60%;-4,32
13/12/2017;1173;0,28%;-13;-1,10%;-8;-0,68%;1,19
12/12/2017;1169,75;-0,57%;-27;-2,26%;-9,25;-0,78%;-2,48
11/12/2017;1176,5;-0,61%;-26;-2,16%;-16;-1,34%;-2,66
08/12/2017;1183,75;-0,19%;-8,75;-0,73%;-6,25;-0,53%;-0,83
07/12/2017;1186;-0,90%;-2,25;-0,19%;-2;-0,17%;-3,95
06/12/2017;1196,75;-0,48%;17;1,44%;16;1,36%;-2,11
05/12/2017;1202,5;0,84%;16;1,35%;9,25;0,78%;3,67
04/12/2017;1192,5;0,36%;5,5;0,46%;7,25;0,61%;1,56
01/12/2017;1188,25;0,72%;-1,75;-0,15%;9,5;0,81%;3,12
30/11/2017;1179,75;-0,57%;-7,5;-0,63%;1,25;0,11%;-2,48
29/11/2017;1186,5;-0,04%;-4,75;-0,40%;6;0,51%;-0,18
28/11/2017;1187;-0,25%;4;0,34%;10,5;0,89%;-1,10
27/11/2017;1190;0,23%;6;0,51%;9,75;0,83%;1,01
24/11/2017;1187,25;-0,34%;2,75;0,23%;7,5;0,64%;-1,47
22/11/2017;1191,25;0,70%;25,25;2,17%;6,25;0,53%;3,03
21/11/2017;1183;-0,08%;12,75;1,09%;0;0,00%;-0,37
20/11/2017;1184;-0,04%;22,25;1,92%;-6,75;-0,57%;-0,18
17/11/2017;1184,5;1,59%;16,25;1,39%;-4;-0,34%;6,80
16/11/2017;1166;-0,36%;-15;-1,27%;-23;-1,93%;-1,56
15/11/2017;1170,25;0,73%;-8,75;-0,74%;-25;-2,09%;3,12
14/11/2017;1161,75;-0,56%;-30,75;-2,58%;-42,75;-3,55%;-2,39
13/11/2017;1168,25;-1,08%;-21,75;-1,83%;-28;-2,34%;-4,69
10/11/2017;1181;0,17%;-7;-0,59%;11,5;0,98%;0,73
09/11/2017;1179;-1,13%;-1,75;-0,15%;8,75;0,75%;-4,96
08/11/2017;1192,5;0,21%;-0,75;-0,06%;21,5;1,84%;0,92
07/11/2017;1190;0,17%;4,75;0,40%;13,5;1,15%;0,73
06/11/2017;1188;0,61%;9,25;0,78%;15,5;1,32%;2,66
03/11/2017;1180,75;-1,05%;2,25;0,19%;18,25;1,57%;-4,59
02/11/2017;1193,25;0,67%;12,75;1,08%;33,75;2,91%;2,94
01/11/2017;1185,25;0,55%;8,75;0,74%;23,75;2,04%;2,39
31/10/2017;1178,75;0,02%;-1,5;-0,13%;6,25;0,53%;0,09
30/10/2017;1178,5;-0,17%;-1,25;-0,11%;14,75;1,27%;-0,73
27/10/2017;1180,5;0,34%;-4,5;-0,38%;10,75;0,92%;1,47
26/10/2017;1176,5;-0,32%;-6,5;-0,55%;8,75;0,75%;-1,38
25/10/2017;1180,25;0,04%;-10,5;-0,88%;4,75;0,40%;0,18
24/10/2017;1179,75;-0,44%;-8,75;-0,74%;-8,75;-0,74%;-1,93
23/10/2017;1185;0,17%;-4;-0,34%;10;0,85%;0,73
20/10/2017;1183;-0,65%;-12,25;-1,02%;8,75;0,75%;-2,85
19/10/2017;1190,75;0,19%;-13,75;-1,14%;21;1,80%;0,83
18/10/2017;1188,5;-0,04%;-7,75;-0,65%;16,5;1,41%;-0,18
17/10/2017;1189;-0,52%;19,5;1,67%;16;1,36%;-2,30
16/10/2017;1195,25;-0,77%;25;2,14%;15;1,27%;-3,40
13/10/2017;1204,5;0,69%;33,5;2,86%;39,75;3,41%;3,03
12/10/2017;1196,25;2,29%;19,75;1,68%;41,5;3,59%;9,83
11/10/2017;1169,5;-0,06%;-3;-0,26%;5,25;0,45%;-0,28
10/10/2017;1170,25;-0,06%;7,75;0,67%;4;0,34%;-0,28
09/10/2017;1171;-0,47%;11,5;0,99%;-2;-0,17%;-2,02
06/10/2017;1176,5;0,34%;15;1,29%;1,25;0,11%;1,47
05/10/2017;1172,5;0,86%;0;0,00%;-0,25;-0,02%;3,67
04/10/2017;1162,5;0,26%;-1,25;-0,11%;8,75;0,76%;1,10
03/10/2017;1159,5;-0,17%;-10,25;-0,88%;10;0,87%;-0,73
02/10/2017;1161,5;-0,94%;-6,25;-0,54%;24;2,11%;-4,04
29/09/2017;1172,5;0,75%;-3;-0,26%;31;2,72%;3,22
28/09/2017;1163,75;-0,51%;-24,75;-2,08%;18,25;1,59%;-2,20
27/09/2017;1169,75;0,17%;-5,25;-0,45%;21;1,83%;0,73
26/09/2017;1167,75;-0,66%;-6,5;-0,55%;17;1,48%;-2,85
25/09/2017;1175,5;-1,09%;5,75;0,49%;33,25;2,91%;-4,78
22/09/2017;1188,5;1,15%;16,5;1,41%;46,75;4,09%;4,96
21/09/2017;1175;0,06%;2;0,17%;34,5;3,02%;0,28
20/09/2017;1174,25;0,38%;-6;-0,51%;32,25;2,82%;1,65
19/09/2017;1169,75;-0,19%;5;0,43%;32,5;2,86%;-0,83
18/09/2017;1172;-0,09%;17,25;1,49%;42,5;3,76%;-0,37
15/09/2017;1173;-0,61%;8,75;0,75%;44,5;3,94%;-2,66
14/09/2017;1180,25;1,33%;14;1,20%;37,75;3,30%;5,70
13/09/2017;1164,75;0,87%;-8,25;-0,70%;15,5;1,35%;3,67
12/09/2017;1154,75;-0,82%;-20,5;-1,74%;10,25;0,90%;-3,49
11/09/2017;1164,25;-0,17%;-8,5;-0,72%;-13,25;-1,13%;-0,73
08/09/2017;1166,25;-0,58%;12,5;1,08%;-11,25;-0,96%;-2,48
07/09/2017;1173;-0,19%;23,5;2,04%;-1;-0,09%;-0,83
06/09/2017;1175,25;0,21%;37,75;3,32%;14,25;1,23%;0,92
05/09/2017;1172,75;1,65%;31,25;2,74%;8;0,69%;6,98
01/09/2017;1153,75;0,37%;8,25;0,72%;-28;-2,37%;1,56
31/08/2017;1149,5;1,05%;0,75;0,07%;-26,5;-2,25%;4,41
30/08/2017;1137,5;-0,35%;-13,25;-1,15%;-74;-6,11%;-1,47
29/08/2017;1141,5;-0,35%;-0,75;-0,07%;-75,75;-6,22%;-1,47
28/08/2017;1145,5;-0,28%;3,75;0,33%;-66,25;-5,47%;-1,19
25/08/2017;1148,75;-0,17%;8,25;0,72%;-55,75;-4,63%;-0,73
24/08/2017;1150,75;0,74%;8,75;0,77%;-46,25;-3,86%;3,12
23/08/2017;1142,25;0,04%;5;0,44%;-72;-5,93%;0,18
22/08/2017;1141,75;0,11%;12,25;1,08%;-84,75;-6,91%;0,46
21/08/2017;1140,5;-0,13%;12;1,06%;-90,75;-7,37%;-0,55
18/08/2017;1142;0,42%;-0,5;-0,04%;-74,75;-6,14%;1,75
17/08/2017;1137,25;0,69%;-12;-1,04%;-68,75;-5,70%;2,85
16/08/2017;1129,5;0,09%;-15;-1,31%;-72,25;-6,01%;0,37
15/08/2017;1128,5;-1,23%;-49;-4,16%;-77,25;-6,41%;-5,14
14/08/2017;1142,5;-0,59%;-35;-2,97%;-49,25;-4,13%;-2,48
11/08/2017;1149,25;0,42%;-24,75;-2,11%;-89;-7,19%;1,75
10/08/2017;1144,5;-2,80%;-16,5;-1,42%;-103;-8,26%;-12,13
09/08/2017;1177,5;0,00%;12,75;1,09%;-66;-5,31%;0,00
08/08/2017;1177,5;0,30%;-4,25;-0,36%;-42,25;-3,46%;1,29
07/08/2017;1174;1,12%;-2;-0,17%;-29,5;-2,45%;4,78
04/08/2017;1161;-0,32%;-50,5;-4,17%;-37,5;-3,13%;-1,38
03/08/2017;1164,75;-1,44%;-52,5;-4,31%;-20,25;-1,71%;-6,25
02/08/2017;1181,75;0,49%;-30;-2,48%;22,75;1,96%;2,11
01/08/2017;1176;-2,93%;-28,5;-2,37%;47;4,16%;-13,04
31/07/2017;1211,5;-0,47%;14,5;1,21%;85,5;7,59%;-2,11
28/07/2017;1217,25;0,45%;3;0,25%;95,5;8,51%;2,02
27/07/2017;1211,75;0,60%;-14,75;-1,20%;93,75;8,39%;2,66
26/07/2017;1204,5;0,63%;-26,75;-2,17%;89,25;8,00%;2,76
25/07/2017;1197;-1,42%;-19,75;-1,62%;79,5;7,11%;-6,34
24/07/2017;1214,25;-1,00%;8,25;0,68%;82,25;7,27%;-4,50
21/07/2017;1226,5;-0,39%;24,75;2,06%;83,5;7,31%;-1,75
20/07/2017;1231,25;1,19%;25,5;2,11%;78,5;6,81%;5,33
19/07/2017;1216,75;0,89%;25;2,10%;62,5;5,41%;3,95
18/07/2017;1206;0,35%;-32,25;-2,60%;57,75;5,03%;1,56
17/07/2017;1201,75;-0,33%;-45,75;-3,67%;58,5;5,12%;-1,47
14/07/2017;1205,75;1,17%;-37,75;-3,04%;61,75;5,40%;5,14
13/07/2017;1191,75;-3,76%;-28;-2,30%;49;4,29%;-17,09
12/07/2017;1238,25;-0,74%;34,75;2,89%;85,25;7,39%;-3,40
11/07/2017;1247,5;0,32%;49;4,09%;98;8,53%;1,47
10/07/2017;1243,5;1,95%;58,5;4,94%;101,25;8,86%;8,73
07/07/2017;1219,75;1,35%;60,75;5,24%;84,75;7,47%;5,97
06/07/2017;1203,5;0,42%;74,5;6,60%;70;6,18%;1,84
05/07/2017;1198,5;1,14%;72,5;6,44%;65,75;5,80%;4,96
03/07/2017;1185;2,24%;63,25;5,64%;61,25;5,45%;9,55
30/06/2017;1159;2,66%;41;3,67%;31,5;2,79%;11,02
29/06/2017;1129;0,27%;13,75;1,23%;4,75;0,42%;1,10
28/06/2017;1126;0,38%;8,5;0,76%;-12;-1,05%;1,56
27/06/2017;1121,75;0,34%;-10,25;-0,91%;-29,25;-2,54%;1,38
26/06/2017;1118;0,25%;-25;-2,19%;-41,75;-3,60%;1,01
23/06/2017;1115,25;-0,20%;-37,5;-3,25%;-44,5;-3,84%;-0,83
22/06/2017;1117,5;-1,28%;-36,75;-3,18%;-50,5;-4,32%;-5,33
21/06/2017;1132;-0,96%;-16,25;-1,42%;-32,5;-2,79%;-4,04
20/06/2017;1143;-0,85%;-0,25;-0,02%;-13,25;-1,15%;-3,58
19/06/2017;1152,75;-0,13%;8,75;0,76%;-34,5;-2,91%;-0,55
16/06/2017;1154,25;0,52%;11,5;1,01%;-33,5;-2,82%;2,20
15/06/2017;1148,25;0,44%;-4,75;-0,41%;-28,5;-2,42%;1,84
14/06/2017;1143,25;-0,07%;-6,25;-0,54%;-31,25;-2,66%;-0,28
13/06/2017;1144;0,11%;1,75;0,15%;-33,75;-2,87%;0,46
12/06/2017;1142,75;-0,89%;7,75;0,68%;-39;-3,30%;-3,77
09/06/2017;1153;0,30%;19,5;1,72%;-32,5;-2,74%;1,29
08/06/2017;1149,5;0,63%;16,75;1,48%;-26,75;-2,27%;2,66
07/06/2017;1142,25;0,64%;18,5;1,65%;-42,25;-3,57%;2,66
06/06/2017;1135;0,13%;7,5;0,67%;-50,75;-4,28%;0,55
05/06/2017;1133,5;0,07%;9,25;0,82%;-53,25;-4,49%;0,28
02/06/2017;1132,75;0,80%;-5,25;-0,46%;-47,5;-4,02%;3,31
01/06/2017;1123,75;-0,33%;-27,25;-2,37%;-58;-4,91%;-1,38
31/05/2017;1127,5;0,29%;-32,25;-2,78%;-40,25;-3,45%;1,19
30/05/2017;1124,25;-1,21%;-35,5;-3,06%;-44,5;-3,81%;-5,05
26/05/2017;1138;-1,13%;-30;-2,57%;-30;-2,57%;-4,78
25/05/2017;1151;-0,75%;-13,5;-1,16%;-25,5;-2,17%;-3,22
24/05/2017;1159,75;0,00%;3,5;0,30%;-23,5;-1,99%;0,00
23/05/2017;1159,75;-0,71%;-27,5;-2,32%;-12,5;-1,07%;-3,03
22/05/2017;1168;0,30%;-19,75;-1,66%;-0,25;-0,02%;1,29
19/05/2017;1164,5;0,71%;-12,25;-1,04%;-7,5;-0,64%;3,03
18/05/2017;1156,25;-2,61%;-18,25;-1,55%;-11,5;-0,98%;-11,39
17/05/2017;1187,25;-0,04%;9,5;0,81%;12;1,02%;-0,18
16/05/2017;1187,75;0,93%;6;0,51%;10,25;0,87%;4,04
15/05/2017;1176,75;0,19%;-8,75;-0,74%;7;0,60%;0,83
12/05/2017;1174,5;-0,28%;-1,75;-0,15%;13,25;1,14%;-1,19
11/05/2017;1177,75;-0,34%;-6,75;-0,57%;14;1,20%;-1,47
10/05/2017;1181,75;-0,32%;-4;-0,34%;17,75;1,52%;-1,38
09/05/2017;1185,5;0,79%;-1,25;-0,11%;22;1,89%;3,40
08/05/2017;1176,25;-0,70%;-4;-0,34%;10;0,86%;-3,03
05/05/2017;1184,5;-0,11%;2,75;0,23%;24,75;2,13%;-0,46
04/05/2017;1185,75;-0,08%;18;1,54%;25,5;2,20%;-0,37
03/05/2017;1186,75;0,55%;18;1,54%;18,75;1,61%;2,39
02/05/2017;1180,25;-0,13%;12,25;1,05%;-4,75;-0,40%;-0,55
01/05/2017;1181,75;1,20%;5,25;0,45%;-9,25;-0,78%;5,14
28/04/2017;1167,75;-0,09%;-15,5;-1,31%;-26,25;-2,20%;-0,37
27/04/2017;1168,75;0,06%;-3,5;-0,30%;-24,75;-2,07%;0,28
26/04/2017;1168;-0,72%;-0,25;-0,02%;-29,75;-2,48%;-3,12
25/04/2017;1176,5;-0,57%;4,5;0,38%;-36,5;-3,01%;-2,48
24/04/2017;1183,25;0,94%;15,5;1,33%;-38,5;-3,15%;4,04
21/04/2017;1172,25;0,34%;-3;-0,26%;-51,25;-4,19%;1,47
20/04/2017;1168,25;-0,32%;-9,25;-0,79%;-53,25;-4,36%;-1,38
19/04/2017;1172;0,36%;2,25;0,19%;-50;-4,09%;1,56
18/04/2017;1167,75;-0,64%;6,5;0,56%;-55,75;-4,56%;-2,76
17/04/2017;1175,25;-0,19%;11,5;0,99%;-44,75;-3,67%;-0,83
13/04/2017;1177,5;0,66%;13,5;1,16%;-43,75;-3,58%;2,85
12/04/2017;1169,75;0,73%;6,25;0,54%;-58,25;-4,74%;3,12
11/04/2017;1161,25;-0,21%;-5;-0,43%;-67,25;-5,47%;-0,92
10/04/2017;1163,75;-0,02%;4;0,34%;-69,25;-5,62%;-0,09
07/04/2017;1164;0,04%;3,75;0,32%;-79,75;-6,41%;0,18
06/04/2017;1163,5;-0,24%;-4,5;-0,39%;-83,75;-6,71%;-1,01
05/04/2017;1166,25;0,56%;-18,75;-1,58%;-93;-7,39%;2,39
04/04/2017;1159,75;-0,04%;-31,25;-2,62%;-99,75;-7,92%;-0,18
03/04/2017;1160,25;-0,66%;-33,75;-2,83%;-99;-7,86%;-2,85
31/03/2017;1168;-1,43%;-25,5;-2,14%;-105,75;-8,30%;-6,25
30/03/2017;1185;-0,50%;-12,75;-1,06%;-72,75;-5,78%;-2,20
29/03/2017;1191;-0,25%;-22;-1,81%;-53;-4,26%;-1,10
28/03/2017;1194;0,04%;-27,75;-2,27%;-52,25;-4,19%;0,18
27/03/2017;1193,5;-0,35%;-30;-2,45%;-51;-4,10%;-1,56
24/03/2017;1197,75;-1,26%;-23,75;-1,94%;-57,75;-4,60%;-5,60
23/03/2017;1213;-0,72%;-9;-0,74%;-46,25;-3,67%;-3,22
22/03/2017;1221,75;-0,14%;-1,75;-0,14%;-43,5;-3,44%;-0,64
21/03/2017;1223,5;0,16%;3,5;0,29%;-53,25;-4,17%;0,73
20/03/2017;1221,5;-0,04%;0,25;0,02%;-72,25;-5,58%;-0,18
17/03/2017;1222;-0,12%;-6;-0,49%;-56;-4,38%;-0,55
16/03/2017;1223,5;0,29%;-5;-0,41%;-64,25;-4,99%;1,29
15/03/2017;1220;-0,10%;-13;-1,05%;-72,5;-5,61%;-0,46
14/03/2017;1221,25;-0,55%;-22,5;-1,81%;-62,75;-4,89%;-2,48
13/03/2017;1228;-0,04%;-19,25;-1,54%;-64,25;-4,97%;-0,18
10/03/2017;1228,5;-0,36%;-30,75;-2,44%;-47,75;-3,74%;-1,65
09/03/2017;1233;-0,86%;-26,5;-2,10%;-36,5;-2,88%;-3,95
08/03/2017;1243,75;-0,28%;-15,5;-1,23%;-16,75;-1,33%;-1,29
07/03/2017;1247,25;-0,95%;-26,5;-2,08%;-23,5;-1,85%;-4,41
06/03/2017;1259,25;-0,02%;1,5;0,12%;-11;-0,87%;-0,09
03/03/2017;1259,5;0,02%;15,5;1,25%;1,5;0,12%;0,09
02/03/2017;1259,25;-1,14%;13;1,04%;3;0,24%;-5,33
01/03/2017;1273,75;1,27%;29,25;2,35%;-9;-0,70%;5,88
28/02/2017;1257,75;1,11%;2,25;0,18%;-25,25;-1,97%;5,05
27/02/2017;1244;-0,18%;-15,25;-1,21%;-44,75;-3,47%;-0,83
24/02/2017;1246,25;0,14%;-19;-1,50%;-45,75;-3,54%;0,64
23/02/2017;1244,5;-0,88%;-32,25;-2,53%;-46,75;-3,62%;-4,04
22/02/2017;1255,5;-0,30%;-38,25;-2,96%;-45,5;-3,50%;-1,38
21/02/2017;1259,25;-0,47%;-18,75;-1,47%;-44,5;-3,41%;-2,20
17/02/2017;1265,25;-0,90%;-22,5;-1,75%;-43,25;-3,31%;-4,23
16/02/2017;1276,75;-1,31%;-15,75;-1,22%;-26;-2,00%;-6,25
15/02/2017;1293,75;1,23%;9,75;0,76%;14;1,09%;5,79
14/02/2017;1278;-0,76%;-14,25;-1,10%;4,25;0,33%;-3,58
13/02/2017;1287,75;-0,37%;11,5;0,90%;42,75;3,43%;-1,75
10/02/2017;1292,5;0,66%;23;1,81%;45,25;3,63%;3,12
09/02/2017;1284;-0,64%;23,5;1,86%;45,25;3,65%;-3,03
08/02/2017;1292,25;1,25%;21,5;1,69%;64;5,21%;5,88
07/02/2017;1276,25;0,53%;6;0,47%;30,25;2,43%;2,48
06/02/2017;1269,5;0,71%;11,5;0,91%;20,75;1,66%;3,31
03/02/2017;1260,5;-0,81%;4,25;0,34%;32;2,60%;-3,77
02/02/2017;1270,75;0,04%;-12;-0,94%;33,25;2,69%;0,18
01/02/2017;1270,25;0,97%;-12,75;-0,99%;24;1,93%;4,50
31/01/2017;1258;0,14%;-30,75;-2,39%;8;0,64%;0,64
30/01/2017;1256,25;-2,07%;-35,75;-2,77%;-1,5;-0,12%;-9,74
27/01/2017;1282,75;-0,02%;-8,5;-0,66%;51,75;4,20%;-0,09
26/01/2017;1283;-0,45%;-18;-1,38%;45,5;3,68%;-2,11
25/01/2017;1288,75;-0,25%;-15;-1,15%;38,25;3,06%;-1,19
24/01/2017;1292;0,06%;-16,5;-1,26%;42,75;3,42%;0,28
23/01/2017;1291,25;-0,75%;-11,5;-0,88%;25,75;2,03%;-3,58
20/01/2017;1301;-0,21%;21,25;1,66%;20,75;1,62%;-1,01
19/01/2017;1303,75;-0,36%;30;2,36%;31;2,44%;-1,75
18/01/2017;1308,5;0,44%;63,5;5,10%;40,5;3,19%;2,11
17/01/2017;1302,75;1,80%;55,5;4,45%;29,75;2,34%;8,45
13/01/2017;1279,75;0,47%;41;3,31%;3,75;0,29%;2,20
12/01/2017;1273,75;2,31%;45,5;3,70%;-8,75;-0,68%;10,56
11/01/2017;1245;-0,18%;-1;-0,08%;-27;-2,12%;-0,83
10/01/2017;1247,25;0,69%;-1,5;-0,12%;-46,75;-3,61%;3,12
09/01/2017;1238,75;0,85%;10,25;0,83%;-54;-4,18%;3,86
06/01/2017;1228,25;-1,42%;-9,25;-0,75%;-60,25;-4,68%;-6,52
05/01/2017;1246;-0,22%;-0,25;-0,02%;-26,5;-2,08%;-1,01
04/01/2017;1248,75;1,65%;-1,25;-0,10%;-26;-2,04%;7,44
03/01/2017;1228,5;-0,73%;-29,25;-2,33%;-48,75;-3,82%;-3,31
30/12/2016;1237,5;-0,70%;6,5;0,53%;-50;-3,88%;-3,22
29/12/2016;1246,25;-0,30%;8,75;0,71%;-54,75;-4,21%;-1,38
28/12/2016;1250;-0,62%;-0,5;-0,04%;-41;-3,18%;-2,85
27/12/2016;1257,75;2,17%;8,5;0,68%;-21,5;-1,68%;9,83
23/12/2016;1231;-0,53%;-34,5;-2,73%;-44;-3,45%;-2,39
22/12/2016;1237,5;-1,04%;-42,75;-3,34%;-27,75;-2,19%;-4,78
21/12/2016;1250,5;0,10%;-22,25;-1,75%;11,75;0,95%;0,46
20/12/2016;1249,25;-1,28%;-18,75;-1,48%;14,75;1,19%;-5,97
19/12/2016;1265,5;-1,15%;-7,5;-0,59%;34,75;2,82%;-5,42
16/12/2016;1280,25;0,59%;4,25;0,33%;45,75;3,71%;2,76
15/12/2016;1272,75;0,37%;-9,75;-0,76%;43,5;3,54%;1,75
14/12/2016;1268;-0,39%;-4;-0,31%;37;3,01%;-1,84
13/12/2016;1273;-0,24%;-21;-1,62%;30;2,41%;-1,10
12/12/2016;1276;-0,51%;-16,75;-1,30%;40;3,24%;-2,39
09/12/2016;1282,5;0,83%;-6;-0,47%;26,25;2,09%;3,86
08/12/2016;1272;-1,70%;-0,5;-0,04%;28,5;2,29%;-8,08
07/12/2016;1294;0,10%;19,25;1,51%;58,25;4,71%;0,46
06/12/2016;1292,75;0,33%;15,5;1,21%;58,25;4,72%;1,56
05/12/2016;1288,5;1,26%;1;0,08%;57;4,63%;5,88
02/12/2016;1272,5;-0,18%;-28,5;-2,19%;34,25;2,77%;-0,83
01/12/2016;1274,75;-0,20%;-16,25;-1,26%;18;1,43%;-0,92
30/11/2016;1277,25;-0,80%;-2;-0,16%;20,25;1,61%;-3,77
29/11/2016;1287,5;-1,04%;12,5;0,98%;17,5;1,38%;-4,96
28/11/2016;1301;0,77%;35,75;2,83%;35;2,76%;3,67
25/11/2016;1291;0,92%;52,25;4,22%;43,75;3,51%;4,32
23/11/2016;1279,25;0,33%;44,75;3,62%;32;2,57%;1,56
22/11/2016;1275;0,77%;44,25;3,60%;36,75;2,97%;3,58
21/11/2016;1265,25;2,14%;30,75;2,49%;34,5;2,80%;9,74
18/11/2016;1238,75;0,34%;9,5;0,77%;2;0,16%;1,56
17/11/2016;1234,5;0,30%;3,5;0,28%;6,75;0,55%;1,38
16/11/2016;1230,75;-0,30%;-12,25;-0,99%;-2,75;-0,22%;-1,38
15/11/2016;1234,5;0,43%;-1,5;-0,12%;16,75;1,38%;1,93
14/11/2016;1229,25;-0,14%;-27;-2,15%;17,75;1,47%;-0,64
11/11/2016;1231;-0,97%;-12,5;-1,01%;30,25;2,52%;-4,41
10/11/2016;1243;0,57%;7,25;0,59%;33,5;2,77%;2,57
09/11/2016;1236;-1,61%;1,5;0,12%;26,25;2,17%;-7,44
08/11/2016;1256,25;1,03%;24,75;2,01%;44,25;3,65%;4,69
07/11/2016;1243,5;0,63%;5,25;0,42%;29,75;2,45%;2,85
04/11/2016;1235,75;0,10%;-21;-1,67%;23,75;1,96%;0,46
03/11/2016;1234,5;0,24%;-22,5;-1,79%;15,75;1,29%;1,10
02/11/2016;1231,5;-0,55%;-38,5;-3,03%;3,25;0,26%;-2,48
01/11/2016;1238,25;-1,47%;-27,75;-2,19%;29;2,40%;-6,80
31/10/2016;1256,75;-0,02%;9,5;0,76%;51,25;4,25%;-0,09
28/10/2016;1257;-1,02%;9,75;0,78%;56,25;4,68%;-4,78
27/10/2016;1270;0,32%;31,75;2,56%;62,25;5,15%;1,47
26/10/2016;1266;1,50%;35,25;2,86%;65,5;5,46%;6,89
25/10/2016;1247,25;0,00%;10,5;0,85%;37;3,06%;0,00
24/10/2016;1247,25;0,73%;19,5;1,59%;15,5;1,26%;3,31
21/10/2016;1238,25;0,61%;4,75;0,39%;7,5;0,61%;2,76
20/10/2016;1230,75;-0,49%;13;1,07%;-14,25;-1,14%;-2,20
19/10/2016;1236,75;0,73%;25,25;2,08%;9;0,73%;3,31
18/10/2016;1227,75;-0,47%;27;2,25%;6,5;0,53%;-2,11
17/10/2016;1233,5;1,29%;24;1,98%;27,75;2,30%;5,79
14/10/2016;1217,75;0,52%;8;0,66%;19,75;1,65%;2,30
13/10/2016;1211,5;0,90%;-0,5;-0,04%;12,25;1,02%;3,95
12/10/2016;1200,75;-0,72%;-13;-1,07%;-18,75;-1,54%;-3,22
11/10/2016;1209,5;-0,02%;-2,5;-0,21%;-26;-2,10%;-0,09
10/10/2016;1209,75;-0,19%;-9;-0,74%;-22,25;-1,81%;-0,83
07/10/2016;1212;-0,14%;-16,25;-1,32%;-18,75;-1,52%;-0,64
06/10/2016;1213,75;0,14%;4,5;0,37%;-1,25;-0,10%;0,64
05/10/2016;1212;-0,55%;6,5;0,54%;4,25;0,35%;-2,48
04/10/2016;1218,75;-0,77%;18;1,50%;19,75;1,65%;-3,49
03/10/2016;1228,25;1,57%;20,5;1,70%;30;2,50%;6,98
30/09/2016;1209,25;0,31%;8,75;0,73%;3,25;0,27%;1,38
29/09/2016;1205,5;0,40%;-4,75;-0,39%;-14;-1,15%;1,75
28/09/2016;1200,75;-0,58%;-31;-2,52%;-21,75;-1,78%;-2,57
27/09/2016;1207,75;0,60%;-23;-1,87%;-23;-1,87%;2,66
26/09/2016;1200,5;-0,81%;-44,5;-3,57%;-60;-4,76%;-3,58
23/09/2016;1210,25;-1,75%;-17,5;-1,43%;-58,5;-4,61%;-7,90
22/09/2016;1231,75;0,08%;10,5;0,86%;-39,25;-3,09%;0,37
21/09/2016;1230,75;-1,14%;25;2,07%;-29;-2,30%;-5,24
20/09/2016;1245;1,41%;47;3,92%;-24,75;-1,95%;6,34
19/09/2016;1227,75;0,53%;28,5;2,38%;-43,5;-3,42%;2,39
16/09/2016;1221,25;1,29%;1,75;0,14%;-41,25;-3,27%;5,70
15/09/2016;1205,75;0,65%;-29,75;-2,41%;-58,75;-4,65%;2,85
14/09/2016;1198;-0,10%;-34;-2,76%;-39;-3,15%;-0,46
13/09/2016;1199,25;-1,66%;-31,5;-2,56%;-40;-3,23%;-7,44
12/09/2016;1219,5;-1,30%;4,5;0,37%;-18;-1,45%;-5,88
09/09/2016;1235,5;0,28%;27,75;2,30%;-7,75;-0,62%;1,29
08/09/2016;1232;0,10%;33;2,75%;-8,25;-0,67%;0,46
07/09/2016;1230,75;1,30%;32,5;2,71%;1;0,08%;5,79
06/09/2016;1215;0,60%;9;0,75%;3;0,25%;2,66
02/09/2016;1207,75;0,73%;-11,75;-0,96%;-3;-0,25%;3,22
01/09/2016;1199;0,06%;-23,5;-1,92%;-9,25;-0,77%;0,28
31/08/2016;1198,25;-0,64%;-32,5;-2,64%;-18,5;-1,52%;-2,85
30/08/2016;1206;-1,11%;-54,5;-4,32%;-52,25;-4,15%;-4,96
29/08/2016;1219,5;-0,25%;-49,25;-3,88%;-13,75;-1,11%;-1,10
26/08/2016;1222,5;-0,67%;-48,5;-3,82%;-18,75;-1,51%;-3,03
25/08/2016;1230,75;-2,36%;-29;-2,30%;1,75;0,14%;-10,93
24/08/2016;1260,5;-0,65%;-9,25;-0,73%;39;3,19%;-3,03
23/08/2016;1268,75;-0,18%;-2,5;-0,20%;25,25;2,03%;-0,83
22/08/2016;1271;0,89%;8,5;0,67%;3,25;0,26%;4,13
19/08/2016;1259,75;-0,79%;-4,75;-0,38%;-4,5;-0,36%;-3,67
18/08/2016;1269,75;-0,12%;32,75;2,65%;-13,25;-1,03%;-0,55
17/08/2016;1271,25;0,69%;32;2,58%;-50,25;-3,80%;3,22
16/08/2016;1262,5;-0,16%;25;2,02%;-50;-3,81%;-0,73
15/08/2016;1264,5;2,22%;21,25;1,71%;-53;-4,02%;10,10
12/08/2016;1237;-0,18%;-3,25;-0,26%;-123,5;-9,08%;-0,83
11/08/2016;1239,25;0,14%;9,5;0,77%;-103;-7,67%;0,64
10/08/2016;1237,5;-0,46%;25,5;2,10%;-72,75;-5,55%;-2,11
09/08/2016;1243,25;0,24%;32,5;2,68%;-69,75;-5,31%;1,10
08/08/2016;1240,25;0,85%;32;2,65%;-39,75;-3,11%;3,86
05/08/2016;1229,75;1,46%;13;1,07%;-98,75;-7,43%;6,52
04/08/2016;1212;0,10%;-46,25;-3,68%;-120,5;-9,04%;0,46
03/08/2016;1210,75;0,21%;-22,5;-1,82%;-182;-13,07%;0,92
02/08/2016;1208,25;-0,70%;-33;-2,66%;-200,25;-14,22%;-3,12
01/08/2016;1216,75;-3,30%;-12,25;-1,00%;-151;-11,04%;-15,25
29/07/2016;1258,25;2,03%;36,75;3,01%;-117,25;-8,52%;9,19
28/07/2016;1233,25;-0,64%;-10,25;-0,82%;-126,75;-9,32%;-2,94
27/07/2016;1241,25;1,00%;-26,5;-2,09%;-92,5;-6,94%;4,50
26/07/2016;1229;0,61%;-35,25;-2,79%;-127,75;-9,42%;2,76
25/07/2016;1221,5;-1,77%;-61,5;-4,79%;-150,5;-10,97%;-8,08
22/07/2016;1243,5;-1,91%;-78;-5,90%;-122,5;-8,97%;-8,91
21/07/2016;1267,75;0,28%;-44,75;-3,41%;-120,25;-8,66%;1,29
20/07/2016;1264,25;-1,46%;-53,25;-4,04%;-139,25;-9,92%;-6,89
19/07/2016;1283;-2,91%;-77,5;-5,70%;-91,5;-6,66%;-14,15
18/07/2016;1321,5;0,69%;-20,75;-1,55%;-72,25;-5,18%;3,31
15/07/2016;1312,5;-0,38%;2,25;0,17%;-92;-6,55%;-1,84
14/07/2016;1317,5;-3,16%;4,5;0,34%;-96,75;-6,84%;-15,80
13/07/2016;1360,5;1,36%;80,5;6,29%;-57,5;-4,06%;6,71
12/07/2016;1342,25;2,44%;13,75;1,04%;-65,75;-4,67%;11,76
11/07/2016;1310,25;-0,21%;-22,25;-1,67%;-99,5;-7,06%;-1,01
08/07/2016;1313;2,58%;-79,75;-5,73%;-60,25;-4,39%;12,13
07/07/2016;1280;-3,65%;-128,5;-9,12%;-90,25;-6,59%;-17,82
06/07/2016;1328,5;-0,30%;-39,25;-2,87%;-35,5;-2,60%;-1,47
05/07/2016;1332,5;-4,33%;-43;-3,13%;-43,75;-3,18%;-22,14
01/07/2016;1392,75;-1,12%;32,75;2,41%;61;4,58%;-5,79
30/06/2016;1408,5;2,98%;74,75;5,60%;98;7,48%;14,97
29/06/2016;1367,75;-0,56%;11;0,81%;49,25;3,74%;-2,85
28/06/2016;1375,5;1,14%;3,5;0,26%;63,75;4,86%;5,70
27/06/2016;1360;1,97%;-6;-0,44%;42,5;3,23%;9,65
24/06/2016;1333,75;-1,70%;-54,25;-3,91%;47;3,65%;-8,45
23/06/2016;1356,75;-1,11%;-46,75;-3,33%;66,25;5,13%;-5,60
22/06/2016;1372;0,44%;-2,5;-0,18%;65,75;5,03%;2,20
21/06/2016;1366;-1,59%;-27,75;-1,99%;62,5;4,79%;-8,08
20/06/2016;1388;-1,10%;-16,5;-1,17%;80,75;6,18%;-5,70
17/06/2016;1403,5;2,11%;-10,75;-0,76%;91,25;6,95%;10,66
16/06/2016;1374,5;-1,38%;-43,5;-3,07%;78;6,02%;-7,07
15/06/2016;1393,75;-0,77%;-14,25;-1,01%;96,75;7,46%;-3,95
14/06/2016;1404,5;-0,69%;-5,25;-0,37%;100,5;7,71%;-3,58
13/06/2016;1414,25;-0,26%;41;2,99%;104;7,94%;-1,38
10/06/2016;1418;0,71%;47,75;3,48%;102;7,75%;3,67
09/06/2016;1408;-0,12%;44;3,23%;149,5;11,88%;-0,64
08/06/2016;1409,75;2,66%;33,5;2,43%;143;11,29%;13,41
07/06/2016;1373,25;0,22%;41,5;3,12%;129;10,37%;1,10
06/06/2016;1370,25;0,46%;59,75;4,56%;104,25;8,23%;2,30
03/06/2016;1364;-0,89%;45,5;3,45%;102;8,08%;-4,50
02/06/2016;1376,25;3,34%;64,5;4,92%;100,5;7,88%;16,35
01/06/2016;1331,75;1,62%;14,25;1,08%;70;5,55%;7,81
31/05/2016;1310,5;-0,61%;23,75;1,85%;51;4,05%;-2,94
27/05/2016;1318,5;0,51%;28;2,17%;58;4,60%;2,48
26/05/2016;1311,75;-0,44%;5,5;0,42%;52,5;4,17%;-2,11
25/05/2016;1317,5;2,39%;14;1,07%;75,75;6,10%;11,30
24/05/2016;1286,75;-0,29%;-20,5;-1,57%;58,5;4,76%;-1,38
23/05/2016;1290,5;-1,21%;-21,75;-1,66%;31;2,46%;-5,79
20/05/2016;1306,25;0,21%;9,75;0,75%;55,25;4,42%;1,01
19/05/2016;1303,5;-0,29%;6,5;0,50%;76,75;6,26%;-1,38
18/05/2016;1307,25;-0,38%;3,25;0,25%;112,25;9,39%;-1,84
17/05/2016;1312,25;1,21%;2;0,15%;116;9,70%;5,79
16/05/2016;1296,5;-0,04%;-19,5;-1,48%;108,25;9,11%;-0,18
13/05/2016;1297;-0,54%;38,5;3,06%;101;8,44%;-2,57
12/05/2016;1304;-0,48%;37,25;2,94%;127,5;10,84%;-2,30
11/05/2016;1310,25;-0,44%;66;5,30%;141,75;12,13%;-2,11
10/05/2016;1316;4,57%;50;3,95%;159;13,74%;21,13
09/05/2016;1258,5;-0,65%;-3,5;-0,28%;113,75;9,94%;-3,03
06/05/2016;1266,75;1,81%;-9;-0,71%;118,5;10,32%;8,27
05/05/2016;1244,25;-1,72%;-17,5;-1,39%;99,25;8,67%;-7,99
04/05/2016;1266;0,32%;6,5;0,52%;112,25;9,73%;1,47
03/05/2016;1262;-1,08%;1,5;0,12%;103,5;8,93%;-5,05
02/05/2016;1275,75;1,11%;16,5;1,31%;124,75;10,84%;5,14
29/04/2016;1261,75;0,18%;20;1,61%;112,5;9,79%;0,83
28/04/2016;1259,5;-0,08%;31,25;2,54%;103,25;8,93%;-0,37
27/04/2016;1260,5;0,10%;1;0,08%;111,25;9,68%;0,46
26/04/2016;1259,25;1,41%;8,25;0,66%;108,5;9,43%;6,43
25/04/2016;1241,75;1,10%;15;1,22%;96,25;8,40%;4,96
22/04/2016;1228,25;-2,48%;33,25;2,78%;77,75;6,76%;-11,48
21/04/2016;1259,5;0,68%;63,25;5,29%;117,25;10,26%;3,12
20/04/2016;1251;1,98%;62,75;5,28%;113,25;9,95%;8,91
19/04/2016;1226,75;2,66%;30,75;2,57%;88,75;7,80%;11,67
18/04/2016;1195;-0,10%;18,5;1,57%;60,25;5,31%;-0,46
15/04/2016;1196,25;0,67%;27,75;2,37%;64;5,65%;2,94
14/04/2016;1188,25;-0,65%;31,25;2,70%;52,25;4,60%;-2,85
13/04/2016;1196;1,66%;51,25;4,48%;60;5,28%;7,17
12/04/2016;1176,5;0,68%;28,25;2,46%;47;4,16%;2,94
11/04/2016;1168,5;0,99%;23,5;2,05%;42,5;3,77%;4,23
08/04/2016;1157;1,07%;3,25;0,28%;32,25;2,87%;4,50
07/04/2016;1144,75;-0,30%;-13,75;-1,19%;22,75;2,03%;-1,29
06/04/2016;1148,25;0,28%;-2,75;-0,24%;29,5;2,64%;1,19
05/04/2016;1145;-0,76%;-4,25;-0,37%;41;3,71%;-3,22
04/04/2016;1153,75;-0,41%;-2,5;-0,22%;52;4,72%;-1,75
01/04/2016;1158,5;0,65%;9,25;0,80%;60,25;5,49%;2,76
31/03/2016;1151;0,15%;0,25;0,02%;49,75;4,52%;0,64
30/03/2016;1149,25;-0,61%;3,75;0,33%;45,5;4,12%;-2,57
29/03/2016;1156,25;0,61%;5,75;0,50%;50,5;4,57%;2,57
28/03/2016;1149,25;-0,13%;7;0,61%;36,75;3,30%;-0,55
24/03/2016;1150,75;0,46%;13;1,14%;37,5;3,37%;1,93
23/03/2016;1145,5;-0,43%;7,5;0,66%;21;1,87%;-1,84
22/03/2016;1150,5;0,72%;15,75;1,39%;29,5;2,63%;3,03
21/03/2016;1142,25;0,40%;10;0,88%;19,25;1,71%;1,65
18/03/2016;1137,75;-0,02%;1,75;0,15%;12,25;1,09%;-0,09
17/03/2016;1138;0,29%;2;0,18%;15,25;1,36%;1,19
16/03/2016;1134,75;0,22%;5,25;0,46%;18;1,61%;0,92
15/03/2016;1132,25;-0,33%;6,25;0,56%;14,75;1,32%;-1,38
14/03/2016;1136;0,00%;11,25;1,00%;29,75;2,69%;0,00
11/03/2016;1136;0,58%;14;1,25%;28,75;2,60%;2,39
10/03/2016;1129,5;0,31%;10,75;0,96%;23;2,08%;1,29
09/03/2016;1126;0,11%;22;1,99%;14,5;1,30%;0,46
08/03/2016;1124,75;0,25%;23;2,09%;6,25;0,56%;1,01
07/03/2016;1122;0,29%;23,75;2,16%;1,25;0,11%;1,19
04/03/2016;1118,75;1,34%;17,5;1,59%;-11,5;-1,02%;5,42
03/03/2016;1104;0,20%;0,25;0,02%;-20,75;-1,84%;0,83
02/03/2016;1101,75;0,32%;-4;-0,36%;-24,5;-2,18%;1,29
01/03/2016;1098,25;-0,27%;-14,25;-1,28%;-13,5;-1,21%;-1,10
29/02/2016;1101,25;-0,23%;-12;-1,08%;-25,75;-2,28%;-0,92
26/02/2016;1103,75;-0,18%;-20,75;-1,85%;-16,75;-1,49%;-0,73
25/02/2016;1105,75;-0,61%;-15,25;-1,36%;-18,75;-1,67%;-2,48
24/02/2016;1112,5;-0,07%;-10,5;-0,93%;-8;-0,71%;-0,28
23/02/2016;1113,25;-1,00%;-12,25;-1,09%;-9,25;-0,82%;-4,13
22/02/2016;1124,5;0,31%;1,75;0,16%;6,5;0,58%;1,29
19/02/2016;1121;-0,18%;4,25;0,38%;-6,5;-0,58%;-0,73
18/02/2016;1123;-0,22%;5,5;0,49%;0;0,00%;-0,92
17/02/2016;1125,5;0,24%;19,25;1,74%;-0,75;-0,07%;1,01
16/02/2016;1122,75;0,54%;15,5;1,40%;-1,25;-0,11%;2,20
12/02/2016;1116,75;-0,07%;10,25;0,93%;-1,75;-0,16%;-0,28
11/02/2016;1117,5;1,02%;6;0,54%;12,25;1,11%;4,13
10/02/2016;1106,25;-0,09%;-12,25;-1,10%;-3;-0,27%;-0,37
09/02/2016;1107,25;0,07%;-13,5;-1,20%;-1,25;-0,11%;0,28
08/02/2016;1106,5;-0,45%;-23,75;-2,10%;-2,25;-0,20%;-1,84
05/02/2016;1111,5;-0,63%;-13,25;-1,18%;10,25;0,93%;-2,57
04/02/2016;1118,5;-0,20%;-7,75;-0,69%;18,5;1,68%;-0,83
03/02/2016;1120,75;-0,84%;9;0,81%;12,5;1,13%;-3,49
02/02/2016;1130,25;0,49%;3,25;0,29%;16;1,44%;2,02
01/02/2016;1124,75;-0,13%;4,25;0,38%;15;1,35%;-0,55
29/01/2016;1126,25;1,30%;1,75;0,16%;21;1,90%;5,33
28/01/2016;1111,75;-1,35%;-8,75;-0,78%;-5,25;-0,47%;-5,60
27/01/2016;1127;0,58%;4,5;0,40%;2,25;0,20%;2,39
26/01/2016;1120,5;-0,36%;2,5;0,22%;-9;-0,80%;-1,47
25/01/2016;1124,5;0,36%;-3;-0,27%;-11;-0,97%;1,47
22/01/2016;1120,5;-0,18%;-2,5;-0,22%;-16,25;-1,43%;-0,73
21/01/2016;1122,5;0,40%;-3,75;-0,33%;0,75;0,07%;1,65
20/01/2016;1118;-0,84%;-6;-0,53%;10,75;0,97%;-3,49
19/01/2016;1127,5;0,40%;9;0,80%;15,75;1,42%;1,65
15/01/2016;1123;-0,29%;17,75;1,61%;3;0,27%;-1,19
14/01/2016;1126,25;0,20%;17;1,53%;8,5;0,76%;0,83
13/01/2016;1124;0,49%;15,5;1,40%;-1,25;-0,11%;2,02
12/01/2016;1118,5;1,20%;9,75;0,88%;-5,25;-0,47%;4,87
11/01/2016;1105,25;-0,36%;4;0,36%;-18,5;-1,65%;-1,47
08/01/2016;1109,25;0,07%;9,25;0,84%;-20;-1,77%;0,28
07/01/2016;1108,5;-0,02%;0,25;0,02%;-44,5;-3,86%;-0,09
06/01/2016;1108,75;0,68%;-5,5;-0,49%;-35,75;-3,12%;2,76
05/01/2016;1101,25;0,11%;-8,5;-0,77%;-38;-3,34%;0,46
04/01/2016;1100;-0,74%;-5,25;-0,48%;-36,25;-3,19%;-3,03
31/12/2015;1108,25;-0,54%;-8,75;-0,78%;-19,75;-1,75%;-2,20
30/12/2015;1114,25;0,41%;-10,5;-0,93%;-5,75;-0,51%;1,65
29/12/2015;1109,75;0,41%;-19,75;-1,75%;-12,5;-1,11%;1,65
28/12/2015;1105,25;-1,05%;-30,25;-2,66%;-5,5;-0,50%;-4,32
24/12/2015;1117;-0,69%;-19,75;-1,74%;5,75;0,52%;-2,85
23/12/2015;1124,75;-0,42%;3;0,27%;20,25;1,83%;-1,75
22/12/2015;1129,5;-0,53%;22,25;2,01%;22,5;2,03%;-2,20
21/12/2015;1135,5;-0,11%;23,75;2,14%;30,75;2,78%;-0,46
18/12/2015;1136,75;1,34%;16,75;1,50%;25,75;2,32%;5,51
17/12/2015;1121,75;1,31%;4;0,36%;15,25;1,38%;5,33
16/12/2015;1107,25;-0,40%;-18;-1,60%;5;0,45%;-1,65
15/12/2015;1111,75;-0,74%;-12;-1,07%;1,75;0,16%;-3,03
14/12/2015;1120;0,20%;-3,75;-0,33%;12,25;1,11%;0,83
11/12/2015;1117,75;-0,67%;-11,5;-1,02%;15,25;1,38%;-2,76
10/12/2015;1125,25;0,13%;-27,75;-2,41%;12;1,08%;0,55
09/12/2015;1123,75;0,00%;-20,75;-1,81%;9,5;0,85%;0,00
08/12/2015;1123,75;-0,49%;-15,5;-1,36%;12,75;1,15%;-2,02
07/12/2015;1129,25;-2,06%;-7;-0,62%;-1,75;-0,15%;-8,73
04/12/2015;1153;0,74%;25;2,22%;27;2,40%;3,12
03/12/2015;1144,5;0,46%;24,5;2,19%;18,75;1,67%;1,93
02/12/2015;1139,25;0,26%;17;1,51%;6,5;0,57%;1,10
01/12/2015;1136,25;0,73%;25,5;2,30%;9;0,80%;3,03
30/11/2015;1128;0,71%;16,75;1,51%;-1,75;-0,15%;2,94
27/11/2015;1120;-0,20%;15,5;1,40%;-18;-1,58%;-0,83
25/11/2015;1122,25;1,04%;15,25;1,38%;-9,25;-0,82%;4,23
24/11/2015;1110,75;-0,04%;6;0,54%;-32,25;-2,82%;-0,18
23/11/2015;1111,25;0,61%;0,25;0,02%;-36,75;-3,20%;2,48
20/11/2015;1104,5;-0,23%;-2;-0,18%;-50;-4,33%;-0,92
19/11/2015;1107;0,20%;4,75;0,43%;-38,25;-3,34%;0,83
18/11/2015;1104,75;-0,56%;-5,25;-0,47%;-35,5;-3,11%;-2,30
17/11/2015;1111;0,41%;3,25;0,29%;-36,5;-3,18%;1,65
16/11/2015;1106,5;0,39%;4;0,36%;-48;-4,16%;1,56
13/11/2015;1102,25;-0,70%;-11;-0,99%;-57,5;-4,96%;-2,85
12/11/2015;1110;0,20%;-4,25;-0,38%;-53,25;-4,58%;0,83
11/11/2015;1107,75;0,48%;-3,25;-0,29%;-29;-2,55%;1,93
10/11/2015;1102,5;-0,97%;-28,5;-2,52%;-32,5;-2,86%;-3,95
09/11/2015;1113,25;-0,09%;-12,75;-1,13%;-17,25;-1,53%;-0,37
06/11/2015;1114,25;0,29%;-11,5;-1,02%;-26;-2,28%;1,19
05/11/2015;1111;-1,77%;-21,75;-1,92%;-26,25;-2,31%;-7,35
04/11/2015;1131;0,44%;3,75;0,33%;-2,5;-0,22%;1,84
03/11/2015;1126;0,02%;-3,75;-0,33%;2,5;0,22%;0,09
02/11/2015;1125,75;-0,62%;-12,25;-1,08%;-0,75;-0,07%;-2,57
30/10/2015;1132,75;0,49%;1,25;0,11%;-8,5;-0,74%;2,02
29/10/2015;1127,25;-0,22%;-15,75;-1,38%;-6,25;-0,55%;-0,92
28/10/2015;1129,75;-0,72%;-18,25;-1,59%;3,75;0,33%;-3,03
27/10/2015;1138;0,57%;-16,5;-1,43%;-0,5;-0,04%;2,39
26/10/2015;1131,5;-1,01%;-13,75;-1,20%;14,25;1,28%;-4,23
23/10/2015;1143;-0,44%;2,75;0,24%;30;2,70%;-1,84
22/10/2015;1148;-0,56%;0,5;0,04%;37;3,33%;-2,39
21/10/2015;1154,5;0,81%;0;0,00%;31;2,76%;3,40
20/10/2015;1145,25;0,44%;-14,5;-1,25%;28,75;2,58%;1,84
19/10/2015;1140,25;-0,63%;-23;-1,98%;6,5;0,57%;-2,66
16/10/2015;1147,5;-0,61%;10,75;0,95%;11;0,97%;-2,57
15/10/2015;1154,5;-0,45%;19,5;1,72%;16,25;1,43%;-1,93
14/10/2015;1159,75;-0,30%;29,25;2,59%;26,25;2,32%;-1,29
13/10/2015;1163,25;2,33%;23;2,02%;39,75;3,54%;9,74
12/10/2015;1136,75;0,15%;-0,5;-0,04%;13,5;1,20%;0,64
09/10/2015;1135;0,40%;1,5;0,13%;13,5;1,20%;1,65
08/10/2015;1130,5;-0,86%;7;0,62%;2;0,18%;-3,58
07/10/2015;1140,25;0,26%;13,75;1,22%;24,5;2,20%;1,10
06/10/2015;1137,25;0,33%;-4;-0,35%;18,5;1,65%;1,38
05/10/2015;1133,5;0,89%;0;0,00%;10,25;0,91%;3,67
02/10/2015;1123,5;-0,27%;-2,5;-0,22%;0,25;0,02%;-1,10
01/10/2015;1126,5;-1,29%;-12;-1,05%;-10,25;-0,90%;-5,42
30/09/2015;1141,25;0,68%;24;2,15%;6,5;0,57%;2,85
29/09/2015;1133,5;0,67%;20,5;1,84%;5,25;0,47%;2,76
28/09/2015;1126;-1,10%;15;1,35%;11,75;1,05%;-4,59
25/09/2015;1138,5;1,90%;15;1,34%;11,5;1,02%;7,81
24/09/2015;1117,25;0,38%;0,75;0,07%;-6;-0,53%;1,56
23/09/2015;1113;0,18%;-20,75;-1,83%;-25,75;-2,26%;0,73
22/09/2015;1111;-1,11%;-25,5;-2,24%;-45,5;-3,93%;-4,59
21/09/2015;1123,5;0,63%;-14,75;-1,30%;-19,25;-1,68%;2,57
18/09/2015;1116,5;-1,52%;-17;-1,50%;-37;-3,21%;-6,34
17/09/2015;1133,75;-0,24%;10,25;0,91%;-32,5;-2,79%;-1,01
16/09/2015;1136,5;-0,15%;13,25;1,18%;-29,25;-2,51%;-0,64
15/09/2015;1138,25;0,42%;16,75;1,49%;-38;-3,23%;1,75
14/09/2015;1133,5;0,89%;5;0,44%;-25,75;-2,22%;3,67
11/09/2015;1123,5;0,02%;7,75;0,69%;-97,25;-7,97%;0,09
10/09/2015;1123,25;0,16%;4,5;0,40%;-120,5;-9,69%;0,64
09/09/2015;1121,5;-0,62%;-1,75;-0,16%;-91;-7,51%;-2,57
08/09/2015;1128,5;1,14%;5,25;0,47%;-64;-5,37%;4,69
04/09/2015;1115,75;-0,27%;-21;-1,85%;-86,75;-7,21%;-1,10
03/09/2015;1118,75;-0,40%;-16;-1,41%;-72,75;-6,11%;-1,65
02/09/2015;1123,25;0,00%;-5;-0,44%;-61,5;-5,19%;0,00
01/09/2015;1123,25;-1,19%;9;0,81%;-66,25;-5,57%;-4,96
31/08/2015;1136,75;0,18%;9,75;0,87%;-62,5;-5,21%;0,73
28/08/2015;1134,75;0,58%;11,5;1,02%;-57,75;-4,84%;2,39
27/08/2015;1128,25;1,26%;-10,5;-0,92%;-65,75;-5,51%;5,14
26/08/2015;1114,25;-1,13%;-42,25;-3,65%;-68,25;-5,77%;-4,69
25/08/2015;1127;0,33%;-15,75;-1,38%;-87,25;-7,19%;1,38
24/08/2015;1123,25;-1,36%;-30,25;-2,62%;-106,5;-8,66%;-5,70
21/08/2015;1138,75;-1,53%;-27,5;-2,36%;-106;-8,52%;-6,52
20/08/2015;1156,5;1,20%;-9,25;-0,79%;-97,5;-7,78%;5,05
19/08/2015;1142,75;-0,93%;-33,5;-2,85%;-106;-8,49%;-3,95
18/08/2015;1153,5;-1,09%;-5,75;-0,50%;-102,5;-8,16%;-4,69
17/08/2015;1166,25;0,04%;-54,5;-4,46%;-94;-7,46%;0,18
14/08/2015;1165,75;-0,89%;-78;-6,27%;-99,5;-7,86%;-3,86
13/08/2015;1176,25;1,47%;-36,25;-2,99%;-98;-7,69%;6,25
12/08/2015;1159,25;-5,04%;-33,25;-2,79%;-118,5;-9,27%;-22,60
11/08/2015;1220,75;-1,85%;18,25;1,52%;-50,75;-3,99%;-8,45
10/08/2015;1243,75;2,58%;52,25;4,39%;-21,25;-1,68%;11,48
07/08/2015;1212,5;1,68%;27,75;2,34%;-25;-2,02%;7,35
06/08/2015;1192,5;-0,83%;3;0,25%;-42,5;-3,44%;-3,67
05/08/2015;1202,5;0,92%;3,25;0,27%;-61,5;-4,87%;4,04
04/08/2015;1191,5;0,57%;-1;-0,08%;-88;-6,88%;2,48
03/08/2015;1184,75;-0,40%;-9,25;-0,77%;-94;-7,35%;-1,75
31/07/2015;1189,5;-0,81%;7;0,59%;-97;-7,54%;-3,58
30/07/2015;1199,25;0,57%;-15;-1,24%;-30;-2,44%;2,48
29/07/2015;1192,5;-0,13%;-37,25;-3,03%;-42,75;-3,46%;-0,55
28/07/2015;1194;0,97%;-50,75;-4,08%;-33;-2,69%;4,23
27/07/2015;1182,5;-2,61%;-71,5;-5,70%;-22,75;-1,89%;-11,67
24/07/2015;1214,25;-1,26%;-34,5;-2,76%;4,25;0,35%;-5,70
23/07/2015;1229,75;-1,21%;-26,25;-2,09%;21,25;1,76%;-5,51
22/07/2015;1244,75;-0,74%;-15,5;-1,23%;55,75;4,69%;-3,40
21/07/2015;1254;0,42%;-11,25;-0,89%;62,5;5,25%;1,93
20/07/2015;1248,75;-0,58%;-25,5;-2,00%;59,75;5,03%;-2,66
17/07/2015;1256;-0,34%;-21,75;-1,70%;79,25;6,73%;-1,56
16/07/2015;1260,25;-0,40%;-11,25;-0,88%;106,75;9,25%;-1,84
15/07/2015;1265,25;-0,71%;0,25;0,02%;111,75;9,69%;-3,31
14/07/2015;1274,25;-0,27%;36,75;2,97%;116,25;10,04%;-1,29
13/07/2015;1277,75;0,49%;42,75;3,46%;110,25;9,44%;2,30
10/07/2015;1271,5;0,51%;7,5;0,59%;102;8,72%;2,39
09/07/2015;1265;2,22%;-14,5;-1,13%;102,75;8,84%;10,10
08/07/2015;1237,5;0,20%;-41,25;-3,23%;81,75;7,07%;0,92
07/07/2015;1235;-2,29%;-51,5;-4,00%;70,5;6,05%;-10,66
06/07/2015;1264;-1,21%;34,75;2,83%;110,75;9,60%;-5,70
02/07/2015;1279,5;0,06%;44,25;3,58%;120,75;10,42%;0,28
01/07/2015;1278,75;-0,60%;51,75;4,22%;134,75;11,78%;-2,85
30/06/2015;1286,5;4,66%;81,25;6,74%;134,5;11,68%;21,04
29/06/2015;1229,25;-0,49%;19,25;1,59%;85,25;7,45%;-2,20
26/06/2015;1235,25;0,67%;26,75;2,21%;90,25;7,88%;3,03
25/06/2015;1227;1,80%;38;3,20%;86,5;7,58%;7,99
24/06/2015;1205,25;-0,39%;13,75;1,15%;63;5,52%;-1,75
23/06/2015;1210;0,12%;21;1,77%;53,5;4,63%;0,55
22/06/2015;1208,5;1,64%;31,75;2,70%;49,25;4,25%;7,17
19/06/2015;1189;-0,21%;35,5;3,08%;24,75;2,13%;-0,92
18/06/2015;1191,5;0,21%;38;3,29%;19;1,62%;0,92
17/06/2015;1189;1,04%;31;2,68%;17,75;1,52%;4,50
16/06/2015;1176,75;2,02%;9,25;0,79%;1,75;0,15%;8,54
15/06/2015;1153,5;0,00%;-16;-1,37%;-21,75;-1,85%;0,00
12/06/2015;1153,5;-0,39%;-8,75;-0,75%;-20;-1,70%;-1,65
11/06/2015;1158;-0,81%;2,25;0,19%;-34;-2,85%;-3,49
10/06/2015;1167,5;-0,17%;3;0,26%;-26,75;-2,24%;-0,73
09/06/2015;1169,5;0,62%;16,25;1,41%;-23,5;-1,97%;2,66
08/06/2015;1162,25;0,56%;3,5;0,30%;-38,25;-3,19%;2,39
05/06/2015;1155,75;-0,75%;11,75;1,03%;-47;-3,91%;-3,22
04/06/2015;1164,5;0,98%;12,5;1,09%;-29,75;-2,49%;4,13
03/06/2015;1153,25;-0,47%;9,25;0,81%;-29,5;-2,49%;-2,02
02/06/2015;1158,75;1,29%;13,75;1,20%;-35,25;-2,95%;5,42
01/06/2015;1144;-0,69%;3,5;0,31%;-62;-5,14%;-2,94
29/05/2015;1152;0,70%;9,75;0,85%;-43,25;-3,62%;2,94
28/05/2015;1144;-0,09%;-12,5;-1,08%;-47;-3,95%;-0,37
27/05/2015;1145;0,39%;-14,25;-1,23%;-43,75;-3,68%;1,65
26/05/2015;1140,5;-0,15%;-23,75;-2,04%;-57,5;-4,80%;-0,64
22/05/2015;1142,25;-1,23%;-30,25;-2,58%;-47,5;-3,99%;-5,24
21/05/2015;1156,5;-0,24%;-14,75;-1,26%;-38,25;-3,20%;-1,01
20/05/2015;1159,25;-0,43%;-15,75;-1,34%;-38,25;-3,19%;-1,84
19/05/2015;1164,25;-0,70%;-11;-0,94%;-25,25;-2,12%;-3,03
18/05/2015;1172,5;0,11%;-1;-0,09%;-14,5;-1,22%;0,46
15/05/2015;1171,25;-0,32%;-20,75;-1,74%;-14,5;-1,22%;-1,38
14/05/2015;1175;-0,02%;-19,25;-1,61%;-6;-0,51%;-0,09
13/05/2015;1175,25;0,15%;-17,75;-1,49%;5,75;0,49%;0,64
12/05/2015;1173,5;-1,55%;-27;-2,25%;1,25;0,11%;-6,80
11/05/2015;1192;-0,19%;-10,75;-0,89%;17,75;1,51%;-0,83
08/05/2015;1194,25;0,10%;0;0,00%;2;0,17%;0,46
07/05/2015;1193;-0,62%;10,25;0,87%;1,25;0,10%;-2,76
06/05/2015;1200,5;-0,19%;6,5;0,54%;1,25;0,10%;-0,83
05/05/2015;1202,75;0,71%;-3,25;-0,27%;-4;-0,33%;3,12
04/05/2015;1194,25;0,97%;-1;-0,08%;-12,5;-1,04%;4,23
01/05/2015;1182,75;-0,94%;-8,25;-0,69%;-27,75;-2,29%;-4,13
30/04/2015;1194;-1,00%;5,25;0,44%;0;0,00%;-4,41
29/04/2015;1206;0,90%;8;0,67%;17,5;1,47%;3,95
28/04/2015;1195,25;0,36%;5,5;0,46%;7,25;0,61%;1,56
27/04/2015;1191;0,19%;-3,75;-0,31%;-4,25;-0,36%;0,83
24/04/2015;1188,75;-0,77%;-8,75;-0,73%;-10,75;-0,90%;-3,40
23/04/2015;1198;0,69%;8,5;0,71%;-4,5;-0,37%;3,03
22/04/2015;1189,75;-0,42%;2,75;0,23%;-14,5;-1,20%;-1,84
21/04/2015;1194,75;-0,23%;9;0,76%;0,25;0,02%;-1,01
20/04/2015;1197,5;0,67%;16,5;1,40%;15;1,27%;2,94
17/04/2015;1189,5;0,21%;20;1,71%;3,75;0,32%;0,92
16/04/2015;1187;0,11%;14,75;1,26%;11,75;1,00%;0,46
15/04/2015;1185,75;0,40%;11,5;0,98%;-4,25;-0,36%;1,75
14/04/2015;1181;0,98%;-11,25;-0,94%;-13,75;-1,15%;4,23
13/04/2015;1169,5;-0,23%;-22,25;-1,87%;-41,75;-3,45%;-1,01
10/04/2015;1172,25;-0,17%;-27;-2,25%;-41,25;-3,40%;-0,73
09/04/2015;1174,25;-1,51%;-32,5;-2,69%;-31;-2,57%;-6,61
08/04/2015;1192,25;0,04%;-14,5;-1,20%;-21,75;-1,79%;0,18
07/04/2015;1191,75;-0,63%;-18,75;-1,55%;-14;-1,16%;-2,76
06/04/2015;1199,25;-0,62%;5,25;0,44%;-7;-0,58%;-2,76
03/04/2015;1206,75;0,00%;18,25;1,54%;-8;-0,66%;0,00
02/04/2015;1206,75;-0,31%;18,75;1,58%;-26,25;-2,13%;-1,38
01/04/2015;1210,5;1,38%;15,25;1,28%;-24;-1,94%;6,06
31/03/2015;1194;0,46%;-5,5;-0,46%;-58,5;-4,67%;2,02
30/03/2015;1188,5;0,04%;-14;-1,16%;-58,75;-4,71%;0,18
27/03/2015;1188;-0,61%;-16,25;-1,35%;-43,5;-3,53%;-2,66
26/03/2015;1195,25;-0,35%;0,75;0,06%;-44,25;-3,57%;-1,56
25/03/2015;1199,5;-0,25%;17;1,44%;-22,75;-1,86%;-1,10
24/03/2015;1202,5;-0,15%;16,75;1,41%;-20,5;-1,68%;-0,64
23/03/2015;1204,25;0,82%;29;2,47%;-27,75;-2,25%;3,58
20/03/2015;1194,5;1,01%;4,5;0,38%;-25,5;-2,09%;4,41
19/03/2015;1182,5;-0,27%;-12,25;-1,03%;-50;-4,06%;-1,19
18/03/2015;1185,75;0,89%;-25,5;-2,11%;-29,75;-2,45%;3,86
17/03/2015;1175,25;-1,24%;-38,25;-3,15%;-32,25;-2,67%;-5,42
16/03/2015;1190;-0,40%;-15,25;-1,27%;-11,5;-0,96%;-1,75
13/03/2015;1194,75;-1,36%;-19,25;-1,59%;2;0,17%;-6,06
12/03/2015;1211,25;-0,19%;5,5;0,46%;9;0,75%;-0,83
11/03/2015;1213,5;0,68%;7,25;0,60%;16,25;1,36%;3,03
10/03/2015;1205,25;-0,72%;-9,5;-0,78%;0,25;0,02%;-3,22
09/03/2015;1214;0,68%;-19;-1,54%;18,25;1,53%;3,03
06/03/2015;1205,75;-0,04%;-28,75;-2,33%;-5;-0,41%;-0,18
05/03/2015;1206,25;-0,70%;-46,25;-3,69%;23;1,94%;-3,12
04/03/2015;1214,75;-1,48%;-32,5;-2,61%;30;2,53%;-6,71
03/03/2015;1233;-0,12%;1,5;0,12%;41;3,44%;-0,55
02/03/2015;1234,5;-1,44%;-5;-0,40%;40,5;3,39%;-6,61
27/02/2015;1252,5;0,42%;30,25;2,47%;55;4,59%;1,93
26/02/2015;1247,25;1,28%;24,25;1,98%;40;3,31%;5,79
25/02/2015;1231,5;-0,65%;-0,5;-0,04%;35;2,93%;-2,94
24/02/2015;1239,5;1,41%;19,5;1,60%;39;3,25%;6,34
23/02/2015;1222,25;-0,06%;-10,25;-0,83%;15;1,24%;-0,28
20/02/2015;1223;-0,73%;7,5;0,62%;17,25;1,43%;-3,31
19/02/2015;1232;0,98%;24,5;2,03%;16,5;1,36%;4,41
18/02/2015;1220;-1,01%;18,5;1,54%;5,25;0,43%;-4,59
17/02/2015;1232,5;1,40%;39,75;3,33%;-0,5;-0,04%;6,25
13/02/2015;1215,5;0,66%;13,25;1,10%;-12,25;-1,00%;2,94
12/02/2015;1207,5;0,50%;10,25;0,86%;-32,25;-2,60%;2,20
11/02/2015;1201,5;0,73%;-3,5;-0,29%;-74,5;-5,84%;3,22
10/02/2015;1192,75;-0,79%;-3;-0,25%;-79,25;-6,23%;-3,49
09/02/2015;1202,25;0,42%;-8,5;-0,70%;-77,75;-6,07%;1,84
06/02/2015;1197,25;-0,64%;14;1,18%;-82,25;-6,43%;-2,85
05/02/2015;1205;0,77%;20,25;1,71%;-64;-5,04%;3,40
04/02/2015;1195,75;-1,24%;3,75;0,31%;-35,5;-2,88%;-5,51
03/02/2015;1210,75;2,32%;16,75;1,40%;-36,5;-2,93%;10,10
02/02/2015;1183,25;-0,13%;-14,25;-1,19%;-84,5;-6,67%;-0,55
30/01/2015;1184,75;-0,61%;-22,5;-1,86%;-87,75;-6,90%;-2,66
29/01/2015;1192;-0,17%;-4,5;-0,38%;-85,75;-6,71%;-0,73
28/01/2015;1194;-0,29%;-6,5;-0,54%;-65;-5,16%;-1,29
27/01/2015;1197,5;-0,81%;-9,75;-0,81%;-72;-5,67%;-3,58
26/01/2015;1207,25;0,90%;1,5;0,12%;-62,25;-4,90%;3,95
23/01/2015;1196,5;-0,33%;-19;-1,56%;-65,75;-5,21%;-1,47
22/01/2015;1200,5;-0,56%;-14,25;-1,17%;-66,5;-5,25%;-2,48
21/01/2015;1207,25;0,12%;-25,75;-2,09%;-51,75;-4,11%;0,55
20/01/2015;1205,75;-0,80%;-22;-1,79%;-49,25;-3,92%;-3,58
16/01/2015;1215,5;0,06%;-24,25;-1,96%;-54,25;-4,27%;0,28
15/01/2015;1214,75;-1,48%;-61,25;-4,80%;-62,75;-4,91%;-6,71
14/01/2015;1233;0,43%;-39;-3,07%;-39,5;-3,10%;1,93
13/01/2015;1227,75;-0,97%;-52,25;-4,08%;-34,5;-2,73%;-4,41
12/01/2015;1239,75;-2,84%;-39,75;-3,11%;-39,75;-3,11%;-13,32
09/01/2015;1276;0,31%;7;0,55%;2;0,16%;1,47
08/01/2015;1272;-0,62%;40,75;3,31%;5,75;0,45%;-2,94
07/01/2015;1280;0,04%;32,75;2,63%;39,25;3,16%;0,18
06/01/2015;1279,5;0,83%;11,75;0,93%;51;4,15%;3,86
05/01/2015;1269;3,07%;-3,5;-0,28%;43;3,51%;13,87
02/01/2015;1231,25;-1,28%;-46,5;-3,64%;-16;-1,28%;-5,88
31/12/2014;1247,25;-1,62%;-11,75;-0,93%;1;0,08%;-7,53
30/12/2014;1267,75;-0,37%;-1,75;-0,14%;-9,5;-0,74%;-1,75
29/12/2014;1272,5;-0,41%;3;0,24%;-8,75;-0,68%;-1,93
26/12/2014;1277,75;1,49%;15,5;1,23%;13,75;1,09%;6,89
24/12/2014;1259;-0,83%;-8;-0,63%;-10,25;-0,81%;-3,86
23/12/2014;1269,5;0,00%;10,5;0,83%;18,75;1,50%;0,00
22/12/2014;1269,5;0,57%;14,5;1,16%;34,5;2,79%;2,66
19/12/2014;1262,25;-0,37%;-7,5;-0,59%;8,75;0,70%;-1,75
18/12/2014;1267;0,64%;-10,5;-0,82%;0,5;0,04%;2,94
17/12/2014;1259;0,32%;-13,5;-1,06%;6,25;0,50%;1,47
16/12/2014;1255;-1,16%;-7,25;-0,57%;-28,75;-2,24%;-5,42
15/12/2014;1269,75;-0,61%;-9,75;-0,76%;-8,25;-0,65%;-2,85
12/12/2014;1277,5;0,39%;3,5;0,27%;-16,75;-1,29%;1,84
11/12/2014;1272,5;0,81%;6,25;0,49%;16,5;1,31%;3,77
10/12/2014;1262,25;-1,35%;21,5;1,73%;-4,75;-0,37%;-6,34
09/12/2014;1279,5;0,43%;51;4,15%;21,25;1,69%;2,02
08/12/2014;1274;0,61%;48;3,92%;24,5;1,96%;2,85
05/12/2014;1266,25;2,06%;19;1,52%;26,25;2,12%;9,37
04/12/2014;1240,75;1,00%;-5,5;-0,44%;-19,25;-1,53%;4,50
03/12/2014;1228,5;0,20%;-48,75;-3,82%;-51;-3,99%;0,92
02/12/2014;1226;-1,70%;-55,25;-4,31%;-34;-2,70%;-7,81
01/12/2014;1247,25;0,08%;-16,75;-1,33%;-32;-2,50%;0,37
28/11/2014;1246,25;-2,43%;-23;-1,81%;1;0,08%;-11,39
26/11/2014;1277,25;-0,31%;26,5;2,12%;34,25;2,76%;-1,47
25/11/2014;1281,25;1,36%;46,25;3,74%;66,75;5,50%;6,34
24/11/2014;1264;-0,41%;10,5;0,84%;33,75;2,74%;-1,93
21/11/2014;1269,25;1,48%;2,75;0,22%;69,5;5,79%;6,80
20/11/2014;1250,75;1,28%;-2;-0,16%;49,5;4,12%;5,79
19/11/2014;1235;-1,48%;-48,75;-3,80%;53,75;4,55%;-6,80
18/11/2014;1253,5;-1,03%;-24,5;-1,92%;64,75;5,45%;-4,78
17/11/2014;1266,5;1,10%;-27,75;-2,14%;63;5,23%;5,05
14/11/2014;1252,75;-2,41%;-3,25;-0,26%;63,25;5,32%;-11,39
13/11/2014;1283,75;0,45%;16,75;1,32%;82;6,82%;2,11
12/11/2014;1278;-1,26%;19,75;1,57%;95,75;8,10%;-5,97
11/11/2014;1294,25;3,05%;44,75;3,58%;134,75;11,62%;14,06
10/11/2014;1256;-0,87%;16;1,29%;77;6,53%;-4,04
07/11/2014;1267;0,70%;7;0,56%;95;8,11%;3,22
06/11/2014;1258,25;0,70%;-21,25;-1,66%;80,5;6,84%;3,22
05/11/2014;1249,5;0,77%;-10,5;-0,83%;70,25;5,96%;3,49
04/11/2014;1240;-1,59%;-39,25;-3,07%;90,75;7,90%;-7,35
03/11/2014;1260;-1,52%;14,75;1,18%;98,5;8,48%;-7,17
31/10/2014;1279,5;1,55%;36,5;2,94%;125,75;10,90%;7,17
30/10/2014;1260;-1,50%;45,5;3,75%;109,75;9,54%;-7,07
29/10/2014;1279,25;2,73%;49;3,98%;118,75;10,23%;12,49
28/10/2014;1245,25;0,18%;45,5;3,79%;98;8,54%;0,83
27/10/2014;1243;2,35%;41,75;3,48%;83,25;7,18%;10,47
24/10/2014;1214,5;-1,28%;33,25;2,81%;40,75;3,47%;-5,79
23/10/2014;1230,25;2,54%;41,5;3,49%;57;4,86%;11,21
22/10/2014;1199,75;-0,12%;-3,75;-0,31%;24,5;2,08%;-0,55
21/10/2014;1201,25;1,69%;11,75;0,99%;7,25;0,61%;7,35
20/10/2014;1181,25;-0,63%;-20,5;-1,71%;-27,25;-2,25%;-2,76
17/10/2014;1188,75;-1,23%;6,5;0,55%;-30,75;-2,52%;-5,42
16/10/2014;1203,5;1,18%;44;3,79%;-14,25;-1,17%;5,14
15/10/2014;1189,5;-1,02%;10,5;0,89%;-37;-3,02%;-4,50
14/10/2014;1201,75;1,65%;29,75;2,54%;-20,5;-1,68%;7,17
13/10/2014;1182,25;1,96%;4,5;0,38%;-36,25;-2,97%;8,36
10/10/2014;1159,5;-1,65%;-19,75;-1,67%;-71,25;-5,79%;-7,17
09/10/2014;1179;0,60%;29,75;2,59%;-50,75;-4,13%;2,57
08/10/2014;1172;-0,49%;10,5;0,90%;-73,5;-5,90%;-2,11
07/10/2014;1177,75;-0,13%;24;2,08%;-80,75;-6,42%;-0,55
06/10/2014;1179,25;2,61%;29;2,52%;-61;-4,92%;11,02
03/10/2014;1149,25;-1,05%;-11,25;-0,97%;-107,75;-8,57%;-4,50
02/10/2014;1161,5;0,67%;14,25;1,24%;-107,5;-8,47%;2,85
01/10/2014;1153,75;0,30%;-6;-0,52%;-107,5;-8,52%;1,29
30/09/2014;1150,25;-0,88%;-23,5;-2,00%;-115,5;-9,13%;-3,77
29/09/2014;1160,5;1,15%;-12,75;-1,09%;-100,25;-7,95%;4,87
26/09/2014;1147,25;-1,08%;-28;-2,38%;-117,75;-9,31%;-4,59
25/09/2014;1159,75;-1,19%;-34,25;-2,87%;-106,5;-8,41%;-5,14
24/09/2014;1173,75;0,04%;-34,75;-2,88%;-105,25;-8,23%;0,18
23/09/2014;1173,25;-0,17%;-46,25;-3,79%;-102;-8,00%;-0,73
22/09/2014;1175,25;-1,57%;-42,5;-3,49%;-99,75;-7,82%;-6,89
19/09/2014;1194;-1,20%;-32,5;-2,65%;-95,75;-7,42%;-5,33
18/09/2014;1208,5;-0,90%;-13,75;-1,12%;-86,25;-6,66%;-4,04
17/09/2014;1219,5;0,14%;1;0,08%;-69,5;-5,39%;0,64
16/09/2014;1217,75;-0,71%;-13;-1,06%;-75,25;-5,82%;-3,22
15/09/2014;1226,5;0,35%;-3,25;-0,26%;-57,25;-4,46%;1,56
12/09/2014;1222,25;0,31%;-23,25;-1,87%;-74,25;-5,73%;1,38
11/09/2014;1218,5;-1,00%;-40;-3,18%;-91,75;-7,00%;-4,50
10/09/2014;1230,75;0,08%;-9,5;-0,77%;-91;-6,88%;0,37
09/09/2014;1229,75;-1,26%;-27,25;-2,17%;-85,25;-6,48%;-5,79
08/09/2014;1245,5;-1,03%;-23,5;-1,85%;-71,5;-5,43%;-4,78
05/09/2014;1258,5;1,47%;-2,75;-0,22%;-44,25;-3,40%;6,71
04/09/2014;1240,25;-1,33%;-25,5;-2,01%;-76,25;-5,79%;-6,15
03/09/2014;1257;-0,95%;-3,75;-0,30%;-38,5;-2,97%;-4,41
02/09/2014;1269;0,61%;4;0,32%;-50;-3,79%;2,85
29/08/2014;1261,25;-0,36%;-5;-0,39%;-57;-4,32%;-1,65
28/08/2014;1265,75;0,40%;-13,25;-1,04%;-66,25;-4,97%;1,84
27/08/2014;1260,75;-0,34%;-14,5;-1,14%;-84;-6,25%;-1,56
26/08/2014;1265;-0,10%;-10;-0,78%;-55,5;-4,20%;-0,46
25/08/2014;1266,25;-1,00%;-23,5;-1,82%;-55,5;-4,20%;-4,69
22/08/2014;1279;0,29%;-15,75;-1,22%;-34,5;-2,63%;1,38
21/08/2014;1275,25;0,02%;-13,75;-1,07%;-19,5;-1,51%;0,09
20/08/2014;1275;-1,14%;-18;-1,39%;-33,5;-2,56%;-5,42
19/08/2014;1289,75;-0,39%;6;0,47%;-32,5;-2,46%;-1,84
18/08/2014;1294,75;0,45%;-1,75;-0,13%;-36,25;-2,72%;2,11
15/08/2014;1289;-0,31%;-21,25;-1,62%;-50;-3,73%;-1,47
14/08/2014;1293;0,72%;-28,75;-2,18%;-30,25;-2,29%;3,40
13/08/2014;1283,75;-0,98%;-31,25;-2,38%;-39,5;-2,99%;-4,69
12/08/2014;1296,5;-1,05%;-20,5;-1,56%;-15,5;-1,18%;-5,05
11/08/2014;1310,25;-0,87%;7,5;0,58%;-19,75;-1,48%;-4,23
08/08/2014;1321,75;0,51%;5,25;0,40%;-19;-1,42%;2,48
07/08/2014;1315;-0,15%;19,5;1,51%;-38,25;-2,83%;-0,73
06/08/2014;1317;1,09%;-2;-0,15%;-45,5;-3,34%;5,24
05/08/2014;1302,75;-1,04%;-15,5;-1,18%;-67,75;-4,94%;-5,05
04/08/2014;1316,5;1,62%;-15,5;-1,16%;-62;-4,50%;7,72
01/08/2014;1295,5;-1,78%;-49,25;-3,66%;-89;-6,43%;-8,64
31/07/2014;1319;0,06%;-1,5;-0,11%;-75,25;-5,40%;0,28
30/07/2014;1318,25;-1,03%;-3,5;-0,26%;-146,75;-10,02%;-5,05
29/07/2014;1332;-0,95%;18,5;1,41%;-149,25;-10,08%;-4,69
28/07/2014;1344,75;1,84%;50;3,86%;-121,25;-8,27%;8,91
25/07/2014;1320,5;-0,09%;12;0,92%;-141;-9,65%;-0,46
24/07/2014;1321,75;0,63%;-0,5;-0,04%;-149;-10,13%;3,03
23/07/2014;1313,5;1,45%;-17,5;-1,31%;-155;-10,55%;6,89
22/07/2014;1294,75;-1,05%;-44,25;-3,30%;-169,5;-11,58%;-5,05
21/07/2014;1308,5;-1,04%;-14,75;-1,11%;-141,5;-9,76%;-5,05
18/07/2014;1322,25;-0,66%;-1;-0,08%;-126,75;-8,75%;-3,22
17/07/2014;1331;-0,60%;19;1,45%;-123;-8,46%;-2,94
16/07/2014;1339;1,19%;9;0,68%;-119,25;-8,18%;5,79
15/07/2014;1323,25;0,00%;-17,5;-1,31%;-126;-8,69%;0,00
14/07/2014;1323,25;0,86%;-30;-2,22%;-134,5;-9,23%;4,13
11/07/2014;1312;-1,35%;-50,5;-3,71%;-154,5;-10,54%;-6,61
10/07/2014;1330;-0,80%;-40,5;-2,96%;-131,25;-8,98%;-3,95
09/07/2014;1340,75;-0,92%;-37,75;-2,74%;-115;-7,90%;-4,59
08/07/2014;1353,25;-0,68%;-31,25;-2,26%;-94,25;-6,51%;-3,40
07/07/2014;1362,5;-0,58%;-31,75;-2,28%;-107;-7,28%;-2,94
03/07/2014;1370,5;-0,58%;-94,5;-6,45%;-97,75;-6,66%;-2,94
02/07/2014;1378,5;-0,43%;-102,75;-6,94%;-109;-7,33%;-2,20
01/07/2014;1384,5;-0,70%;-81,5;-5,56%;-95,75;-6,47%;-3,58
30/06/2014;1394,25;-4,83%;-67,25;-4,60%;-91,75;-6,17%;-26,00
27/06/2014;1465;-1,10%;-5,75;-0,39%;-19,75;-1,33%;-5,97
26/06/2014;1481,25;1,04%;12,75;0,87%;5,5;0,37%;5,60
25/06/2014;1466;0,31%;1,75;0,12%;-36,5;-2,43%;1,65
24/06/2014;1461,5;-0,63%;11,5;0,79%;-44,25;-2,94%;-3,40
23/06/2014;1470,75;0,15%;21,75;1,50%;-21,5;-1,44%;0,83
20/06/2014;1468,5;0,29%;14,5;1,00%;11,75;0,81%;1,56
19/06/2014;1464,25;0,98%;6;0,41%;-8;-0,54%;5,24
18/06/2014;1450;0,07%;0,75;0,05%;-2;-0,14%;0,37
17/06/2014;1449;-0,34%;-8,75;-0,60%;-8,25;-0,57%;-1,84
16/06/2014;1454;-0,29%;-12,5;-0,85%;-19,75;-1,34%;-1,56
13/06/2014;1458,25;0,62%;-3;-0,21%;-12,5;-0,85%;3,31
12/06/2014;1449,25;-0,58%;-6,5;-0,45%;-3;-0,21%;-3,12
11/06/2014;1457,75;-0,60%;10,25;0,71%;-16,25;-1,10%;-3,22
10/06/2014;1466,5;0,36%;-3;-0,20%;10;0,69%;1,93
09/06/2014;1461,25;0,38%;-7;-0,48%;28;1,95%;2,02
06/06/2014;1455,75;0,57%;-31,75;-2,13%;9,25;0,64%;3,03
05/06/2014;1447,5;-1,50%;-32,75;-2,21%;-2,75;-0,19%;-8,08
04/06/2014;1469,5;0,09%;-16,5;-1,11%;11,75;0,81%;0,46
03/06/2014;1468,25;-1,29%;-16,5;-1,11%;20,25;1,40%;-7,07
02/06/2014;1487,5;0,49%;11,75;0,80%;-12,25;-0,82%;2,66
30/05/2014;1480,25;-0,39%;-22,25;-1,48%;-24;-1,60%;-2,11
29/05/2014;1486;0,08%;-19,75;-1,31%;-1;-0,07%;0,46
28/05/2014;1484,75;0,61%;-7,5;-0,50%;3,5;0,24%;3,31
27/05/2014;1475,75;-1,78%;19;1,30%;18,75;1,29%;-9,83
23/05/2014;1502,5;-0,22%;30,25;2,05%;50,75;3,50%;-1,19
22/05/2014;1505,75;0,90%;53,75;3,70%;48;3,29%;4,96
21/05/2014;1492,25;2,44%;35;2,40%;18;1,22%;13,04
20/05/2014;1456,75;-1,05%;-17;-1,15%;-32,5;-2,18%;-5,70
19/05/2014;1472,25;1,39%;1,5;0,10%;-23,5;-1,57%;7,44
16/05/2014;1452;-0,36%;-0,25;-0,02%;-22,5;-1,53%;-1,93
15/05/2014;1457,25;-1,12%;-16,75;-1,14%;6,75;0,47%;-6,06
14/05/2014;1473,75;0,20%;17,25;1,18%;36,5;2,54%;1,10
13/05/2014;1470,75;1,27%;37,5;2,62%;14,25;0,98%;6,80
12/05/2014;1452,25;-1,48%;5,75;0,40%;-17,25;-1,17%;-7,99
09/05/2014;1474;1,20%;23,75;1,64%;17,25;1,18%;6,43
08/05/2014;1456,5;1,62%;-1,25;-0,09%;18;1,25%;8,54
07/05/2014;1433,25;-0,92%;-14,75;-1,02%;-14,75;-1,02%;-4,87
06/05/2014;1446,5;-0,26%;-53,25;-3,55%;-3;-0,21%;-1,38
05/05/2014;1450,25;-0,51%;-54;-3,59%;13,75;0,96%;-2,76
02/05/2014;1457,75;0,67%;-29,25;-1,97%;-1;-0,07%;3,58
01/05/2014;1448;-3,45%;-33,25;-2,24%;9,75;0,68%;-19,02
30/04/2014;1499,75;-0,30%;42,75;2,93%;89;6,31%;-1,65
29/04/2014;1504,25;1,16%;52,5;3,62%;93,5;6,63%;6,34
28/04/2014;1487;0,39%;29,25;2,01%;72,75;5,14%;2,11
25/04/2014;1481,25;1,66%;7;0,47%;79;5,63%;8,91
24/04/2014;1457;0,36%;-32,25;-2,17%;57,25;4,09%;1,93
23/04/2014;1451,75;-0,41%;-44;-2,94%;68,75;4,97%;-2,20
22/04/2014;1457,75;-1,12%;-16,75;-1,14%;49,75;3,53%;-6,06
21/04/2014;1474,25;-1,01%;23,75;1,64%;68,75;4,89%;-5,51
17/04/2014;1489,25;-0,43%;52;3,62%;96,75;6,95%;-2,39
16/04/2014;1495,75;1,44%;39,25;2,69%;129,75;9,50%;7,81
15/04/2014;1474,5;1,65%;5;0,34%;111,75;8,20%;8,82
14/04/2014;1450,5;0,92%;-6,25;-0,43%;80;5,84%;4,87
11/04/2014;1437,25;-1,32%;-1,25;-0,09%;76;5,58%;-7,07
10/04/2014;1456,5;-0,88%;8,5;0,59%;69,25;4,99%;-4,78
09/04/2014;1469,5;0,88%;20;1,38%;76,5;5,49%;4,69
08/04/2014;1456,75;1,27%;20,25;1,41%;24,75;1,73%;6,71
07/04/2014;1438,5;-0,66%;-20,25;-1,39%;26,25;1,86%;-3,49
04/04/2014;1448;-0,10%;9,75;0,68%;53,25;3,82%;-0,55
03/04/2014;1449,5;0,90%;38,75;2,75%;52,25;3,74%;4,78
02/04/2014;1436,5;-1,53%;25,75;1,83%;53;3,83%;-8,18
01/04/2014;1458,75;1,43%;44,5;3,15%;70,5;5,08%;7,53
31/03/2014;1438,25;1,95%;36;2,57%;74;5,42%;10,10
28/03/2014;1410,75;0,00%;11;0,79%;39,5;2,88%;0,00
27/03/2014;1410,75;-0,25%;27,75;2,01%;49,25;3,62%;-1,29
26/03/2014;1414,25;0,86%;6,25;0,44%;65;4,82%;4,41
25/03/2014;1402,25;0,18%;-3,25;-0,23%;67,75;5,08%;0,92
24/03/2014;1399,75;1,21%;7,25;0,52%;77,75;5,88%;6,15
21/03/2014;1383;-1,78%;17;1,24%;66,75;5,07%;-9,19
20/03/2014;1408;0,18%;45,25;3,32%;86;6,51%;0,92
19/03/2014;1405,5;0,93%;35;2,55%;107;8,24%;4,78
18/03/2014;1392,5;1,94%;31,25;2,30%;87,25;6,68%;9,74
17/03/2014;1366;0,24%;-21,25;-1,53%;82;6,39%;1,19
14/03/2014;1362,75;-0,57%;-30,25;-2,17%;67;5,17%;-2,85
13/03/2014;1370,5;0,68%;-61,5;-4,29%;84;6,53%;3,40
12/03/2014;1361,25;-1,87%;-51;-3,61%;68,75;5,32%;-9,55
11/03/2014;1387,25;-0,41%;-7,5;-0,54%;100,5;7,81%;-2,11
10/03/2014;1393;-2,72%;-4,25;-0,30%;115,75;9,06%;-14,33
07/03/2014;1432;1,40%;48,5;3,51%;157,75;12,38%;7,26
06/03/2014;1412,25;1,25%;24;1,73%;158,5;12,64%;6,43
05/03/2014;1394,75;-0,18%;30,5;2,24%;151;12,14%;-0,92
04/03/2014;1397,25;0,99%;26;1,90%;161,25;13,05%;5,05
03/03/2014;1383,5;-0,34%;22;1,62%;153,25;12,46%;-1,75
28/02/2014;1388,25;1,76%;39;2,89%;141,75;11,37%;8,82
27/02/2014;1364,25;-0,51%;29,75;2,23%;115,5;9,25%;-2,57
26/02/2014;1371,25;0,72%;49,25;3,73%;125,5;10,07%;3,58
25/02/2014;1361,5;0,91%;45,25;3,44%;123,5;9,98%;4,50
24/02/2014;1349,25;1,11%;27,25;2,06%;108,75;8,77%;5,42
21/02/2014;1334,5;0,95%;36;2,77%;93;7,49%;4,59
20/02/2014;1322;0,44%;16,75;1,28%;44,5;3,48%;2,11
19/02/2014;1316,25;-0,43%;32,25;2,51%;40,25;3,15%;-2,11
18/02/2014;1322;1,81%;26,25;2,03%;43;3,36%;8,64
14/02/2014;1298,5;-0,52%;12;0,93%;30,5;2,41%;-2,48
13/02/2014;1305,25;1,65%;12,75;0,99%;50;3,98%;7,81
12/02/2014;1284;-0,91%;-2,75;-0,21%;44,5;3,59%;-4,32
11/02/2014;1295,75;0,72%;18,5;1,45%;61;4,94%;3,40
10/02/2014;1286,5;-0,46%;12,25;0,96%;56,25;4,57%;-2,20
07/02/2014;1292,5;0,45%;38,75;3,09%;55,5;4,49%;2,11
06/02/2014;1286,75;0,74%;43;3,46%;49;3,96%;3,49
05/02/2014;1277,25;0,24%;41,25;3,34%;45;3,65%;1,10
04/02/2014;1274,25;1,64%;44;3,58%;43,25;3,51%;7,53
03/02/2014;1253,75;0,80%;7,25;0,58%;0,25;0,02%;3,67
31/01/2014;1243,75;0,63%;-5;-0,40%;-26;-2,05%;2,85
30/01/2014;1236;0,47%;-9,75;-0,78%;-38,75;-3,04%;2,11
29/01/2014;1230,25;-1,30%;-7,75;-0,63%;-36;-2,84%;-5,97
28/01/2014;1246,5;-0,18%;6;0,48%;-37,25;-2,90%;-0,83
27/01/2014;1248,75;0,24%;7,25;0,58%;-32;-2,50%;1,10
24/01/2014;1245,75;0,63%;-31,75;-2,49%;-46,25;-3,58%;2,85
23/01/2014;1238;-0,20%;-38;-2,98%;-42;-3,28%;-0,92
22/01/2014;1240,5;-0,08%;-38,5;-3,01%;-34,25;-2,69%;-0,37
21/01/2014;1241,5;-2,82%;-26,5;-2,09%;-54,25;-4,19%;-13,23
17/01/2014;1277,5;0,12%;22,25;1,77%;-8,75;-0,68%;0,55
16/01/2014;1276;-0,23%;36,5;2,94%;0;0,00%;-1,10
15/01/2014;1279;0,87%;44,25;3,58%;6,75;0,53%;4,04
14/01/2014;1268;1,02%;37,75;3,07%;-24,5;-1,90%;4,69
13/01/2014;1255,25;1,27%;18,25;1,48%;-31,5;-2,45%;5,79
10/01/2014;1239,5;0,38%;1,75;0,14%;-52,75;-4,08%;1,75
09/01/2014;1234,75;0,37%;2,5;0,20%;-39,25;-3,08%;1,65
08/01/2014;1230,25;-0,55%;-0,75;-0,06%;-46,25;-3,62%;-2,48
07/01/2014;1237;-0,06%;-16,5;-1,32%;-41;-3,21%;-0,28
06/01/2014;1237,75;0,45%;-32;-2,52%;-30,5;-2,40%;2,02
03/01/2014;1232,25;0,10%;-42,5;-3,33%;-37,5;-2,95%;0,46
02/01/2014;1231;-1,79%;-35,25;-2,78%;-54;-4,20%;-8,27
31/12/2013;1253,5;-1,28%;-30,25;-2,36%;-15;-1,18%;-5,97
30/12/2013;1269,75;-0,39%;-11;-0,86%;-8;-0,63%;-1,84
27/12/2013;1274,75;0,67%;-17,25;-1,34%;-3;-0,23%;3,12
26/12/2013;1266,25;-1,36%;-13,75;-1,07%;-1,75;-0,14%;-6,43
24/12/2013;1283,75;0,23%;9;0,71%;43,75;3,53%;1,10
23/12/2013;1280,75;-0,87%;-15;-1,16%;58,5;4,79%;-4,13
20/12/2013;1292;0,94%;5,75;0,45%;67,25;5,49%;4,41
19/12/2013;1280;0,41%;4;0,31%;44;3,56%;1,93
18/12/2013;1274,75;-1,62%;2,5;0,20%;45,75;3,72%;-7,72
17/12/2013;1295,75;0,74%;3,25;0,25%;33,75;2,67%;3,49
16/12/2013;1286,25;0,80%;-0,5;-0,04%;22,75;1,80%;3,77
13/12/2013;1276;0,29%;-16,25;-1,26%;13;1,03%;1,38
12/12/2013;1272,25;-1,57%;-1,75;-0,14%;22,75;1,82%;-7,44
11/12/2013;1292,5;0,45%;16;1,25%;48;3,86%;2,11
10/12/2013;1286,75;-0,43%;8,75;0,68%;71,75;5,91%;-2,02
09/12/2013;1292,25;1,43%;24;1,89%;88,75;7,37%;6,71
06/12/2013;1274;-0,20%;4,25;0,33%;75,25;6,28%;-0,92
05/12/2013;1276,5;-0,12%;-8,5;-0,66%;71,5;5,93%;-0,55
04/12/2013;1278;0,77%;9,5;0,75%;78;6,50%;3,58
03/12/2013;1268,25;-0,12%;-9,5;-0,74%;53,5;4,40%;-0,55
02/12/2013;1269,75;-1,19%;-8;-0,63%;44,75;3,65%;-5,60
29/11/2013;1285;1,30%;17;1,34%;65,75;5,39%;6,06
27/11/2013;1268,5;-0,72%;28,5;2,30%;52;4,27%;-3,40
26/11/2013;1277,75;0,00%;55,5;4,54%;35,75;2,88%;0,00
25/11/2013;1277,75;0,77%;53;4,33%;25,5;2,04%;3,58
22/11/2013;1268;2,26%;32;2,59%;15,5;1,24%;10,29
21/11/2013;1240;1,45%;11;0,90%;-6;-0,48%;6,52
20/11/2013;1222,25;-0,20%;-39,75;-3,15%;-24,75;-1,98%;-0,92
19/11/2013;1224,75;-0,91%;-38,75;-3,07%;-10,25;-0,83%;-4,13
18/11/2013;1236;0,57%;-27;-2,14%;-1;-0,08%;2,57
15/11/2013;1229;-2,61%;-20,5;-1,64%;8,75;0,72%;-12,13
14/11/2013;1262;-0,12%;17,5;1,41%;51,25;4,23%;-0,55
13/11/2013;1263,5;0,04%;48,5;3,99%;46,75;3,84%;0,18
12/11/2013;1263;1,08%;59,5;4,94%;52,5;4,34%;4,96
11/11/2013;1249,5;0,40%;50,75;4,23%;17,75;1,44%;1,84
08/11/2013;1244,5;2,43%;39,5;3,28%;13;1,06%;10,84
07/11/2013;1215;0,96%;15;1,25%;-17,5;-1,42%;4,23
06/11/2013;1203,5;0,40%;-11,25;-0,93%;-36,75;-2,96%;1,75
05/11/2013;1198,75;-0,52%;-26,25;-2,14%;-40;-3,23%;-2,30
04/11/2013;1205;0,42%;-14,25;-1,17%;-27;-2,19%;1,84
01/11/2013;1200;-1,21%;-16,5;-1,36%;-17,5;-1,44%;-5,42
31/10/2013;1214,75;-0,84%;-27,25;-2,19%;3;0,25%;-3,77
30/10/2013;1225;0,47%;-27,25;-2,18%;-1,5;-0,12%;2,11
29/10/2013;1219,25;0,23%;-33,25;-2,65%;-44,25;-3,50%;1,01
28/10/2013;1216,5;-2,05%;-29,5;-2,37%;-44;-3,49%;-9,37
25/10/2013;1242;-0,82%;-5;-0,40%;-23,5;-1,86%;-3,77
24/10/2013;1252,25;-0,02%;17,25;1,40%;-4;-0,32%;-0,09
23/10/2013;1252,5;0,52%;15,5;1,25%;1;0,08%;2,39
22/10/2013;1246;-0,08%;25,75;2,11%;-13;-1,03%;-0,37
21/10/2013;1247;0,97%;36,25;2,99%;-36,25;-2,82%;4,41
18/10/2013;1235;-0,16%;18,25;1,50%;-56,5;-4,37%;-0,73
17/10/2013;1237;1,37%;26,5;2,19%;-49,25;-3,83%;6,15
16/10/2013;1220,25;0,78%;-11,5;-0,93%;-71,75;-5,55%;3,49
15/10/2013;1210,75;-0,49%;-20,75;-1,68%;-114,5;-8,64%;-2,20
14/10/2013;1216,75;0,52%;-15,75;-1,28%;-123;-9,18%;2,30
11/10/2013;1210,5;-1,73%;-29,75;-2,40%;-91,5;-7,03%;-7,81
10/10/2013;1231,75;0,02%;-7;-0,57%;-67;-5,16%;0,09
09/10/2013;1231,5;-0,08%;-0,5;-0,04%;-68,75;-5,29%;-0,37
08/10/2013;1232,5;-0,62%;15;1,23%;-79;-6,02%;-2,85
07/10/2013;1240,25;0,12%;28,5;2,35%;-71;-5,41%;0,55
04/10/2013;1238,75;0,55%;12,25;1,00%;-57,5;-4,44%;2,48
03/10/2013;1232;1,19%;-31,5;-2,49%;-98,5;-7,40%;5,33
02/10/2013;1217,5;0,47%;-43;-3,41%;-83,75;-6,44%;2,11
01/10/2013;1211,75;-1,20%;-53,75;-4,25%;-100,5;-7,66%;-5,42
30/09/2013;1226,5;-2,93%;-29,75;-2,37%;-90;-6,84%;-13,60
27/09/2013;1263,5;0,24%;12;0,96%;-50,75;-3,86%;1,10
26/09/2013;1260,5;-0,40%;1,5;0,12%;-72,75;-5,46%;-1,84
25/09/2013;1265,5;0,74%;-17,75;-1,38%;-6,25;-0,49%;3,40
24/09/2013;1256,25;0,38%;-35,25;-2,73%;25,75;2,09%;1,75
23/09/2013;1251,5;-0,60%;-34,75;-2,70%;3,75;0,30%;-2,76
20/09/2013;1259;-1,89%;-33;-2,55%;24,75;2,01%;-8,91
19/09/2013;1283,25;-0,64%;-42;-3,17%;36,25;2,91%;-3,03
18/09/2013;1291,5;0,41%;-48,25;-3,60%;88,5;7,36%;1,93
17/09/2013;1286,25;-0,45%;-15,75;-1,21%;77;6,37%;-2,11
16/09/2013;1292;-2,51%;-6,75;-0,52%;109,25;9,24%;-12,22
13/09/2013;1325,25;-1,08%;25;1,92%;153,75;13,12%;-5,33
12/09/2013;1339,75;2,90%;28,25;2,15%;170,75;14,61%;13,87
11/09/2013;1302;0,25%;-9,25;-0,71%;176;15,63%;1,19
10/09/2013;1298,75;-0,12%;2,5;0,19%;170,75;15,14%;-0,55
09/09/2013;1300,25;-0,86%;-30,25;-2,27%;190,75;17,19%;-4,13
06/09/2013;1311,5;0,02%;10,25;0,79%;200,5;18,05%;0,09
05/09/2013;1311,25;1,16%;-1;-0,08%;184,25;16,35%;5,51
04/09/2013;1296,25;-2,57%;-20,25;-1,54%;171;15,20%;-12,59
03/09/2013;1330,5;2,25%;16,25;1,24%;194,25;17,10%;10,75
30/08/2013;1301,25;-0,84%;-32;-2,40%;151,25;13,15%;-4,04
29/08/2013;1312,25;-0,32%;40,5;3,18%;165,5;14,43%;-1,56
28/08/2013;1316,5;0,17%;86;6,99%;152,75;13,13%;0,83
27/08/2013;1314,25;-1,43%;66,5;5,33%;142;12,11%;-6,98
26/08/2013;1333,25;4,84%;99;8,02%;165,5;14,17%;22,60
23/08/2013;1271,75;3,35%;24,75;1,98%;71,25;5,94%;15,16
22/08/2013;1230,5;-1,38%;27,5;2,29%;26,5;2,20%;-6,34
21/08/2013;1247,75;1,09%;38,5;3,18%;15,5;1,26%;4,96
20/08/2013;1234,25;-1,02%;51,5;4,35%;16,5;1,35%;-4,69
19/08/2013;1247;3,66%;75,5;6,44%;37,5;3,10%;16,17
16/08/2013;1203;-0,52%;34;2,91%;-24,25;-1,98%;-2,30
15/08/2013;1209,25;2,24%;83,25;7,39%;-20,75;-1,69%;9,74
14/08/2013;1182,75;0,96%;54,75;4,85%;-24,75;-2,05%;4,13
13/08/2013;1171,5;0,21%;62;5,59%;-29,5;-2,46%;0,92
12/08/2013;1169;3,82%;58;5,22%;-65,5;-5,31%;15,80
09/08/2013;1126;-0,18%;-1;-0,09%;-102,5;-8,34%;-0,73
08/08/2013;1128;1,67%;2,75;0,24%;-92;-7,54%;6,80
07/08/2013;1109,5;-0,14%;-26,75;-2,35%;-86,5;-7,23%;-0,55
06/08/2013;1111;-1,42%;-39;-3,39%;-61;-5,20%;-5,88
05/08/2013;1127;0,16%;-19,75;-1,72%;-67,5;-5,65%;0,64
02/08/2013;1125,25;-0,97%;-38,5;-3,31%;-61;-5,14%;-4,04
01/08/2013;1136,25;-1,20%;-36;-3,07%;-50,75;-4,28%;-5,05
31/07/2013;1150;0,28%;-17,75;-1,52%;-45,75;-3,83%;1,19
30/07/2013;1146,75;-1,46%;-53,75;-4,48%;-72,25;-5,93%;-6,25
29/07/2013;1163,75;-0,73%;-40,25;-3,34%;-56;-4,59%;-3,12
26/07/2013;1172,25;0,39%;-60;-4,87%;-50;-4,09%;1,65
25/07/2013;1167,75;-2,73%;-50;-4,11%;-49,5;-4,07%;-12,03
24/07/2013;1200,5;-0,29%;-9;-0,74%;-16,75;-1,38%;-1,29
23/07/2013;1204;-2,29%;-23,25;-1,89%;-24,75;-2,01%;-10,38
22/07/2013;1232,25;1,19%;2,25;0,18%;-22,25;-1,77%;5,33
19/07/2013;1217,75;0,68%;10,25;0,85%;-15,75;-1,28%;3,03
18/07/2013;1209,5;-1,45%;8,5;0,71%;-19,75;-1,61%;-6,52
17/07/2013;1227,25;-0,22%;-7,25;-0,59%;-14,75;-1,19%;-1,01
16/07/2013;1230;1,86%;1,5;0,12%;-14,25;-1,15%;8,27
15/07/2013;1207,5;0,54%;-12,5;-1,02%;-50,5;-4,01%;2,39
12/07/2013;1201;-2,71%;5;0,42%;-69,75;-5,49%;-12,31
11/07/2013;1234,5;0,49%;62,5;5,33%;-28,25;-2,24%;2,20
10/07/2013;1228,5;0,70%;34;2,85%;-50,75;-3,97%;3,12
09/07/2013;1220;2,01%;33,75;2,85%;-58,25;-4,56%;8,82
08/07/2013;1196;2,05%;9;0,76%;-87;-6,78%;8,82
05/07/2013;1172;-1,88%;-23,75;-1,99%;-107,75;-8,42%;-8,27
03/07/2013;1194,5;0,70%;-24,5;-2,01%;-89;-6,93%;3,03
02/07/2013;1186,25;-0,06%;-33,5;-2,75%;-74,75;-5,93%;-0,28
01/07/2013;1187;-0,73%;-35,25;-2,88%;-59,75;-4,79%;-3,22
28/06/2013;1195,75;-1,91%;-21,5;-1,77%;-57;-4,55%;-8,54
27/06/2013;1219;-0,06%;1,75;0,14%;-41,25;-3,27%;-0,28
26/06/2013;1219,75;-0,20%;-9;-0,73%;-7,5;-0,61%;-0,92
25/06/2013;1222,25;0,41%;-32,25;-2,57%;-28,25;-2,26%;1,84
24/06/2013;1217,25;0,00%;-16,25;-1,32%;-28;-2,25%;0,00
21/06/2013;1217,25;-0,94%;-12;-0,98%;-12;-0,98%;-4,23
20/06/2013;1228,75;-2,05%;-13,25;-1,07%;13,25;1,09%;-9,46
19/06/2013;1254,5;1,70%;10,25;0,82%;55;4,59%;7,72
18/06/2013;1233,5;0,35%;-24,5;-1,95%;55;4,67%;1,56
17/06/2013;1229,25;-1,03%;-41,5;-3,27%;65,5;5,63%;-4,69
14/06/2013;1242;-0,18%;-20,75;-1,64%;76,25;6,54%;-0,83
13/06/2013;1244,25;-1,09%;-35;-2,74%;74;6,32%;-5,05
12/06/2013;1258;-1,00%;-20,25;-1,58%;108;9,39%;-4,69
11/06/2013;1270,75;0,63%;-12,25;-0,95%;111;9,57%;2,94
10/06/2013;1262,75;-1,29%;-17;-1,33%;121;10,60%;-6,06
07/06/2013;1279,25;0,08%;-4,25;-0,33%;146;12,88%;0,37
06/06/2013;1278,25;-0,37%;17,25;1,37%;158;14,10%;-1,75
05/06/2013;1283;0,25%;36,25;2,91%;144,75;12,72%;1,19
04/06/2013;1279,75;-0,29%;27;2,16%;156,5;13,93%;-1,38
03/06/2013;1283,5;1,78%;23,25;1,84%;159,5;14,19%;8,27
31/05/2013;1261;1,14%;33,75;2,75%;111;9,65%;5,24
30/05/2013;1246,75;-0,48%;-3,75;-0,30%;87;7,50%;-2,20
29/05/2013;1252,75;-0,60%;7,5;0,60%;120,75;10,67%;-2,76
28/05/2013;1260,25;2,69%;31;2,52%;137;12,20%;12,13
24/05/2013;1227,25;-1,86%;11,75;0,97%;131;11,95%;-8,54
23/05/2013;1250,5;0,42%;51;4,25%;141;12,71%;1,93
22/05/2013;1245,25;1,30%;66,75;5,66%;130;11,66%;5,88
21/05/2013;1229,25;1,13%;65,5;5,63%;95,75;8,45%;5,05
20/05/2013;1215,5;1,33%;49,75;4,27%;74,5;6,53%;5,88
17/05/2013;1199,5;1,78%;29,25;2,50%;68,5;6,06%;7,72
16/05/2013;1178,5;1,27%;28,5;2,48%;52,25;4,64%;5,42
15/05/2013;1163,75;-0,17%;4;0,34%;56,75;5,13%;-0,73
14/05/2013;1165,75;-0,38%;24;2,10%;35,5;3,14%;-1,65
13/05/2013;1170,25;1,76%;37;3,26%;51;4,56%;7,44
10/05/2013;1150;-0,84%;29,75;2,66%;40;3,60%;-3,58
09/05/2013;1159,75;1,58%;21,5;1,89%;47;4,22%;6,61
08/05/2013;1141,75;0,75%;18,5;1,65%;46,5;4,25%;3,12
07/05/2013;1133,25;1,16%;9,25;0,82%;54,25;5,03%;4,78
06/05/2013;1120,25;-1,58%;-29,75;-2,59%;31;2,85%;-6,61
03/05/2013;1138,25;1,34%;-21,5;-1,85%;40,75;3,71%;5,51
02/05/2013;1123,25;-0,07%;-8,75;-0,77%;12;1,08%;-0,28
01/05/2013;1124;-2,26%;0,75;0,07%;16;1,44%;-9,55
30/04/2013;1150;-0,84%;53,75;4,90%;1150;#DIV/0!;-3,58
29/04/2013;1159,75;2,45%;50,25;4,53%;1159,75;#DIV/0!;10,20
26/04/2013;1132;0,78%;16,75;1,50%;1132;#DIV/0!;3,22
25/04/2013;1123,25;2,46%;-10,25;-0,90%;1123,25;#DIV/0!;9,92
24/04/2013;1096,25;-1,19%;-44,75;-3,92%;1096,25;#DIV/0!;-4,87
23/04/2013;1109,5;-0,52%;-21,5;-1,90%;1109,5;#DIV/0!;-2,11
22/04/2013;1115,25;-1,61%;-11;-0,98%;1115,25;#DIV/0!;-6,71
19/04/2013;1133,5;-0,66%;26,5;2,39%;1133,5;#DIV/0!;-2,76
18/04/2013;1141;0,88%;10,75;0,95%;1141;#DIV/0!;3,67
17/04/2013;1131;0,42%;11,75;1,05%;1131;#DIV/0!;1,75
16/04/2013;1126,25;1,74%;16,25;1,46%;1126,25;#DIV/0!;7,07
15/04/2013;1107;-2,06%;-5,75;-0,52%;1107;#DIV/0!;-8,54
12/04/2013;1130,25;0,98%;35;3,20%;1130,25;#DIV/0!;4,04
11/04/2013;1119,25;0,83%;40,25;3,73%;1119,25;#DIV/0!;3,40
10/04/2013;1110;-0,25%;20,75;1,90%;1110;#DIV/0!;-1,01
09/04/2013;1112,75;1,60%;15,25;1,39%;1112,75;#DIV/0!;6,43
08/04/2013;1095,25;1,51%;-16;-1,44%;1095,25;#DIV/0!;5,97
05/04/2013;1079;-0,94%;-29;-2,62%;1079;#DIV/0!;-3,77
04/04/2013;1089,25;-0,75%;1089,25;#DIV/0!;1089,25;#DIV/0!;-3,03
03/04/2013;1097,5;-1,24%;1097,5;#DIV/0!;1097,5;#DIV/0!;-5,05
02/04/2013;1111,25;0,29%;1111,25;#DIV/0!;1111,25;#DIV/0!;1,19
01/04/2013;1108;#DIV/0!;1108;#DIV/0!;1108;#DIV/0!;407,14
