Timestamp,Soybean,Soymeal,Soyoil,Corn,DalianSBM,DalianSBO
2020-06-24,874.5,293.6,28.85,329.5,2815,5758
2020-06-23,874.0,292.5,29.04,329.0,2831,5774
2020-06-22,879.25,293.2,29.22,333.0,2828,5790
2020-06-19,880.75,293.9,29.31,337.25,2808,5750
2020-06-18,876.0,295.2,28.87,335.5,2813,5668
2020-06-17,876.5,294.9,28.91,335.0,2815,5650
2020-06-16,873.0,295.7,28.8,334.25,2825,5628
2020-06-15,876.0,297.3,28.6,333.75,2822,5638
2020-06-12,879.75,297.9,28.42,334.5,2821,5634
2020-06-11,876.75,298.6,28.44,334.25,2810,5686
2020-06-10,876.25,297.7,28.94,330.75,2810,5732
2020-06-09,874.0,296.0,29.17,332.0,2813,5714
2020-06-08,875.5,297.3,29.04,338.25,2827,5670
2020-06-05,878.5,298.0,29.08,335.75,2848,5668
2020-06-04,878.5,298.7,28.76,333.5,2825,5650
2020-06-03,868.25,295.2,28.8,328.5,2798,5680
2020-06-02,861.25,292.6,28.88,328.75,2795,5646
2020-06-01,851.25,292.0,28.54,327.75,2798,5652
2020-05-29,851.5,292.1,28.32,330.25,2793,5600
2020-05-28,857.75,293.2,28.33,332.0,2814,5536
2020-05-27,859.25,290.9,28.54,325.0,2812,5506
2020-05-26,857.75,292.8,28.21,323.5,2783,5468
2020-05-22,844.0,293.0,27.58,322.5,2748,5438
2020-05-21,845.75,291.4,28.05,322.25,2749,5468
2020-05-20,857.5,294.4,28.3,324.0,2745,5438
2020-05-19,853.25,293.5,28.03,325.75,2735,5430
2020-05-18,855.75,294.0,28.26,325.25,2728,5418
2020-05-15,849.25,296.4,27.52,323.75,2703,5382
2020-05-14,847.75,297.1,27.12,322.0,2703,5338
2020-05-13,850.25,299.5,26.85,322.75,2731,5354
2020-05-12,862.75,301.0,27.2,326.75,2733,5338
2020-05-11,865.75,299.2,27.43,323.0,2755,5392
2020-05-08,861.25,299.7,27.48,323.75,2753,5386
2020-05-07,855.0,297.0,27.2,322.5,2754,5348
2020-05-06,843.25,297.0,26.78,318.75,2746,5334
2020-04-30,866.0,304.0,27.54,324.5,2725,5388
2020-04-29,848.25,297.5,27.11,319.0,2723,5364
2020-04-28,842.75,297.3,26.71,316.5,2750,5346
2020-04-27,847.25,300.4,26.41,317.75,2765,5370
2020-04-24,850.25,301.5,26.44,327.5,2761,5462
2020-04-23,857.5,302.0,26.98,330.5,2766,5464
2020-04-22,853.25,301.8,26.93,329.25,2750,5372
2020-04-21,851.5,303.4,26.7,321.75,2726,5356
2020-04-20,847.0,299.7,27.31,326.75,2741,5514
2020-04-17,853.0,302.0,27.61,333.75,2768,5516
2020-04-16,856.5,305.0,27.62,330.75,2783,5578
2020-04-15,862.5,305.5,27.88,331.25,2809,5514
2020-04-14,866.25,302.0,28.1,336.75,2797,5514
2020-04-13,873.0,303.4,28.21,340.75,2824,5596
2020-04-09,882.25,306.7,28.72,341.25,2821,5644
2020-04-08,873.25,307.0,28.49,339.5,2812,5584
2020-04-07,873.5,308.0,28.79,341.0,2811,5540
2020-04-03,873.0,317.4,27.74,340.25,2814,5460
2020-04-02,877.5,323.3,27.55,343.0,2842,5432
2020-04-01,881.5,329.1,27.36,344.25,2885,5458
2020-03-31,904.75,335.7,28.32,350.25,2936,5534
2020-03-30,901.0,339.7,28.18,350.75,2976,5574
2020-03-27,900.25,337.3,28.16,355.5,2927,5520
2020-03-26,899.0,337.1,27.81,358.25,2916,5578
2020-03-25,900.25,335.9,27.95,358.0,2956,5608
2020-03-24,905.5,346.3,27.86,356.75,2916,5560
2020-03-23,902.75,347.8,27.45,353.0,2900,5492
2020-03-20,881.25,339.4,26.95,353.25,2803,5458
2020-03-19,862.0,329.0,26.79,355.0,2739,5362
2020-03-18,844.25,318.2,26.35,344.75,2767,5348
2020-03-17,843.0,312.5,26.55,353.5,2758,5288
2020-03-16,840.5,310.5,26.3,364.25,2776,5332
2020-03-13,867.5,313.7,27.68,375.25,2734,5272
2020-03-12,878.25,317.0,27.69,375.25,2722,5370
2020-03-11,892.0,315.8,28.84,384.0,2746,5546
2020-03-10,895.0,316.1,28.98,387.0,2748,5540
2020-03-09,888.75,314.6,28.85,382.25,2731,5542
2020-03-06,910.0,319.3,30.06,385.5,2769,5768
2020-03-05,915.75,318.1,30.7,391.25,2785,5850
2020-03-04,926.0,323.1,31.05,394.5,2787,5766
2020-03-03,922.25,324.3,30.47,390.75,2791,5748
2020-03-02,919.75,323.1,30.22,385.0,2762,5726
2020-02-28,911.5,319.8,29.99,377.75,2719,5772
2020-02-27,913.75,317.8,30.5,377.5,2736,5870
2020-02-26,910.75,312.5,30.76,384.0,2712,5862
2020-02-25,907.0,307.2,30.93,386.0,2700,5892
2020-02-24,901.25,306.2,31.18,385.75,2711,5982
2020-02-21,917.75,309.0,32.32,390.25,2747,6022
2020-02-20,919.75,312.5,31.78,392.25,2744,5964
2020-02-19,924.25,312.7,32.01,394.75,2736,5958
2020-02-18,921.0,311.8,32.15,397.0,2739,5984
2020-02-14,922.0,310.8,32.25,391.5,2750,6002
2020-02-13,924.75,311.8,32.4,393.25,2749,6076
2020-02-12,921.0,311.6,32.71,396.75,2729,6124
2020-02-11,913.25,310.7,32.39,393.5,2732,6222
2020-02-10,912.75,311.3,32.3,395.5,2732,6276
2020-02-07,910.5,309.2,32.65,397.25,2715,6278
2020-02-06,909.5,308.1,32.92,393.0,2708,6302
2020-02-05,908.5,307.3,33.0,394.5,2716,6202
2020-02-04,908.0,308.4,32.41,396.0,2707,6124
2020-02-03,905.5,309.7,31.97,392.5,2649,6136
2020-01-23,938.0,318.8,34.16,407.5,2739,6570
2020-01-22,942.25,317.8,34.7,402.5,2758,6536
2020-01-21,944.5,319.0,34.43,401.25,2774,6594
2020-01-17,958.25,320.5,35.03,403.0,2755,6674
2020-01-16,952.5,320.5,34.71,389.25,2761,6706
2020-01-15,957.25,320.0,34.98,401.25,2756,6800
2020-01-14,970.75,321.9,35.75,402.75,2738,6862
2020-01-13,970.75,323.7,35.63,403.25,2745,6946
2020-01-10,974.5,323.4,36.03,399.5,2771,6978
2020-01-09,972.0,320.7,36.32,397.0,2796,6968
2020-01-08,975.75,321.7,36.24,398.0,2808,6948
2020-01-07,972.5,321.2,36.42,398.25,2822,6892
2020-01-06,973.25,322.8,36.2,398.5,2823,6924
2020-01-03,970.0,321.1,36.76,400.25,2853,6928
2020-01-02,984.75,325.5,36.92,405.25,2853,6844
2019-12-31,984.0,324.6,36.45,401.5,2852,6884
2019-12-30,981.0,322.2,37.13,402.0,2834,6836
2019-12-27,970.0,320.3,36.72,403.75,2816,6790
2019-12-26,975.0,323.9,36.35,402.25,2813,6680
2019-12-24,973.25,326.0,35.84,401.25,2836,6644
2019-12-23,970.75,325.7,35.73,402.5,2825,6662
2019-12-20,966.75,322.1,35.74,401.5,2820,6686
2019-12-19,964.75,322.6,35.75,400.25,2831,6648
2019-12-18,969.0,327.3,35.4,400.75,2840,6656
2019-12-17,969.25,326.3,35.78,403.75,2834,6626
2019-12-16,964.5,325.7,35.11,401.75,2829,6536
2019-12-13,950.0,321.2,34.55,394.75,2822,6530
2019-12-12,941.0,318.6,34.19,391.5,2853,6424
2019-12-11,936.5,319.2,33.39,385.0,2862,6416
2019-12-10,944.25,322.3,33.63,390.75,2849,6452
2019-12-09,940.25,322.1,33.54,389.5,2849,6466
2019-12-06,932.5,322.9,33.17,390.5,2840,6386
2019-12-05,927.25,325.1,32.45,390.5,2809,6354
2019-12-04,921.0,320.3,32.42,392.25,2826,6314
2019-12-03,914.0,318.3,32.14,395.0,2826,6278
2019-12-02,913.5,317.1,32.11,395.75,2829,6308
2019-11-29,919.75,316.7,32.53,395.0,2833,6346
2019-11-27,925.0,319.8,32.45,387.0,2830,6308
2019-11-26,927.25,320.7,32.35,392.0,2843,6340
2019-11-25,935.5,324.2,32.54,394.5,2829,6468
2019-11-22,940.0,324.8,33.01,392.25,2831,6428
2019-11-21,944.0,326.8,32.83,392.75,2842,6474
2019-11-20,948.0,325.6,33.36,391.0,2850,6450
2019-11-19,954.5,327.8,33.11,394.5,2853,6358
2019-11-18,953.25,327.4,32.77,391.0,2859,6330
2019-11-15,961.25,332.8,32.55,394.5,2839,6374
2019-11-14,959.75,328.9,32.92,399.0,2861,6410
2019-11-13,958.25,329.9,32.68,398.5,2866,6506
2019-11-12,960.0,328.1,33.18,401.0,2858,6554
2019-11-11,960.0,326.4,33.57,396.5,2888,6524
2019-11-08,974.0,330.7,33.65,400.5,2918,6442
2019-11-07,979.5,331.4,33.58,398.5,2904,6452
2019-11-06,970.5,324.7,33.9,402.0,2918,6426
2019-11-05,977.25,328.5,33.72,405.0,2948,6494
2019-11-04,981.0,328.2,34.02,406.5,2950,6390
2019-11-01,979.75,329.7,33.18,412.5,2932,6362
2019-10-31,975.25,330.2,32.9,413.25,2960,6336
2019-10-30,973.5,328.0,33.13,414.0,2974,6338
2019-10-29,976.5,328.8,33.15,409.5,2964,6306
2019-10-28,978.5,329.8,32.93,407.25,2983,6290
2019-10-25,977.5,329.1,33.11,410.0,3024,6302
2019-10-24,990.0,331.4,33.49,410.0,3024,6174
2019-10-23,991.25,334.4,32.73,411.0,3029,6178
2019-10-22,991.5,332.7,33.0,411.25,3038,6128
2019-10-21,990.75,333.5,32.63,410.5,3014,6150
2019-10-18,991.5,334.3,32.51,414.25,2970,6118
2019-10-17,989.0,332.6,32.54,418.0,2944,6106
2019-10-16,985.5,330.6,32.55,415.0,2954,6058
2019-10-15,991.5,333.6,32.54,416.5,2953,6002
2019-10-14,998.0,336.7,32.15,421.0,2946,6042
2019-10-11,993.5,336.6,32.12,421.0,2952,6094
2019-10-10,981.0,333.6,31.93,403.5,2929,6070
2019-10-09,981.25,335.5,31.86,417.5,2920,6062
2019-10-08,978.0,332.7,31.97,419.0,2903,6016
2019-09-30,963.5,326.8,31.23,411.25,2849,5966
2019-09-27,940.5,320.9,30.99,394.75,2831,6014
2019-09-26,946.0,321.4,31.32,395.75,2843,6090
2019-09-25,946.75,323.4,31.35,397.5,2843,6092
2019-09-24,951.75,325.3,31.48,398.0,2826,6100
2019-09-23,950.0,324.4,31.46,396.5,2848,6144
2019-09-20,940.25,320.8,31.55,394.0,2837,6138
2019-09-19,950.5,321.9,32.12,396.0,2843,6194
2019-09-18,946.25,321.2,32.15,394.5,2837,6250
2019-09-17,951.25,323.6,32.14,391.25,2830,6264
2019-09-16,957.5,324.7,32.43,397.25,2819,6198
2019-09-12,953.0,327.1,31.31,390.5,2819,6146
2019-09-11,924.0,320.5,30.98,383.25,2837,6176
2019-09-10,929.5,323.9,30.68,384.75,2843,6144
2019-09-09,915.25,319.8,30.6,377.5,2851,6160
2019-09-06,915.25,318.8,30.8,378.75,2876,6156
2019-09-05,919.0,320.3,30.79,382.0,2927,6228
2019-09-04,933.0,324.3,31.14,381.75,2968,6200
2019-09-03,926.0,319.9,31.24,384.25,2967,6144
2019-08-30,926.5,321.1,30.96,393.0,2931,6176
2019-08-29,926.0,323.8,30.73,394.5,2953,6206
2019-08-28,923.25,325.5,30.6,394.25,2931,6202
2019-08-27,916.75,322.8,30.5,389.5,2930,6274
2019-08-26,924.75,324.4,30.84,391.5,2955,6328
2019-08-23,914.0,321.2,30.85,391.0,2923,6266
2019-08-22,926.25,325.1,31.05,394.25,2893,6270
2019-08-21,930.5,326.1,31.27,393.5,2868,6252
2019-08-20,925.75,325.3,30.94,392.0,2854,6226
2019-08-19,924.0,323.0,31.19,397.75,2847,6254
2019-08-16,937.25,326.1,31.66,404.0,2846,6282
2019-08-15,928.25,322.7,31.6,394.25,2854,6232
2019-08-14,935.5,325.7,31.7,393.5,2868,6198
2019-08-13,946.5,330.4,31.69,399.75,2903,6250
2019-08-12,936.75,324.5,32.2,416.0,2864,6254
2019-08-09,949.25,329.5,32.1,441.0,2875,6152
2019-08-08,940.5,327.8,31.53,441.5,2851,6010
2019-08-07,924.25,325.8,30.52,437.25,2852,5948
2019-08-06,923.25,328.4,30.08,435.75,2864,5948
2019-08-05,926.25,328.1,30.41,438.0,2832,5886
2019-08-02,926.0,325.2,30.86,432.75,2791,5794
2019-08-01,922.75,325.5,30.31,425.75,2768,5770
2019-07-31,939.0,331.2,30.38,433.25,2779,5804
2019-07-30,954.25,333.5,30.98,444.25,2772,5818
2019-07-29,961.75,337.3,31.12,450.25,2764,5812
2019-07-26,958.5,335.5,31.17,447.75,2767,5766
2019-07-25,957.25,335.6,30.94,450.75,2790,5766
2019-07-24,965.75,338.6,30.95,454.0,2774,5716
2019-07-23,961.25,338.3,30.63,454.75,2792,5680
2019-07-22,963.25,340.2,30.32,450.0,2795,5656
2019-07-19,976.75,343.3,30.71,459.0,2815,5648
2019-07-18,956.5,338.6,30.2,453.0,2829,5654
2019-07-17,958.0,339.4,30.26,464.75,2807,5664
2019-07-16,963.5,340.6,30.61,464.5,2807,5682
2019-07-15,977.5,344.0,30.94,470.25,2830,5684
2019-07-12,989.0,347.3,30.94,482.5,2780,5658
2019-07-11,974.75,344.7,30.8,471.25,2773,5688
2019-07-10,970.25,343.3,30.71,462.75,2749,5684
2019-07-09,961.75,341.7,30.64,460.5,2726,5694
2019-07-08,955.25,338.1,30.63,467.0,2769,5680
2019-07-05,952.0,338.2,30.15,465.5,2788,5668
2019-07-03,966.25,340.9,30.81,464.5,2796,5642
2019-07-02,956.25,338.8,30.41,449.25,2828,5664
2019-07-01,966.0,340.4,30.74,445.75,2867,5654
2019-06-28,980.5,348.7,30.98,454.75,2869,5644
2019-06-27,969.75,345.8,30.56,474.25,2869,5640
2019-06-26,975.75,347.0,30.59,477.75,2875,5622
2019-06-25,984.0,349.5,30.74,480.75,2893,5642
2019-06-24,990.25,351.9,31.11,480.5,2881,5638
2019-06-21,985.0,350.0,31.22,476.75,2881,5674
2019-06-20,998.5,356.8,31.35,484.25,2862,5686
2019-06-19,986.25,350.8,31.13,476.5,2871,5702
2019-06-18,997.75,356.7,31.09,486.25,2932,5744
2019-06-17,997.0,358.8,30.94,491.75,2935,5730
2019-06-14,981.0,357.7,30.48,486.75,2899,5728
2019-06-13,972.25,355.9,30.83,479.0,2903,5684
2019-06-12,962.25,353.7,30.37,467.0,2849,5674
2019-06-11,943.5,348.6,30.03,464.75,2856,5702
2019-06-10,942.75,347.6,30.19,452.75,2840,5698
2019-06-06,953.0,350.1,30.57,457.5,2891,5688
2019-06-05,954.0,351.9,30.03,451.75,2961,5696
2019-06-04,966.0,355.2,30.3,462.25,2975,5668
2019-06-03,963.25,354.7,30.15,461.25,2906,5672
2019-05-31,962.0,355.5,30.4,464.0,2906,5740
2019-05-30,973.25,361.6,30.59,473.25,2910,5746
2019-05-29,956.25,353.2,30.54,455.75,2895,5750
2019-05-28,940.25,347.0,30.1,457.25,2826,5628
2019-05-24,914.0,334.7,29.82,441.25,2751,5596
2019-05-23,905.75,331.4,29.59,426.75,2771,5624
2019-05-22,912.75,332.5,30.12,431.5,2767,5670
2019-05-21,906.25,329.5,29.95,431.25,2760,5716
2019-05-20,916.0,331.5,30.31,426.0,2717,5720
2019-05-17,906.0,328.5,30.03,420.25,2717,5720
2019-05-16,924.0,336.1,30.53,416.0,2711,5690
2019-05-15,919.75,334.0,30.05,406.5,2665,5656
2019-05-14,915.75,332.2,29.81,405.75,2652,5644
2019-05-13,886.75,321.5,29.42,393.5,2647,5624
2019-05-10,893.5,321.5,29.6,388.75,2655,5630
2019-05-09,897.0,323.3,29.44,390.25,2642,5648
2019-05-08,911.5,327.1,29.81,401.25,2590,5644
2019-05-07,915.0,327.4,29.91,403.5,2583,5624
2019-05-06,914.5,330.8,29.94,401.25,2577,5570
2019-04-30,938.25,334.3,30.69,399.5,2540,5604
2019-04-29,945.0,335.1,31.0,398.75,2553,5598
2019-04-26,951.25,337.9,30.65,398.25,2549,5626
2019-04-25,957.0,343.8,30.75,394.25,2572,5694
2019-04-24,953.0,338.2,31.03,393.0,2587,5700
2019-04-23,959.75,338.7,31.18,397.25,2597,5752
2019-04-22,975.0,340.2,31.81,400.5,2594,5764
2019-04-18,978.5,341.0,31.9,404.25,2587,5774
2019-04-17,976.75,341.8,31.59,404.0,2606,5798
2019-04-16,986.0,344.3,31.83,404.75,2621,5792
2019-04-15,996.75,348.9,31.92,408.5,2604,5846
2019-04-12,993.0,345.8,32.09,406.5,2592,5830
2019-04-11,993.0,345.2,32.12,405.75,2611,5846
2019-04-10,999.75,348.1,32.19,407.5,2606,5864
2019-04-09,996.5,347.1,32.16,405.75,2610,5848
2019-04-08,996.5,347.2,32.0,405.75,2630,5850
2019-04-04,1004.25,349.9,32.32,411.0,2618,5832
2019-04-03,996.5,349.0,31.92,408.5,2620,5842
2019-04-02,997.75,348.6,32.08,407.25,2605,5800
2019-04-01,993.25,347.4,31.69,407.5,2566,5794
2019-03-29,982.0,344.5,31.48,402.25,2564,5796
2019-03-28,987.25,344.5,31.75,419.75,2585,5844
2019-03-27,985.25,342.4,31.94,419.5,2615,5868
2019-03-26,998.5,349.0,31.77,423.0,2620,5858
2019-03-25,1004.25,353.1,31.94,425.5,2614,5866
2019-03-22,1001.5,353.0,31.78,424.0,2607,5908
2019-03-21,1008.25,353.3,32.22,422.0,2596,5952
2019-03-20,1003.75,349.6,32.39,417.25,2594,5934
2019-03-19,1001.75,348.8,32.36,417.0,2611,5938
2019-03-18,1003.5,347.8,32.56,417.25,2618,5962
2019-03-15,1007.0,348.8,32.55,419.0,2624,5954
2019-03-14,996.25,343.9,32.69,416.0,2612,6020
2019-03-13,998.75,342.7,33.05,412.25,2583,6076
2019-03-12,994.75,341.0,33.11,411.5,2573,6108
2019-03-11,987.75,339.3,32.76,407.75,2584,6132
2019-03-08,993.5,341.7,32.77,410.0,2580,6126
2019-03-07,1000.25,344.3,32.79,411.0,2573,6168
2019-03-06,999.75,344.1,32.9,418.25,2553,6222
2019-03-05,1011.5,348.0,33.14,421.5,2547,6178
2019-03-04,1013.75,348.5,33.2,420.5,2550,6194
2019-03-01,1009.25,345.4,33.36,418.75,2566,6140
2019-02-28,1008.0,344.0,33.37,416.5,2541,6078
2019-02-27,1014.5,347.2,33.24,419.5,2555,6066
2019-02-26,1014.75,345.3,33.52,421.75,2587,6086
2019-02-25,1022.75,347.4,33.8,425.75,2585,6138
2019-02-22,1021.5,347.4,33.97,430.25,2604,6126
2019-02-21,1022.0,347.8,33.94,430.0,2593,6090
2019-02-20,1013.75,347.2,33.4,425.25,2600,6130
2019-02-19,1012.25,347.5,33.2,423.75,2637,6162
2019-02-15,1019.25,348.5,33.4,428.5,2647,6094
2019-02-14,1015.5,347.6,33.35,428.5,2671,6094
2019-02-13,1028.5,352.2,33.46,432.5,2669,6114
2019-02-12,1029.5,351.2,33.79,432.0,2667,6118
2019-02-11,1017.0,346.9,33.69,426.5,2648,6154
2019-02-01,1029.75,353.8,33.33,432.0,2657,6128
2019-01-31,1027.25,352.0,33.61,430.25,2629,6152
2019-01-30,1033.0,353.1,33.86,435.0,2614,6164
2019-01-29,1031.0,353.8,33.55,431.0,2620,6190
2019-01-28,1035.25,354.2,33.74,433.5,2646,6156
2019-01-25,1037.25,355.9,33.47,434.0,2648,6090
2019-01-24,1028.0,354.3,32.95,430.75,2652,6090
2019-01-23,1027.0,354.9,32.82,432.5,2640,6078
2019-01-22,1021.25,355.0,32.5,432.75,2635,6074
2019-01-18,1028.75,357.1,32.45,435.5,2608,5964
2019-01-17,1019.75,354.2,32.21,433.75,2599,5922
2019-01-16,1006.5,352.1,31.67,427.75,2604,5958
2019-01-15,1005.25,351.3,31.68,425.0,2629,5960
2019-01-14,1015.5,353.8,31.84,432.25,2647,5986
2019-01-11,1022.25,356.6,31.85,432.0,2700,5966
2019-01-10,1018.75,358.8,31.63,430.0,2732,6014
2019-01-09,1036.0,365.4,32.04,435.75,2733,5998
2019-01-08,1030.5,363.6,31.87,433.75,2747,5960
2019-01-07,1036.25,364.2,31.95,436.0,2757,5930
2019-01-04,1033.5,361.0,32.08,436.75,2746,5920
2019-01-03,1024.75,358.7,31.87,433.5,2713,5892
2019-01-02,1019.0,356.9,31.62,429.5,2698,5824
2018-12-28,1007.5,355.0,31.28,429.25,2679,5776
2018-12-27,994.5,350.3,31.07,428.25,2691,5804
2018-12-26,995.0,349.9,31.09,427.0,2691,5804
2018-12-24,1009.0,353.8,31.47,431.5,2687,5838
2018-12-21,1009.75,352.1,31.61,432.25,2714,5842
2018-12-20,1018.25,354.0,31.92,429.0,2725,5842
2018-12-19,1025.0,354.0,32.16,435.5,2731,5828
2018-12-18,1032.75,356.7,32.11,439.25,2716,5768
2018-12-17,1030.0,355.4,31.89,437.75,2717,5742
2018-12-14,1025.75,353.6,32.2,438.5,2719,5766
2018-12-13,1032.5,354.9,32.53,438.0,2757,5788
2018-12-12,1045.25,358.6,32.73,439.0,2746,5796
2018-12-11,1040.25,356.7,32.65,438.5,2741,5810
2018-12-10,1035.0,355.8,32.45,437.75,2746,5860
2018-12-07,1042.0,357.0,32.43,439.25,2768,5884
2018-12-06,1034.75,358.0,32.4,436.5,2786,5916
2018-12-05,1038.75,359.7,32.53,438.0,2762,5942
2018-12-04,1037.0,360.5,32.59,438.5,2744,5938
2018-12-03,1031.0,360.2,32.26,435.75,2774,5950
2018-11-30,1020.0,356.3,31.75,431.5,2776,5960
2018-11-29,1012.5,355.3,31.6,427.0,2775,5938
2018-11-28,1015.75,356.1,31.67,427.0,2748,5926
2018-11-27,1000.75,352.9,31.08,422.25,2731,5940
2018-11-26,987.5,350.9,30.88,421.75,2761,5952
2018-11-23,1006.25,353.8,31.54,424.25,2813,5946
2018-11-21,1008.25,354.5,31.68,426.5,2834,5946
2018-11-20,1006.25,355.0,31.21,426.0,2804,5938
2018-11-19,999.0,353.3,31.19,427.0,2824,5954
2018-11-16,1017.5,358.8,31.26,429.5,2803,5974
2018-11-15,1014.0,353.4,31.58,432.0,2748,5924
2018-11-14,1008.75,353.4,31.47,431.5,2774,5916
2018-11-13,1003.5,351.6,31.45,431.0,2804,5984
2018-11-12,1008.5,353.3,31.61,435.75,2822,5974
2018-11-09,1012.0,353.3,31.52,434.25,2826,5984
2018-11-08,1004.25,353.8,31.92,438.0,2845,6038
2018-11-07,1004.75,355.7,32.1,436.75,2864,6060
2018-11-06,1009.5,359.1,31.8,437.75,2855,6076
2018-11-05,1011.0,358.3,31.8,438.5,2802,6062
2018-11-02,1013.0,358.7,32.1,435.75,2839,6070
2018-11-01,1007.25,361.1,32.22,431.25,2955,6188
2018-10-31,977.0,354.1,31.92,427.75,3002,6188
2018-10-30,972.25,352.8,31.9,429.25,3004,6226
2018-10-29,977.5,355.9,31.79,431.25,3056,6222
2018-10-26,983.0,355.0,32.06,432.25,3070,6220
2018-10-25,979.75,352.0,32.29,425.5,3092,6222
2018-10-24,988.75,353.8,32.51,432.75,3079,6262
2018-10-23,996.25,358.4,32.66,434.75,3061,6312
2018-10-22,997.25,360.5,33.05,434.0,3082,6324
2018-10-19,995.5,360.8,33.04,431.5,3123,6322
2018-10-18,1002.25,364.0,32.92,435.25,3137,6376
2018-10-17,1024.5,371.4,33.46,438.75,3104,6412
2018-10-16,1023.5,370.0,33.56,439.75,3115,6434
2018-10-15,1030.25,374.7,33.66,442.75,3125,6468
2018-10-12,1006.25,364.6,33.29,438.25,3151,6436
2018-10-11,997.0,364.5,32.92,433.75,3193,6456
2018-10-10,991.0,363.4,32.83,427.25,3172,6516
2018-10-09,1001.75,365.5,33.16,429.0,3168,6474
2018-10-08,1008.5,366.2,33.54,431.0,3123,6434
2018-09-28,984.25,356.7,32.89,420.75,3032,6392
2018-09-27,993.75,359.5,33.05,429.25,2985,6394
2018-09-26,988.75,358.6,32.69,427.5,2983,6404
2018-09-25,984.5,356.9,32.55,428.25,2951,6340
2018-09-21,986.0,356.6,32.24,421.75,2875,6296
2018-09-20,989.0,362.1,31.76,417.0,2871,6314
2018-09-19,968.75,356.9,31.4,410.25,2861,6332
2018-09-18,952.75,351.0,31.27,407.75,2864,6390
2018-09-17,962.25,353.4,31.6,412.5,2834,6394
2018-09-14,969.25,356.4,31.66,416.25,2807,6388
2018-09-13,972.0,362.6,31.69,415.0,2810,6398
2018-09-12,978.75,366.1,31.89,417.0,2872,6448
2018-09-11,970.5,363.9,31.98,431.25,2867,6446
2018-09-10,984.0,366.3,32.26,431.75,2855,6432
2018-09-07,982.75,364.7,32.17,431.5,2808,6408
2018-09-06,978.0,361.7,32.43,430.75,2794,6406
2018-09-05,976.75,357.4,32.46,429.75,2813,6414
2018-09-04,983.0,358.9,32.68,432.75,2804,6392
2018-08-31,982.25,354.9,32.67,429.5,2787,6342
2018-08-30,970.25,351.2,32.57,421.0,2785,6324
2018-08-29,974.75,352.9,32.32,421.0,2750,6346
2018-08-28,972.0,352.4,32.48,420.75,2739,6354
2018-08-27,987.0,358.3,32.66,426.0,2760,6368
2018-08-24,994.0,364.0,32.39,427.25,2816,6426
2018-08-23,992.75,364.2,32.27,425.5,2852,6410
2018-08-22,1009.0,370.9,32.46,431.25,2876,6436
2018-08-21,1024.75,374.9,32.85,438.75,2865,6414
2018-08-20,1032.0,378.3,32.78,441.0,2877,6430
2018-08-17,1031.5,380.1,32.46,443.25,2923,6418
2018-08-16,1035.75,384.7,32.38,444.25,2948,6372
2018-08-15,1007.75,379.0,32.1,440.5,2970,6422
2018-08-14,1018.5,385.5,32.51,441.0,2928,6398
2018-08-13,1007.5,376.5,32.57,435.0,2913,6376
2018-08-10,1000.5,371.0,32.31,436.25,2968,6436
2018-08-09,1042.75,382.6,32.78,447.25,2979,6444
2018-08-08,1049.25,385.1,32.81,449.5,2933,6422
2018-08-07,1044.5,380.3,32.99,449.0,2898,6402
2018-08-06,1032.25,377.2,32.7,449.75,2869,6382
2018-08-03,1041.0,379.5,32.76,448.75,2871,6346
2018-08-02,1036.25,380.3,32.51,445.75,2879,6372
2018-08-01,1040.5,383.7,32.85,444.0,2891,6360
2018-07-31,1057.75,389.1,33.2,451.0,2919,6356
2018-07-30,1029.75,381.4,32.75,445.75,2900,6340
2018-07-27,1024.0,378.8,32.92,440.75,2876,6292
2018-07-26,1014.75,379.4,32.48,440.25,2878,6276
2018-07-25,1014.5,376.2,32.72,437.75,2865,6240
2018-07-24,1012.0,374.4,32.48,430.5,2841,6224
2018-07-23,1001.5,373.1,32.22,435.75,2849,6248
2018-07-20,1003.5,372.3,32.44,433.5,2842,6234
2018-07-19,1000.25,373.8,32.11,429.5,2810,6230
2018-07-18,996.5,373.3,32.37,425.5,2813,6210
2018-07-17,994.0,374.9,32.03,424.25,2803,6196
2018-07-16,984.5,375.2,31.99,419.75,2767,6168
2018-07-13,973.0,370.7,32.29,419.25,2791,6204
2018-07-12,988.0,375.4,32.59,423.75,2821,6226
2018-07-11,987.0,375.4,32.72,417.75,2832,6246
2018-07-10,1010.25,378.0,33.32,425.25,2812,6286
2018-07-09,1010.75,375.5,33.16,431.5,2862,6346
2018-07-06,1033.25,385.1,33.36,437.5,2856,6334
2018-07-05,994.5,371.6,32.93,429.0,2867,6300
2018-07-03,1003.0,373.1,33.1,428.75,2904,6320
2018-07-02,1008.25,375.3,33.29,423.5,2917,6312
2018-06-29,1018.75,377.6,33.64,435.75,2884,6306
2018-06-28,1022.25,379.0,33.58,430.5,2872,6284
2018-06-27,1027.75,379.2,33.58,437.75,2852,6270
2018-06-26,1026.25,380.3,33.49,437.75,2793,6204
2018-06-25,1034.25,381.7,33.52,436.0,2748,6234
2018-06-22,1055.0,388.7,33.83,442.5,2730,6216
2018-06-21,1040.25,382.0,33.69,442.75,2782,6224
2018-06-20,1049.25,385.0,33.94,440.25,2800,6218
2018-06-19,1049.75,388.0,33.48,440.0,2812,6312
2018-06-15,1069.25,392.8,34.19,447.25,2704,6386
2018-06-14,1088.75,396.5,34.84,449.0,2699,6380
2018-06-13,1097.5,399.8,34.77,461.5,2681,6366
2018-06-12,1115.5,405.6,34.74,463.0,2659,6458
2018-06-11,1115.25,403.3,35.27,452.75,2663,6464
2018-06-08,1130.75,409.9,35.21,463.25,2675,6500
2018-06-07,1135.75,410.5,35.29,461.75,2745,6528
2018-06-06,1155.75,417.1,35.34,463.75,2764,6548
2018-06-05,1162.75,419.4,35.48,469.25,2769,6556
2018-06-04,1163.25,421.0,35.62,466.25,2789,6632
2018-06-01,1182.75,426.3,35.88,477.0,2787,6582
2018-05-31,1180.0,427.4,35.81,479.5,2776,6576
2018-05-30,1184.5,429.0,36.17,479.0,2809,6590
2018-05-29,1192.0,432.3,35.9,485.5,2815,6506
2018-05-25,1203.0,432.4,36.03,491.5,2785,6544
2018-05-24,1197.25,429.4,36.4,489.75,2767,6534
2018-05-23,1200.75,432.8,36.39,494.0,2736,6534
2018-05-22,1192.0,429.6,36.2,490.25,2713,6524
2018-05-21,1186.75,431.2,36.11,488.25,2707,6550
2018-05-18,1160.0,428.4,35.67,488.0,2715,6514
2018-05-17,1156.5,427.2,35.63,480.75,2727,6458
2018-05-16,1161.25,428.7,35.28,484.75,2729,6468
2018-05-15,1180.25,434.4,35.81,487.75,2796,6510
2018-05-14,1179.25,439.7,35.94,482.0,2812,6534
2018-05-11,1164.75,430.7,36.0,482.0,2843,6562
2018-05-10,1182.75,438.2,35.82,487.5,2859,6564
2018-05-09,1177.25,437.9,35.72,488.25,2852,6532
2018-05-08,1181.75,438.0,35.38,488.75,2876,6520
2018-05-07,1173.0,434.6,35.56,486.25,2955,6518
2018-05-04,1198.25,445.8,35.46,491.75,2960,6478
2018-05-03,1214.75,450.7,35.5,493.5,2976,6498
2018-05-02,1204.5,452.8,35.29,490.5,2974,6468
2018-04-27,1217.75,447.4,35.42,484.0,2911,6462
2018-04-26,1201.0,435.4,35.78,480.75,2944,6468
2018-04-25,1200.75,432.6,35.75,481.25,2964,6498
2018-04-24,1195.5,428.4,35.96,475.5,2957,6512
2018-04-23,1193.75,428.3,35.99,473.0,2972,6554
2018-04-20,1201.75,430.7,36.25,471.0,2981,6552
2018-04-19,1210.5,429.9,36.37,476.5,2965,6534
2018-04-18,1214.75,433.3,36.38,477.25,2982,6526
2018-04-17,1218.75,437.5,36.14,474.75,2959,6508
2018-04-16,1214.75,434.1,36.14,476.5,2964,6558
2018-04-13,1226.5,438.9,36.44,480.0,2985,6560
2018-04-12,1233.25,439.5,36.59,482.75,2984,6600
2018-04-11,1220.25,436.4,36.49,481.25,2992,6660
2018-04-10,1221.75,440.1,36.81,483.25,3044,6686
2018-04-09,1219.0,445.8,36.48,484.5,3095,6776
2018-04-04,1187.25,438.0,36.64,474.75,2948,6662
2018-04-03,1210.0,436.2,37.3,482.25,2910,6612
2018-04-02,1207.5,433.5,37.0,481.0,2926,6598
2018-03-29,1216.75,440.2,36.83,481.5,2777,6474
2018-03-28,1190.0,427.5,36.58,467.25,2810,6522
2018-03-27,1191.5,428.6,36.54,467.75,2816,6566
2018-03-26,1197.5,431.2,36.42,467.75,2823,6534
2018-03-23,1200.25,434.1,36.38,471.0,2803,6574
2018-03-22,1201.75,424.2,36.84,469.75,2760,6570
2018-03-21,1201.75,420.7,37.33,468.75,2744,6550
2018-03-20,1200.25,417.9,36.7,468.25,2733,6544
2018-03-19,1194.5,414.8,37.02,468.75,2766,6574
2018-03-16,1221.5,429.1,36.94,476.5,2777,6598
2018-03-15,1212.75,427.2,37.02,480.5,2750,6588
2018-03-14,1204.25,427.1,36.67,482.5,2772,6624
2018-03-13,1220.75,431.7,37.18,485.5,2770,6590
2018-03-12,1213.0,426.6,36.71,484.5,2764,6576
2018-03-09,1211.25,429.8,36.55,484.25,2823,6606
2018-03-08,1236.0,439.6,36.8,487.25,2822,6638
2018-03-07,1237.25,439.7,37.06,481.0,2833,6696
2018-03-06,1246.75,444.2,37.44,482.0,2830,6752
2018-03-05,1249.5,449.4,37.17,481.0,2831,6748
2018-03-02,1243.0,449.1,37.26,479.0,2817,6728
2018-03-01,1240.0,453.4,37.35,480.0,2736,6688
2018-02-28,1227.5,450.9,37.19,475.75,2704,6674
2018-02-27,1221.5,445.4,37.36,473.0,2685,6666
2018-02-26,1218.0,436.5,37.82,471.0,2682,6664
2018-02-23,1219.5,434.5,37.52,468.25,2661,6612
2018-02-22,1215.25,435.8,37.21,468.5,2652,6560
2018-02-14,1199.75,428.0,36.97,468.5,2565,6526
2018-02-13,1194.25,422.9,36.74,468.0,2553,6542
2018-02-12,1184.25,416.6,37.01,468.25,2530,6536
2018-02-09,1165.5,402.8,37.11,463.25,2513,6538
2018-02-08,1170.25,401.3,37.36,467.0,2508,6516
2018-02-07,1165.5,395.0,37.71,466.5,2501,6536
2018-02-06,1168.75,391.3,38.31,464.75,2474,6502
2018-02-05,1152.25,386.6,37.65,460.0,2477,6506
2018-02-02,1161.25,391.0,37.66,462.75,2485,6568
2018-02-01,1167.5,393.6,38.05,463.0,2507,6608
2018-01-31,1178.25,397.4,38.22,462.75,2519,6642
2018-01-30,1182.75,400.1,38.23,462.75,2508,6662
2018-01-29,1174.0,397.0,38.02,460.0,2497,6712
2018-01-26,1168.0,395.3,37.94,457.75,2479,6694
2018-01-25,1174.75,400.0,37.65,456.5,2480,6676
2018-01-24,1174.75,401.6,37.83,457.75,2477,6682
2018-01-23,1168.75,399.2,37.67,452.5,2494,6660
2018-01-22,1166.75,398.2,37.31,453.25,2492,6620
2018-01-19,1159.75,391.2,37.43,453.75,2482,6596
2018-01-18,1155.5,388.0,37.38,452.75,2477,6606
2018-01-17,1151.25,383.9,37.66,454.25,2471,6624
2018-01-16,1150.5,382.4,37.94,449.5,2464,6638
2018-01-12,1143.0,376.6,38.28,447.5,2445,6648
2018-01-11,1132.5,372.7,38.3,450.0,2463,6688
2018-01-10,1137.5,376.0,38.6,450.25,2478,6696
2018-01-09,1146.25,377.8,38.85,450.25,2487,6678
2018-01-08,1149.25,381.1,38.69,448.5,2481,6678
2018-01-05,1153.25,381.5,38.91,452.5,2474,6718
2018-01-04,1150.25,379.4,39.02,452.25,2475,6704
2018-01-03,1151.25,378.2,39.05,454.25,2482,6674
2018-01-02,1147.25,377.5,38.7,454.5,2476,6666
2017-12-29,1144.25,376.4,38.41,452.0,2488,6568
2017-12-28,1139.25,375.7,37.86,453.25,2519,6604
2017-12-27,1150.0,378.1,38.42,455.0,2530,6590
2017-12-26,1153.0,379.0,38.57,454.0,2522,6566
2017-12-22,1142.75,376.3,38.09,453.25,2498,6534
2017-12-21,1141.5,377.7,37.98,452.5,2506,6634
2017-12-20,1147.0,379.3,38.28,450.5,2517,6686
2017-12-19,1149.25,378.7,38.54,448.75,2526,6692
2017-12-18,1155.0,382.1,38.33,448.25,2520,6728
2017-12-15,1160.5,384.1,38.49,448.75,2526,6710
2017-12-14,1161.25,385.2,38.52,449.75,2546,6742
2017-12-13,1173.0,390.5,38.55,450.25,2547,6794
2017-12-12,1169.75,388.5,38.75,449.0,2555,6812
2017-12-11,1176.5,391.4,38.76,450.25,2565,6774
2017-12-08,1183.75,395.3,38.94,454.0,2575,6782
2017-12-07,1186.0,398.8,38.65,452.75,2601,6824
2017-12-06,1196.75,405.9,38.49,454.0,2614,6890
2017-12-05,1202.5,406.9,38.82,455.0,2574,6910
2017-12-04,1192.5,401.1,38.76,454.75,2553,6938
2017-12-01,1188.25,393.8,39.01,460.0,2509,6936
2017-11-30,1179.75,390.1,39.17,457.0,2532,6932
2017-11-29,1186.5,390.9,39.39,454.75,2532,6928
2017-11-28,1187.0,389.4,39.45,451.0,2541,6968
2017-11-27,1190.0,392.9,39.06,453.0,2545,6986
2017-11-24,1187.25,389.5,39.4,456.25,2545,7016
2017-11-22,1191.25,390.3,39.52,458.25,2533,7006
2017-11-21,1183.0,384.0,39.64,457.5,2533,6982
2017-11-20,1184.0,385.6,39.42,457.75,2505,6998
2017-11-17,1184.5,383.6,39.91,456.25,2478,7068
2017-11-16,1166.0,376.1,39.91,450.25,2473,7070
2017-11-15,1170.25,377.0,40.2,452.0,2450,7084
2017-11-14,1161.75,375.9,39.48,451.25,2448,7124
2017-11-13,1168.25,377.0,39.8,456.0,2440,7166
2017-11-10,1181.0,380.2,40.28,457.25,2426,7194
2017-11-09,1179.0,377.5,40.61,455.25,2434,7230
2017-11-08,1192.5,380.9,40.84,462.0,2424,7218
2017-11-07,1190.0,381.2,40.49,461.5,2420,7212
2017-11-06,1188.0,381.8,40.2,461.75,2415,7176
2017-11-03,1180.75,379.6,39.89,462.0,2434,7196
2017-11-02,1193.25,383.1,40.33,464.25,2427,7210
2017-11-01,1185.25,379.3,40.37,462.0,2420,7202
2017-10-31,1178.75,377.5,40.22,459.5,2420,7212
2017-10-30,1178.5,378.0,40.15,462.5,2430,7232
2017-10-27,1180.5,377.8,40.31,462.5,2434,7214
2017-10-26,1176.5,377.8,39.97,464.25,2450,7202
2017-10-25,1180.25,381.1,39.73,464.75,2450,7186
2017-10-24,1179.75,379.9,39.81,466.5,2456,7160
2017-10-23,1185.0,381.6,40.1,465.0,2468,7146
2017-10-20,1183.0,382.8,39.63,458.25,2477,7100
2017-10-19,1190.75,387.1,39.3,462.75,2471,7122
2017-10-18,1188.5,387.5,38.88,462.25,2461,7152
2017-10-17,1189.0,387.3,39.06,463.75,2477,7186
2017-10-16,1195.25,390.2,39.06,464.25,2481,7186
2017-10-13,1204.5,394.3,39.16,466.5,2452,7144
2017-10-12,1196.25,392.0,38.75,462.75,2394,7144
2017-10-11,1169.5,380.6,38.62,459.75,2399,7134
2017-10-10,1170.25,381.9,38.58,463.0,2406,7174
2017-10-09,1171.0,381.2,38.73,463.25,2410,7206
2017-09-29,1172.5,381.5,38.29,469.0,2376,7160
2017-09-28,1163.75,377.2,38.29,466.25,2396,7170
2017-09-27,1169.75,379.0,38.69,467.75,2399,7260
2017-09-26,1167.75,378.8,38.92,466.0,2414,7274
2017-09-25,1175.5,380.0,39.48,467.5,2428,7292
2017-09-22,1188.5,384.7,39.69,467.25,2395,7326
2017-09-21,1175.0,378.6,39.81,464.0,2364,7402
2017-09-20,1174.25,375.8,40.38,463.75,2351,7410
2017-09-19,1169.75,374.4,40.23,462.0,2366,7428
2017-09-18,1172.0,378.3,39.9,465.25,2355,7444
2017-09-15,1173.0,377.1,40.28,468.5,2359,7488
2017-09-14,1180.25,378.8,40.55,468.0,2330,7474
2017-09-13,1164.75,371.1,40.56,465.25,2336,7464
2017-09-12,1154.75,365.7,40.66,465.25,2346,7442
2017-09-11,1164.25,369.3,40.62,471.25,2345,7420
2017-09-08,1166.25,370.9,40.41,470.5,2356,7442
2017-09-07,1173.0,372.9,40.9,469.0,2365,7454
2017-09-06,1175.25,374.4,41.03,474.75,2364,7474
2017-09-05,1172.75,373.7,40.91,472.25,2353,7456
2017-09-01,1153.75,364.5,41.14,469.0,2333,7424
2017-08-31,1149.5,365.2,40.53,471.5,2324,7384
2017-08-30,1137.5,363.1,40.16,459.25,2339,7400
2017-08-29,1141.5,364.9,40.12,462.5,2354,7422
2017-08-28,1145.5,365.1,40.43,464.75,2367,7466
2017-08-25,1148.75,365.7,40.42,467.25,2356,7480
2017-08-24,1150.75,366.6,40.6,470.0,2347,7474
2017-08-23,1142.25,362.2,40.53,469.5,2359,7480
2017-08-22,1141.75,364.4,39.89,473.75,2349,7424
2017-08-21,1140.5,364.7,39.64,476.75,2352,7382
2017-08-18,1142.0,366.2,39.44,479.5,2355,7324
2017-08-17,1137.25,365.7,39.02,478.0,2347,7294
2017-08-16,1129.5,363.8,38.65,480.25,2340,7292
2017-08-15,1128.5,365.1,38.51,482.25,2355,7360
2017-08-14,1142.5,368.4,39.24,490.0,2356,7372
2017-08-11,1149.25,369.9,39.46,488.5,2394,7392
2017-08-10,1144.5,365.9,39.63,484.75,2447,7366
2017-08-09,1177.5,378.6,40.0,500.0,2442,7370
2017-08-08,1177.5,380.0,39.69,497.5,2430,7304
2017-08-07,1174.0,379.9,39.4,500.5,2402,7274
2017-08-04,1161.0,375.1,39.5,494.75,2389,7246
2017-08-03,1164.75,378.3,39.27,491.5,2410,7318
2017-08-02,1181.75,381.2,40.04,492.75,2428,7352
2017-08-01,1176.0,380.2,39.75,490.25,2470,7420
2017-07-31,1211.5,391.1,40.6,498.5,2473,7376
2017-07-28,1217.25,394.2,40.49,501.75,2476,7378
2017-07-27,1211.75,394.7,39.76,501.5,2444,7372
2017-07-26,1204.5,392.2,39.68,499.75,2466,7370
2017-07-25,1197.0,390.6,39.44,496.0,2486,7374
2017-07-24,1214.25,398.4,39.52,504.5,2464,7326
2017-07-21,1226.5,402.5,39.74,507.0,2508,7392
2017-07-20,1231.25,403.8,39.92,518.25,2485,7364
2017-07-19,1216.75,399.9,39.35,509.75,2482,7308
2017-07-18,1206.0,396.6,39.06,504.25,2467,7328
2017-07-17,1201.75,395.2,38.91,502.25,2458,7330
2017-07-14,1205.75,396.9,39.15,503.5,2457,7298
2017-07-13,1191.75,390.8,38.97,497.0,2517,7354
2017-07-12,1238.25,409.0,39.46,512.75,2561,7394
2017-07-11,1247.5,411.9,39.79,529.0,2566,7386
2017-07-10,1243.5,411.3,39.64,529.25,2530,7318
2017-07-07,1219.75,403.7,38.79,519.75,2470,7230
2017-07-06,1203.5,395.4,38.85,517.75,2456,7236
2017-07-05,1198.5,391.3,39.18,519.25,2435,7190
2017-07-03,1185.0,386.1,39.05,515.75,2394,7246
2017-06-30,1159.0,376.9,38.81,508.25,2309,7178
2017-06-29,1129.0,365.6,38.33,496.75,2306,7186
2017-06-28,1126.0,365.6,38.03,493.5,2306,7122
2017-06-27,1121.75,363.5,38.01,495.0,2304,7048
2017-06-26,1118.0,363.7,37.46,494.5,2294,7038
2017-06-23,1115.25,362.9,37.56,492.75,2290,7022
2017-06-22,1117.5,363.1,37.52,498.0,2318,7040
2017-06-21,1132.0,368.4,37.84,504.0,2337,7046
2017-06-20,1143.0,371.9,38.09,505.25,2349,7110
2017-06-19,1152.75,373.0,38.87,510.5,2348,7158
2017-06-16,1154.25,372.9,39.12,519.25,2324,7130
2017-06-15,1148.25,372.2,38.71,514.75,2309,7086
2017-06-14,1143.25,373.4,38.03,512.25,2320,7072
2017-06-13,1144.0,373.1,38.03,516.25,2300,7070
2017-06-12,1142.75,373.4,37.88,512.5,2323,7064
2017-06-09,1153.0,377.5,38.23,523.0,2337,7014
2017-06-08,1149.5,377.7,37.79,521.0,2323,6966
2017-06-07,1142.25,376.5,37.3,520.0,2312,6984
2017-06-06,1135.0,372.7,37.33,512.5,2296,6958
2017-06-05,1133.5,372.2,37.25,508.25,2299,6940
2017-06-02,1132.75,373.5,36.95,508.0,2274,6930
2017-06-01,1123.75,369.1,37.19,505.75,2267,6916
2017-05-31,1127.5,369.7,37.28,507.25,2279,6972
2017-05-26,1138.0,373.4,37.54,509.5,2350,7110
2017-05-25,1151.0,376.3,37.98,504.5,2377,7170
2017-05-24,1159.75,378.0,38.22,506.5,2372,7166
2017-05-23,1159.75,377.9,38.28,504.75,2389,7230
2017-05-22,1168.0,379.4,38.88,510.25,2391,7250
2017-05-19,1164.5,378.6,38.98,507.75,2388,7200
2017-05-18,1156.25,379.1,38.38,501.25,2422,7262
2017-05-17,1187.25,386.9,39.09,506.75,2439,7262
2017-05-16,1187.75,388.6,38.95,503.0,2418,7274
2017-05-15,1176.75,384.1,38.96,503.0,2431,7226
2017-05-12,1174.5,384.9,38.78,506.25,2451,7208
2017-05-11,1177.75,386.5,38.43,504.5,2472,7168
2017-05-10,1181.75,389.3,38.22,509.0,2475,7166
2017-05-09,1185.5,390.1,38.83,501.75,2461,7134
2017-05-08,1176.25,385.2,38.88,501.25,2486,7146
2017-05-05,1184.5,388.5,38.84,506.0,2506,7068
2017-05-04,1185.75,390.2,38.44,501.75,2508,7090
2017-05-03,1186.75,390.4,38.5,510.0,2505,7134
2017-05-02,1180.25,386.6,38.56,507.5,2504,7126
2017-04-28,1167.75,387.4,37.65,501.75,2443,7068
2017-04-27,1168.75,386.4,37.9,504.5,2449,7112
2017-04-26,1168.0,385.3,38.1,502.0,2473,7078
2017-04-25,1176.5,389.3,37.79,507.0,2499,7084
2017-04-24,1183.25,392.2,37.87,500.75,2490,7098
2017-04-21,1172.25,385.2,38.1,499.0,2474,7058
2017-04-20,1168.25,383.5,38.06,499.5,2480,7044
2017-04-19,1172.0,386.8,37.73,503.5,2464,7058
2017-04-18,1167.75,388.2,37.32,503.5,2464,7196
2017-04-17,1175.25,389.3,37.97,508.5,2473,7230
2017-04-13,1177.5,393.4,37.32,513.25,2453,7180
2017-04-12,1169.75,388.6,37.4,511.25,2423,7194
2017-04-11,1161.25,385.2,37.23,508.75,2401,7240
2017-04-10,1163.75,385.0,37.51,509.25,2395,7234
2017-04-07,1164.0,383.3,37.78,501.75,2381,7216
2017-04-06,1163.5,384.6,37.53,503.0,2397,7288
2017-04-05,1166.25,385.7,37.99,507.0,2393,7262
2017-03-31,1168.0,384.3,37.94,506.5,2428,7328
2017-03-30,1185.0,390.8,38.17,499.75,2433,7398
2017-03-29,1191.0,391.7,38.37,500.75,2447,7450
2017-03-28,1194.0,391.2,38.63,500.0,2448,7446
2017-03-27,1193.5,391.2,38.45,498.0,2445,7510
2017-03-24,1197.75,394.1,38.39,498.5,2465,7638
2017-03-23,1213.0,396.6,39.38,499.0,2496,7686
2017-03-22,1221.75,399.4,39.68,501.0,2516,7754
2017-03-21,1223.5,401.7,39.3,503.5,2538,7748
2017-03-20,1221.5,402.5,38.9,505.75,2539,7740
2017-03-17,1222.0,404.8,38.46,509.75,2517,7730
2017-03-16,1223.5,405.2,38.42,508.25,2531,7708
2017-03-15,1220.0,403.5,38.38,505.75,2524,7718
2017-03-14,1221.25,403.1,38.46,504.5,2526,7738
2017-03-13,1228.0,406.8,38.28,503.25,2533,7802
2017-03-10,1228.5,404.6,38.84,506.5,2542,7816
2017-03-09,1233.0,404.4,39.27,509.25,2563,7898
2017-03-08,1243.75,407.0,39.7,514.5,2584,7904
2017-03-07,1247.25,407.2,39.89,518.25,2620,7984
2017-03-06,1259.25,409.6,40.43,520.75,2609,8044
2017-03-03,1259.5,408.9,40.54,523.0,2591,8036
2017-03-02,1259.25,410.7,40.29,521.75,2595,8048
2017-03-01,1273.75,415.2,40.9,524.25,2574,8024
2017-02-28,1257.75,412.3,40.09,516.0,2549,7936
2017-02-27,1244.0,411.5,38.79,510.5,2547,7964
2017-02-24,1246.25,411.6,38.83,513.0,2536,7944
2017-02-23,1244.5,411.1,38.75,514.75,2569,7984
2017-02-22,1255.5,415.4,39.16,520.5,2596,8004
2017-02-21,1259.25,417.8,39.11,518.75,2610,8056
2017-02-17,1265.25,419.8,39.32,517.75,2603,8120
2017-02-16,1276.75,422.1,39.97,523.25,2628,8204
2017-02-15,1293.75,427.0,40.38,528.25,2613,8210
2017-02-14,1278.0,419.8,40.57,524.0,2645,8240
2017-02-13,1287.75,423.7,40.6,525.25,2667,8296
2017-02-10,1292.5,422.4,41.05,524.25,2640,8294
2017-02-09,1284.0,418.7,41.11,519.25,2635,8278
2017-02-08,1292.25,421.5,41.13,520.5,2604,8258
2017-02-07,1276.25,416.2,40.74,518.25,2586,8236
2017-02-06,1269.5,413.1,40.88,513.5,2576,8238
2017-02-03,1260.5,411.9,40.3,515.0,2554,8252
2017-01-26,1283.0,422.7,40.91,513.5,2573,8338
2017-01-25,1288.75,423.6,41.31,516.0,2566,8380
2017-01-24,1292.0,423.3,41.72,513.0,2597,8390
2017-01-23,1291.25,423.8,41.57,519.25,2594,8338
2017-01-20,1301.0,429.0,41.59,519.5,2610,8372
2017-01-19,1303.75,428.5,41.88,516.0,2615,8396
2017-01-18,1308.5,431.4,42.02,514.75,2596,8374
2017-01-17,1302.75,429.1,42.0,515.25,2589,8382
2017-01-13,1279.75,414.2,42.04,508.25,2524,8318
2017-01-12,1273.75,408.2,42.51,508.0,2482,8304
2017-01-11,1245.0,395.2,42.44,507.0,2475,8276
2017-01-10,1247.25,397.8,42.08,508.0,2437,8220
2017-01-09,1238.75,394.2,41.93,509.75,2444,8186
2017-01-06,1228.25,391.6,41.42,507.75,2450,8220
2017-01-05,1246.0,398.5,41.66,511.0,2463,8260
2017-01-04,1248.75,399.4,41.65,509.5,2445,8266
2017-01-03,1228.5,392.4,41.25,505.5,2452,8376
2016-12-30,1237.5,396.9,41.1,501.75,2477,8360
2016-12-29,1246.25,399.3,41.23,499.5,2492,8362
2016-12-28,1250.0,400.6,41.56,498.0,2499,8378
2016-12-27,1257.75,401.9,41.84,504.75,2462,8296
2016-12-23,1231.0,391.9,41.32,495.5,2468,8284
2016-12-22,1237.5,393.6,41.53,497.0,2487,8428
2016-12-21,1250.5,393.9,42.78,497.0,2498,8456
2016-12-20,1249.25,393.3,42.79,500.0,2536,8490
2016-12-19,1265.5,396.7,43.29,503.0,2584,8632
2016-12-16,1280.25,401.7,43.47,506.0,2579,8572
2016-12-15,1272.75,398.7,43.45,506.25,2559,8496
2016-12-14,1268.0,397.5,43.61,511.75,2588,8494
2016-12-13,1273.0,400.0,43.48,510.75,2598,8532
2016-12-12,1276.0,400.8,43.68,510.25,2584,8556
2016-12-09,1282.5,403.2,43.65,509.25,2545,8458
2016-12-08,1272.0,398.1,43.97,503.25,2593,8526
2016-12-07,1294.0,404.9,44.64,507.75,2610,8572
2016-12-06,1292.75,406.3,44.53,510.25,2599,8554
2016-12-05,1288.5,403.9,44.38,509.0,2570,8542
2016-12-02,1272.5,396.9,44.43,497.0,2567,8536
2016-12-01,1274.75,397.1,44.56,492.25,2613,8562
2016-11-30,1277.25,402.7,43.7,498.25,2607,8484
2016-11-29,1287.5,408.6,43.33,498.75,2659,8532
2016-11-28,1301.0,412.6,43.68,508.0,2643,8528
2016-11-25,1291.0,407.5,43.65,508.0,2604,8478
2016-11-23,1279.25,403.0,43.85,509.0,2611,8196
2016-11-22,1275.0,411.8,41.48,508.75,2570,8210
2016-11-21,1265.25,406.3,41.64,507.5,2498,8164
2016-11-18,1238.75,397.0,41.02,503.25,2463,8098
2016-11-17,1234.5,398.2,40.67,499.5,2472,8116
2016-11-16,1230.75,395.1,41.07,496.25,2463,8100
2016-11-15,1234.5,396.7,41.17,499.0,2448,8042
2016-11-14,1229.25,396.5,40.91,495.0,2467,8100
2016-11-11,1231.0,394.4,41.4,498.0,2556,8294
2016-11-10,1243.0,398.0,41.73,501.25,2494,8168
2016-11-09,1236.0,398.0,41.27,498.5,2447,8176
2016-11-08,1256.25,402.3,42.27,512.0,2436,8152
2016-11-07,1243.5,398.5,41.75,504.0,2402,8074
2016-11-04,1235.75,395.6,41.67,506.5,2372,8094
2016-11-03,1234.5,393.0,42.06,505.75,2374,8092
2016-11-02,1231.5,393.3,41.94,504.0,2415,8100
2016-11-01,1238.25,396.1,41.81,506.75,2461,8172
2016-10-31,1256.75,402.7,42.13,512.5,2483,8174
2016-10-28,1257.0,404.1,42.37,512.75,2515,8182
2016-10-27,1270.0,414.2,42.07,515.25,2502,8230
2016-10-26,1266.0,405.7,42.68,511.75,2455,8226
2016-10-25,1247.25,394.8,42.76,507.0,2451,8240
2016-10-24,1247.25,393.9,42.95,506.0,2440,8092
2016-10-21,1238.25,393.1,42.08,510.25,2421,8052
2016-10-20,1230.75,391.2,42.01,508.75,2406,8146
2016-10-19,1236.75,393.0,42.36,515.25,2398,8068
2016-10-18,1227.75,390.0,42.03,511.5,2388,8074
2016-10-17,1233.5,390.1,42.4,511.75,2375,8040
2016-10-14,1217.75,387.2,41.34,512.0,2337,7774
2016-10-13,1211.5,388.9,40.34,507.25,2358,7852
2016-10-12,1200.75,383.1,40.3,494.75,2388,7878
2016-10-11,1209.5,386.9,40.31,503.25,2412,7870
2016-10-10,1209.75,384.7,40.78,501.0,2400,7780
2016-09-30,1209.25,386.2,40.4,494.5,2419,7756
2016-09-29,1205.5,385.3,40.3,487.0,2424,7778
2016-09-28,1200.75,386.0,39.85,487.0,2393,7794
2016-09-27,1207.75,386.2,40.31,489.5,2412,7860
2016-09-26,1200.5,384.2,40.31,486.75,2443,7878
2016-09-23,1210.25,389.4,40.52,494.25,2487,7872
2016-09-22,1231.75,394.1,41.17,494.5,2520,7846
2016-09-21,1230.75,395.3,40.62,497.75,2550,7824
2016-09-20,1245.0,399.8,41.05,498.25,2527,7804
2016-09-19,1227.75,397.7,40.04,495.0,2523,7656
2016-09-14,1198.0,392.3,38.82,489.5,2452,7614
2016-09-13,1199.25,392.7,38.81,487.75,2504,7686
2016-09-12,1219.5,398.5,39.6,497.25,2506,7740
2016-09-09,1235.5,403.1,40.33,498.75,2508,7788
2016-09-08,1232.0,404.2,40.23,496.25,2510,7750
2016-09-07,1230.75,403.3,40.11,491.0,2468,7758
2016-09-06,1215.0,396.7,40.09,486.25,2435,7774
2016-09-02,1207.75,394.0,40.0,486.25,2440,7666
2016-09-01,1199.0,393.2,39.51,481.5,2425,7644
2016-08-31,1198.25,393.3,39.83,473.25,2439,7702
2016-08-30,1206.0,395.3,40.1,473.5,2476,7754
2016-08-29,1219.5,401.7,40.18,478.5,2476,7760
2016-08-26,1222.5,402.1,40.31,482.75,2490,7750
2016-08-25,1230.75,405.4,40.28,489.75,2514,7808
2016-08-24,1260.5,413.5,40.95,494.0,2553,7886
2016-08-23,1268.75,415.1,41.28,495.0,2567,7832
2016-08-22,1271.0,417.4,41.27,500.25,2548,7860
2016-08-19,1259.75,412.1,41.52,501.5,2543,7878
2016-08-18,1269.75,417.8,41.57,499.75,2591,7892
2016-08-17,1271.25,419.0,41.4,497.5,2594,7846
2016-08-16,1262.5,418.9,40.78,495.0,2604,7820
2016-08-15,1264.5,421.3,40.6,494.75,2564,7736
2016-08-12,1237.0,414.4,39.41,490.75,2571,7636
2016-08-11,1239.25,416.5,39.17,489.5,2556,7672
2016-08-10,1237.5,416.7,38.95,490.75,2555,7708
2016-08-09,1243.25,419.9,38.61,490.25,2526,7698
2016-08-08,1240.25,419.0,38.38,492.5,2523,7630
2016-08-05,1229.75,418.0,37.97,492.0,2481,7630
2016-08-04,1212.0,410.6,37.99,488.75,2439,7640
2016-08-03,1210.75,413.0,37.77,492.75,2448,7612
2016-08-02,1208.25,413.3,37.5,491.75,2456,7582
2016-08-01,1216.75,418.2,37.18,492.0,2511,7596
2016-07-29,1258.25,434.3,37.81,500.5,2510,7530
2016-07-28,1233.25,427.4,36.94,496.5,2541,7552
2016-07-27,1241.25,429.8,36.98,500.75,2509,7564
2016-07-26,1229.0,424.9,37.04,497.25,2489,7532
2016-07-25,1221.5,421.1,36.92,499.0,2490,7604
2016-07-22,1243.5,428.3,37.66,499.5,2544,7712
2016-07-21,1267.75,434.1,38.56,498.5,2569,7778
2016-07-20,1264.25,434.4,38.21,502.0,2615,7716
2016-07-19,1283.0,442.4,38.14,506.25,2666,7694
2016-07-18,1321.5,457.3,38.43,521.0,2686,7764
2016-07-15,1312.5,452.9,38.38,516.0,2754,7754
2016-07-14,1317.5,454.8,38.15,521.5,2837,7760
2016-07-13,1360.5,471.1,38.2,525.75,2765,7716
2016-07-12,1342.25,462.6,38.28,516.0,2684,7654
2016-07-11,1310.25,454.0,37.71,512.0,2646,7640
2016-07-08,1313.0,456.9,37.74,518.75,2622,7574
2016-07-07,1280.0,447.3,37.14,505.5,2715,7608
2016-07-06,1328.5,464.7,37.75,505.25,2804,7810
2016-07-05,1332.5,464.6,38.28,514.5,2881,7974
2016-07-01,1392.75,484.6,38.6,523.75,2952,7844
2016-06-30,1408.5,487.6,39.03,529.25,2891,7730
2016-06-29,1367.75,476.7,38.4,541.5,2897,7712
2016-06-28,1375.5,475.5,38.72,552.5,2870,7702
2016-06-27,1360.0,468.1,38.89,553.0,2750,7606
2016-06-24,1333.75,460.0,38.62,552.75,2733,7604
2016-06-23,1356.75,467.6,39.42,556.25,2766,7628
2016-06-22,1372.0,477.6,39.2,562.0,2736,7602
2016-06-21,1366.0,478.1,38.96,566.0,2764,7610
2016-06-20,1388.0,487.3,39.26,590.5,2757,7560
2016-06-17,1403.5,491.9,39.56,606.5,2707,7516
2016-06-16,1374.5,481.2,38.81,594.25,2771,7584
2016-06-15,1393.75,488.3,39.64,597.75,2770,7678
2016-06-14,1404.5,489.1,40.22,605.5,2811,7732
2016-06-13,1414.25,494.0,40.21,599.0,2832,7834
2016-06-08,1409.75,502.7,40.59,600.25,2649,7798
2016-06-07,1373.25,493.4,39.99,596.75,2628,7796
2016-06-06,1370.25,497.3,40.21,596.25,2578,7752
2016-06-03,1364.0,499.9,39.96,587.25,2532,7688
2016-06-02,1376.25,503.9,39.96,584.25,2467,7586
2016-06-01,1331.75,484.7,39.89,582.75,2421,7546
2016-05-31,1310.5,482.2,39.52,573.75,2458,7576
2016-05-27,1318.5,488.2,39.18,581.75,2385,7506
2016-05-26,1311.75,495.2,38.74,577.25,2369,7518
2016-05-25,1317.5,492.8,39.04,573.75,2280,7440
2016-05-24,1286.75,474.5,38.59,566.5,2290,7400
2016-05-23,1290.5,473.3,38.85,566.75,2378,7414
2016-05-20,1306.25,478.3,38.97,563.5,2354,7500
2016-05-19,1303.5,463.7,39.61,559.0,2359,7600
2016-05-18,1307.25,458.3,40.15,568.5,2394,7676
2016-05-17,1312.25,454.7,40.48,566.0,2333,7656
2016-05-16,1296.5,446.8,40.49,563.0,2327,7630
2016-05-13,1297.0,448.6,40.2,559.75,2319,7724
2016-05-12,1304.0,450.0,40.27,558.0,2328,7916
2016-05-11,1310.25,447.6,41.06,546.5,2208,7958
2016-05-10,1316.0,445.3,41.14,550.0,2158,7804
2016-05-09,1258.5,425.3,40.53,538.0,2160,7826
2016-05-06,1266.75,428.4,40.76,546.5,2152,7762
2016-05-05,1244.25,422.4,39.96,542.75,2201,7808
2016-05-04,1266.0,430.6,40.17,545.75,2201,7770
2016-05-03,1262.0,427.4,40.11,548.75,2212,7754
2016-04-29,1261.75,420.4,40.84,560.75,2160,7808
2016-04-28,1259.5,419.0,40.97,560.25,2129,7836
2016-04-27,1260.5,413.9,41.57,553.75,2143,7936
2016-04-26,1259.25,412.2,41.91,556.25,2119,7936
2016-04-25,1241.75,405.1,41.9,550.75,2096,7930
2016-04-22,1228.25,400.2,42.0,544.5,2151,7944
2016-04-21,1259.5,413.6,42.2,558.75,2156,7988
2016-04-20,1251.0,407.1,42.63,568.75,2093,7896
2016-04-19,1226.75,393.5,42.77,558.5,2029,7820
2016-04-18,1195.0,381.3,41.93,554.0,2012,7738
2016-04-15,1196.25,384.2,41.34,551.0,1986,7786
2016-04-14,1188.25,378.5,41.67,547.0,1987,7776
2016-04-13,1196.0,380.8,41.94,546.0,1954,7766
2016-04-12,1176.5,373.2,41.67,534.5,1902,7686
2016-04-11,1168.5,368.2,41.88,528.5,1872,7692
2016-04-08,1157.0,361.8,41.92,534.0,1852,7654
2016-04-07,1144.75,354.9,42.08,533.25,1861,7694
2016-04-06,1148.25,356.0,42.24,529.75,1866,7714
2016-04-05,1145.0,356.8,41.97,528.5,1863,7774
2016-04-01,1158.5,360.4,42.43,525.75,1858,7730
2016-03-31,1151.0,358.4,42.2,523.25,1860,7628
2016-03-30,1149.25,360.0,41.77,538.75,1876,7638
2016-03-29,1156.25,361.3,42.03,544.75,1875,7640
2016-03-28,1149.25,360.2,41.61,542.25,1903,7632
2016-03-24,1150.75,363.4,41.16,541.75,1878,7582
2016-03-23,1145.5,359.0,41.34,540.25,1887,7676
2016-03-22,1150.5,359.1,41.91,541.75,1865,7692
2016-03-21,1142.25,356.9,41.56,541.25,1841,7634
2016-03-18,1137.75,354.7,41.4,538.75,1840,7650
2016-03-17,1138.0,355.1,41.39,540.25,1818,7548
2016-03-16,1134.75,355.8,40.67,540.0,1815,7508
2016-03-15,1132.25,356.3,40.47,540.25,1829,7506
2016-03-14,1136.0,359.6,40.43,540.5,1834,7558
2016-03-11,1136.0,361.6,40.11,536.75,1812,7524
2016-03-10,1129.5,360.0,39.6,534.5,1829,7442
2016-03-09,1126.0,359.4,39.72,531.25,1838,7378
2016-03-08,1124.75,360.9,39.12,532.25,1859,7418
2016-03-07,1122.0,359.2,39.15,530.75,1878,7400
2016-03-04,1118.75,359.0,38.94,530.0,1835,7346
2016-03-03,1104.0,353.0,38.59,528.25,1814,7296
2016-03-02,1101.75,352.6,38.35,528.0,1815,7350
2016-03-01,1098.25,349.6,38.52,527.5,1802,7356
2016-02-29,1101.25,350.6,38.85,528.75,1805,7350
2016-02-26,1103.75,348.7,39.21,531.25,1836,7340
2016-02-25,1105.75,350.8,38.89,532.25,1842,7360
2016-02-24,1112.5,352.7,39.17,536.25,1857,7386
2016-02-23,1113.25,352.4,38.99,538.5,1893,7430
2016-02-22,1124.5,354.2,39.72,544.0,1896,7462
2016-02-19,1121.0,354.1,39.61,541.0,1888,7446
2016-02-18,1123.0,353.4,40.04,541.5,1885,7474
2016-02-17,1125.5,353.6,40.2,543.25,1898,7456
2016-02-16,1122.75,355.0,39.82,539.5,1921,7500
2016-02-05,1111.5,355.2,39.46,542.25,1932,7396
2016-02-04,1118.5,357.8,39.47,545.0,1943,7356
2016-02-03,1120.75,360.3,39.21,547.5,1944,7324
2016-02-02,1130.25,364.8,39.02,549.0,1946,7314
2016-02-01,1124.75,361.2,38.99,547.75,1934,7282
2016-01-29,1126.25,362.6,39.11,548.5,1921,7310
2016-01-28,1111.75,357.1,38.92,542.0,1945,7328
2016-01-27,1127.0,362.7,39.1,545.75,1938,7308
2016-01-26,1120.5,360.1,38.97,545.75,1936,7296
2016-01-25,1124.5,362.7,38.67,546.25,1940,7294
2016-01-22,1120.5,358.7,38.73,546.75,1941,7266
2016-01-21,1122.5,362.4,38.17,543.5,1933,7248
2016-01-20,1118.0,360.0,38.04,545.25,1950,7288
2016-01-19,1127.5,361.5,38.26,544.25,1958,7280
2016-01-15,1123.0,360.9,37.88,539.75,1902,7222
2016-01-14,1126.25,364.4,37.98,534.5,1894,7236
2016-01-13,1124.0,365.7,37.77,534.5,1889,7242
2016-01-12,1118.5,365.8,37.41,533.25,1879,7240
2016-01-11,1105.25,360.1,37.48,528.25,1890,7288
2016-01-08,1109.25,358.9,37.87,533.5,1888,7328
2016-01-07,1108.5,357.6,37.85,529.5,1866,7318
2016-01-06,1108.75,358.9,38.01,529.75,1837,7340
2016-01-05,1101.25,356.5,38.04,529.5,1833,7362
2016-01-04,1100.0,354.6,38.35,528.0,1839,7364
2015-12-31,1108.25,355.7,38.98,535.25,1864,7396
2015-12-30,1114.25,357.8,39.3,535.5,1860,7380
2015-12-29,1109.75,360.2,39.0,539.0,1852,7276
2015-12-28,1105.25,359.3,38.67,537.5,1851,7304
2015-12-24,1117.0,361.1,39.33,541.0,1884,7328
2015-12-23,1124.75,364.4,38.99,542.0,1895,7302
2015-12-22,1129.5,368.8,38.92,542.75,1907,7316
2015-12-21,1135.5,370.9,39.26,548.5,1882,7264
2015-12-18,1136.75,372.8,39.02,551.0,1838,7204
2015-12-17,1121.75,367.8,38.54,550.75,1833,7236
2015-12-16,1107.25,362.0,38.83,546.25,1845,7244
2015-12-15,1111.75,364.1,39.17,553.75,1848,7276
2015-12-14,1120.0,367.8,39.6,555.5,1833,7266
2015-12-11,1117.75,365.7,39.83,551.75,1813,7246
2015-12-10,1125.25,365.9,40.26,555.75,1794,7262
2015-12-09,1123.75,368.7,39.57,550.25,1801,7298
2015-12-08,1123.75,367.1,39.93,550.0,1819,7382
2015-12-07,1129.25,369.7,39.69,549.5,1856,7432
2015-12-04,1153.0,376.6,40.52,558.0,1827,7382
2015-12-03,1144.5,379.1,39.31,553.5,1850,7358
2015-12-02,1139.25,378.4,39.01,546.75,1873,7378
2015-12-01,1136.25,378.1,38.52,550.25,1860,7362
2015-11-30,1128.0,377.0,37.86,548.75,1843,7282
2015-11-27,1120.0,375.5,37.52,543.75,1856,7308
2015-11-25,1122.25,377.2,37.65,549.25,1813,7224
2015-11-24,1110.75,375.6,37.03,546.0,1782,7150
2015-11-23,1111.25,377.6,36.63,549.5,1785,7058
2015-11-20,1104.5,374.7,36.62,546.25,1829,6988
2015-11-19,1107.0,378.4,36.28,546.75,1857,6986
2015-11-18,1104.75,377.4,36.17,544.75,1870,7010
2015-11-17,1111.0,380.1,36.22,544.5,1865,7002
2015-11-16,1106.5,380.4,36.04,543.25,1887,6996
2015-11-13,1102.25,380.4,35.79,542.0,1909,7018
2015-11-12,1110.0,383.0,36.19,545.75,1926,6994
2015-11-11,1107.75,385.6,35.93,546.0,1916,7020
2015-11-10,1102.5,383.8,36.02,542.75,1913,7056
2015-11-09,1113.25,386.6,36.52,550.5,1919,7064
2015-11-06,1114.25,387.3,36.79,556.75,1926,7084
2015-11-05,1111.0,388.0,36.58,558.25,1956,7154
2015-11-04,1131.0,393.4,37.25,564.25,1970,7118
2015-11-03,1126.0,392.9,36.9,564.25,1977,7088
2015-11-02,1125.75,393.8,36.6,560.25,2005,7090
2015-10-30,1132.75,396.0,36.95,566.0,2009,7076
2015-10-29,1127.25,393.2,36.63,563.75,2021,7094
2015-10-28,1129.75,391.5,36.86,559.75,2031,7076
2015-10-27,1138.0,396.3,36.64,563.75,2015,7074
2015-10-26,1131.5,393.8,36.53,568.25,2023,7114
2015-10-23,1143.0,396.7,37.32,563.5,2041,7154
2015-10-22,1148.0,399.4,37.6,562.0,2065,7168
2015-10-21,1154.5,402.1,37.93,564.5,2071,7106
2015-10-20,1145.25,401.1,37.41,560.5,2089,7088
2015-10-19,1140.25,402.4,36.89,556.75,2116,7162
2015-10-16,1147.5,403.6,37.35,560.5,2138,7168
2015-10-15,1154.5,405.6,37.33,559.25,2144,7194
2015-10-14,1159.75,407.4,37.58,562.75,2137,7186
2015-10-13,1163.25,409.3,37.54,568.25,2108,7154
2015-10-12,1136.75,401.1,36.93,564.5,2101,7124
2015-10-09,1135.0,399.4,37.09,566.5,2101,7036
2015-10-08,1130.5,395.9,37.11,575.0,2116,7004
2015-09-30,1141.25,400.6,36.09,571.5,2115,6942
2015-09-29,1133.5,397.1,36.44,572.75,2101,6930
2015-09-28,1126.0,395.7,36.12,570.5,2127,6978
2015-09-25,1138.5,399.8,36.66,572.75,2120,6928
2015-09-24,1117.25,393.5,35.93,565.25,2119,6854
2015-09-23,1113.0,393.6,35.29,567.0,2114,6844
2015-09-22,1111.0,394.9,35.09,564.25,2125,6896
2015-09-21,1123.5,399.8,35.46,568.25,2120,6896
2015-09-18,1116.5,399.4,35.0,561.0,2159,6932
2015-09-17,1133.75,403.9,35.62,563.5,2177,6946
2015-09-16,1136.5,407.0,35.64,569.75,2178,6934
2015-09-15,1138.25,409.0,35.41,574.25,2183,6992
2015-09-14,1133.5,404.4,35.88,577.25,2160,6950
2015-09-11,1123.5,400.9,35.6,570.75,2134,6986
2015-09-10,1123.25,398.3,35.92,558.0,2133,6944
2015-09-09,1121.5,399.9,35.65,552.75,2135,6960
2015-09-08,1128.5,400.2,35.92,552.0,2112,6902
2015-09-02,1123.25,401.9,35.84,551.25,2124,6900
2015-09-01,1123.25,399.7,36.3,552.75,2121,6928
2015-08-31,1136.75,402.9,37.0,559.0,2149,6930
2015-08-28,1134.75,404.3,36.92,558.75,2173,6932
2015-08-27,1128.25,406.6,35.99,558.75,2146,6816
2015-08-26,1114.25,405.5,35.19,557.0,2143,6830
2015-08-25,1127.0,408.7,35.9,560.75,2099,6840
2015-08-24,1123.25,406.8,35.61,564.25,2090,6976
2015-08-21,1138.75,406.2,36.42,561.0,2134,7108
2015-08-20,1156.5,410.3,37.03,566.25,2124,7084
2015-08-19,1142.75,403.2,36.96,562.25,2125,7068
2015-08-18,1153.5,404.5,37.37,561.0,2172,7120
2015-08-17,1166.25,406.3,38.12,558.25,2167,7096
2015-08-14,1165.75,405.8,38.15,559.25,2180,7116
2015-08-13,1176.25,411.6,38.06,559.0,2211,7170
2015-08-12,1159.25,403.4,38.17,551.75,2248,7144
2015-08-11,1220.75,423.7,39.22,571.25,2250,7136
2015-08-10,1243.75,435.0,39.58,584.75,2200,7054
2015-08-07,1212.5,424.3,39.21,567.5,2156,6992
2015-08-06,1192.5,417.9,38.82,564.25,2173,6994
2015-08-05,1202.5,424.4,38.79,567.0,2168,7022
2015-08-04,1191.5,417.1,39.03,562.5,2136,6954
2015-08-03,1184.75,412.6,39.05,560.25,2130,6982
2015-07-31,1189.5,415.5,39.14,565.0,2147,7050
2015-07-30,1199.25,419.0,39.47,567.5,2144,7038
2015-07-29,1192.5,416.8,39.37,562.0,2132,7048
2015-07-28,1194.0,415.3,39.83,569.25,2121,7002
2015-07-27,1182.5,412.6,39.23,567.25,2160,7068
2015-07-24,1214.25,425.0,39.6,586.5,2200,7136
2015-07-23,1229.75,427.7,40.34,597.5,2224,7166
2015-07-22,1244.75,434.6,40.47,597.25,2213,7228
2015-07-21,1254.0,436.4,41.1,601.25,2197,7204
2015-07-20,1248.75,434.3,40.81,599.75,2198,7156
2015-07-17,1256.0,439.3,40.91,615.0,2256,7180
2015-07-16,1260.25,441.3,40.55,624.75,2260,7186
2015-07-15,1265.25,441.9,40.77,624.0,2287,7262
2015-07-14,1274.25,439.9,41.56,622.75,2284,7248
2015-07-13,1277.75,439.6,41.95,635.25,2234,7198
2015-07-10,1271.5,439.2,41.6,629.25,2213,7182
2015-07-09,1265.0,438.9,41.52,623.25,2128,6996
2015-07-08,1237.5,428.4,40.8,619.0,2139,7074
2015-07-07,1235.0,427.3,40.55,617.75,2219,7244
2015-07-06,1264.0,431.9,41.87,621.0,2206,7278
2015-07-02,1279.5,435.5,42.67,623.0,2184,7342
2015-07-01,1278.75,437.3,42.24,617.0,2141,7370
2015-06-30,1286.5,437.0,42.82,616.5,2073,7276
2015-06-29,1229.25,417.8,42.16,586.5,2114,7370
2015-06-26,1235.25,418.0,42.4,587.0,2104,7408
2015-06-25,1227.0,413.8,42.6,577.25,2072,7446
2015-06-24,1205.25,406.0,42.45,566.0,2078,7402
2015-06-23,1210.0,409.9,41.95,566.5,2098,7420
2015-06-19,1189.0,398.1,41.71,553.25,2028,7378
2015-06-18,1191.5,400.4,41.38,558.0,2015,7444
2015-06-17,1189.0,396.7,42.04,559.75,2007,7462
2015-06-16,1176.75,393.5,42.06,554.25,1959,7412
2015-06-15,1153.5,385.9,41.77,547.25,1968,7378
2015-06-12,1153.5,390.1,42.12,552.0,2010,7398
2015-06-11,1158.0,386.1,42.27,555.5,2059,7456
2015-06-10,1167.5,387.1,42.85,556.25,2061,7436
2015-06-09,1169.5,389.2,42.91,564.0,2061,7442
2015-06-08,1162.25,382.2,43.08,564.25,2054,7504
2015-06-05,1155.75,377.6,43.76,559.5,2066,7492
2015-06-04,1164.5,378.4,43.51,562.5,2058,7522
2015-06-03,1153.25,375.4,43.71,558.0,2066,7582
2015-06-02,1158.75,374.5,43.15,558.0,2036,7614
2015-06-01,1144.0,369.3,43.49,551.25,2034,7536
2015-05-29,1152.0,378.4,42.31,550.5,2052,7452
2015-05-28,1144.0,377.5,41.04,552.5,2056,7460
2015-05-27,1145.0,380.8,40.71,548.5,2035,7472
2015-05-26,1140.5,374.6,41.12,554.0,2040,7450
2015-05-22,1142.25,376.9,40.62,559.0,2079,7418
2015-05-21,1156.5,376.8,41.23,564.0,2092,7402
2015-05-20,1159.25,377.2,41.18,559.0,2115,7380
2015-05-19,1164.25,379.8,41.16,561.0,2173,7506
2015-05-18,1172.5,380.7,41.76,567.0,2164,7540
2015-05-15,1171.25,376.0,42.05,564.5,2175,7586
2015-05-14,1175.0,374.9,42.32,567.0,2174,7562
2015-05-13,1175.25,375.1,42.22,561.25,2186,7616
2015-05-12,1173.5,376.1,41.95,560.0,2204,7608
2015-05-11,1192.0,382.9,42.17,559.5,2231,7580
2015-05-08,1194.25,386.1,41.94,562.0,2235,7542
2015-05-07,1193.0,387.1,41.47,560.5,2251,7604
2015-05-06,1200.5,386.9,41.9,565.75,2241,7630
2015-05-05,1202.75,387.9,42.03,561.75,2236,7572
2015-05-04,1194.25,385.7,41.61,560.25,2230,7468
2015-04-30,1194.0,388.8,40.63,565.25,2260,7384
2015-04-29,1206.0,395.1,40.62,566.75,2260,7366
2015-04-28,1195.25,390.2,40.36,563.5,2260,7400
2015-04-27,1191.0,386.7,40.82,563.75,2233,7370
2015-04-24,1188.75,386.0,40.84,568.75,2236,7402
2015-04-23,1198.0,387.7,41.2,575.75,2215,7370
2015-04-22,1189.75,386.5,40.73,578.5,2212,7362
2015-04-21,1194.75,387.6,41.0,579.0,2219,7358
2015-04-20,1197.5,390.7,40.77,583.75,2213,7308
2015-04-17,1189.5,387.4,40.71,585.75,2201,7278
2015-04-16,1187.0,384.9,40.95,582.25,2204,7290
2015-04-15,1185.75,383.9,40.99,582.0,2210,7226
2015-04-14,1181.0,386.2,40.46,580.0,2189,7142
2015-04-13,1169.5,381.8,40.2,577.0,2189,7128
2015-04-10,1172.25,382.2,40.25,583.5,2196,7070
2015-04-09,1174.25,385.1,40.0,584.5,2231,7078
2015-04-08,1192.25,392.9,40.11,585.75,2260,7118
2015-04-07,1191.75,392.7,40.19,589.5,2271,7144
2015-04-03,1206.75,400.3,40.2,593.0,2283,7086
2015-04-02,1206.75,400.3,40.2,593.0,2302,7086
2015-04-01,1210.5,404.9,39.85,588.25,2288,7064
2015-03-31,1194.0,399.8,39.55,582.75,2251,7072
2015-03-30,1188.5,396.2,39.65,601.0,2267,7092
2015-03-27,1188.0,394.4,39.76,597.5,2274,7146
2015-03-26,1195.25,395.4,40.33,597.75,2292,7160
2015-03-25,1199.5,397.5,40.2,601.5,2305,7164
2015-03-24,1202.5,399.3,40.27,599.75,2309,7184
2015-03-23,1204.25,400.3,40.31,596.75,2295,7136
2015-03-20,1194.5,397.0,39.84,591.5,2265,7122
2015-03-19,1182.5,392.3,39.78,580.0,2271,7134
2015-03-18,1185.75,393.8,39.79,581.25,2265,7058
2015-03-17,1175.25,390.5,39.2,577.5,2291,7086
2015-03-16,1190.0,396.7,39.55,585.5,2286,7086
2015-03-13,1194.75,400.0,39.65,587.0,2320,7160
2015-03-12,1211.25,404.6,40.03,595.0,2332,7172
2015-03-11,1213.5,406.3,40.26,597.5,2303,7162
2015-03-10,1205.25,404.0,40.12,594.5,2292,7192
2015-03-09,1214.0,407.1,40.16,595.25,2279,7206
2015-03-06,1205.75,400.7,40.44,592.5,2280,7234
2015-03-05,1206.25,398.2,40.73,597.0,2283,7304
2015-03-04,1214.75,400.1,41.37,596.0,2310,7400
2015-03-03,1233.0,405.8,42.13,597.5,2330,7426
2015-03-02,1234.5,406.5,41.99,594.5,2358,7446
2015-02-27,1252.5,415.4,42.11,599.75,2343,7340
2015-02-26,1247.25,417.1,41.2,595.0,2303,7278
2015-02-25,1231.5,412.8,41.07,590.25,2298,7234
2015-02-17,1232.5,408.2,41.68,604.25,2254,7298
2015-02-13,1215.5,399.0,41.75,602.0,2223,7268
2015-02-12,1207.5,396.7,41.36,597.75,2195,7208
2015-02-11,1201.5,395.2,41.1,600.5,2194,7218
2015-02-10,1192.75,392.5,40.8,602.75,2197,7234
2015-02-09,1202.25,395.2,41.36,606.0,2180,7236
2015-02-06,1197.25,395.0,41.17,600.5,2181,7246
2015-02-05,1205.0,397.0,41.06,600.0,2168,7174
2015-02-04,1195.75,398.3,39.94,598.25,2175,7200
2015-02-03,1210.75,406.2,40.15,600.5,2136,7158
2015-02-02,1183.25,393.5,39.76,584.5,2125,7108
2015-01-30,1184.75,395.5,39.35,584.75,2146,7086
2015-01-29,1192.0,403.5,38.89,586.25,2139,7166
2015-01-28,1194.0,403.0,39.69,588.0,2142,7212
2015-01-27,1197.5,402.2,40.52,596.0,2149,7240
2015-01-26,1207.25,404.5,40.43,598.75,2133,7256
2015-01-23,1196.5,397.1,40.95,601.5,2133,7296
2015-01-22,1200.5,395.7,41.32,598.5,2154,7346
2015-01-21,1207.25,396.1,41.76,602.75,2136,7346
2015-01-20,1205.75,392.1,42.19,605.0,2116,7316
2015-01-16,1215.5,391.8,42.74,601.75,2174,7354
2015-01-15,1214.75,392.3,42.34,594.75,2186,7348
2015-01-14,1233.0,401.1,42.17,595.75,2204,7360
2015-01-13,1227.75,399.2,41.89,600.5,2251,7410
2015-01-12,1239.75,406.8,41.95,616.75,2291,7476
2015-01-09,1276.0,414.7,43.03,615.0,2296,7478
2015-01-08,1272.0,412.8,43.11,609.0,2315,7472
2015-01-07,1280.0,419.6,42.51,611.0,2317,7430
2015-01-06,1279.5,420.7,42.22,619.75,2302,7414
2015-01-05,1269.0,419.6,42.22,620.75,2270,7380
2014-12-31,1247.25,413.2,41.49,611.75,2338,7458
2014-12-30,1267.75,419.3,42.42,621.25,2349,7460
2014-12-29,1272.5,423.9,42.28,627.5,2350,7420
2014-12-26,1277.75,427.4,41.94,629.5,2306,7346
2014-12-24,1259.0,421.3,41.4,622.5,2293,7344
2014-12-23,1269.5,423.9,41.71,628.75,2318,7356
2014-12-22,1269.5,422.8,41.52,626.5,2319,7362
2014-12-19,1262.25,417.6,41.51,625.25,2337,7320
2014-12-18,1267.0,419.5,41.43,625.75,2332,7360
2014-12-17,1259.0,415.3,41.32,623.0,2326,7346
2014-12-16,1255.0,414.1,41.34,620.75,2371,7368
2014-12-15,1269.75,419.5,41.81,623.25,2404,7428
2014-12-12,1277.5,421.9,41.92,622.25,2403,7426
2014-12-11,1272.5,423.8,41.59,613.25,2387,7420
2014-12-10,1262.25,421.7,41.32,608.5,2399,7478
2014-12-09,1279.5,427.3,41.56,610.0,2332,7418
2014-12-08,1274.0,422.1,41.42,605.0,2326,7488
2014-12-05,1266.25,418.4,41.65,609.75,2282,7416
2014-12-04,1240.75,409.8,41.27,604.5,2287,7412
2014-12-03,1228.5,405.8,41.51,596.75,2276,7334
2014-12-02,1226.0,409.9,40.85,596.0,2318,7398
2014-12-01,1247.25,414.0,41.93,604.5,2294,7310
2014-11-28,1246.25,418.3,41.86,603.5,2346,7532
2014-11-26,1277.25,428.7,43.18,606.25,2327,7634
2014-11-25,1281.25,426.8,43.16,602.0,2313,7636
2014-11-24,1264.0,414.6,42.93,595.0,2326,7618
2014-11-21,1269.25,419.2,42.37,600.0,2315,7574
2014-11-20,1250.75,411.3,42.35,601.0,2302,7578
2014-11-19,1235.0,408.1,42.21,590.75,2316,7604
2014-11-18,1253.5,415.6,42.36,599.75,2350,7586
2014-11-17,1266.5,422.7,42.18,605.25,2372,7630
2014-11-14,1252.75,417.0,41.91,609.0,2402,7630
2014-11-13,1283.75,430.6,41.8,613.5,2438,7646
2014-11-12,1278.0,432.1,41.95,605.0,2457,7728
2014-11-11,1294.25,437.7,42.6,601.0,2389,7638
2014-11-10,1256.0,418.0,42.09,596.5,2415,7664
2014-11-07,1267.0,427.5,42.13,594.75,2412,7630
2014-11-06,1258.25,428.8,42.26,598.5,2361,7584
2014-11-05,1249.5,412.4,42.45,597.5,2356,7608
2014-11-04,1240.0,409.6,42.8,591.75,2383,7724
2014-11-03,1260.0,409.8,43.76,600.75,2455,7830
2014-10-31,1279.5,426.1,44.53,604.0,2457,7784
2014-10-30,1260.0,417.1,44.04,601.25,2475,7790
2014-10-29,1279.25,434.3,43.91,602.5,2428,7632
2014-10-28,1245.25,412.2,42.52,591.75,2427,7562
2014-10-27,1243.0,413.9,41.96,590.25,2354,7562
2014-10-24,1214.5,387.3,42.12,580.25,2383,7648
2014-10-23,1230.25,389.5,42.4,587.0,2309,7598
2014-10-22,1199.75,375.1,41.87,580.25,2333,7538
2014-10-21,1201.25,380.0,41.49,583.25,2313,7522
2014-10-20,1181.25,366.5,41.43,575.5,2283,7530
2014-10-17,1188.75,367.6,41.75,575.25,2312,7642
2014-10-16,1203.5,371.7,42.09,579.5,2290,7676
2014-10-15,1189.5,364.4,41.71,574.75,2295,7752
2014-10-14,1201.75,361.1,42.6,584.25,2278,7784
2014-10-13,1182.25,355.0,42.77,573.25,2222,7716
2014-10-10,1159.5,348.1,42.17,561.25,2220,7724
2014-10-09,1179.0,350.6,42.74,572.0,2235,7754
2014-10-08,1172.0,346.9,42.75,570.5,2220,7738
2014-09-30,1150.25,336.0,42.1,548.0,2180,7728
2014-09-29,1160.5,341.0,42.68,553.0,2162,7644
2014-09-26,1147.25,338.2,41.72,550.25,2179,7694
2014-09-25,1159.75,341.0,42.43,553.25,2229,7766
2014-09-24,1173.75,345.1,42.45,556.75,2241,7680
2014-09-23,1173.25,346.0,42.05,552.75,2248,7644
2014-09-22,1175.25,347.6,41.85,557.5,2250,7648
2014-09-19,1194.0,352.5,42.31,558.75,2332,7778
2014-09-18,1208.5,357.4,42.6,565.5,2386,7880
2014-09-17,1219.5,361.3,43.28,569.0,2387,7864
2014-09-16,1217.75,363.2,42.73,571.0,2389,7904
2014-09-15,1226.5,364.1,43.2,570.25,2366,7820
2014-09-12,1222.25,365.0,42.5,565.75,2367,7748
2014-09-11,1218.5,366.3,41.44,568.25,2360,7692
2014-09-10,1230.75,374.3,41.56,573.0,2361,7712
2014-09-09,1229.75,375.8,41.45,571.5,2402,7808
2014-09-05,1258.5,386.2,42.21,583.25,2416,7838
2014-09-04,1240.25,378.6,41.94,573.75,2467,7828
2014-09-03,1257.0,387.5,41.68,579.25,2512,7858
2014-09-02,1269.0,397.1,41.85,591.0,2509,7852
2014-08-29,1261.25,387.8,41.87,592.0,2506,7876
2014-08-28,1265.75,385.7,42.52,596.5,2499,7872
2014-08-27,1260.75,381.3,42.54,592.25,2513,7894
2014-08-26,1265.0,380.6,42.9,592.25,2497,7814
2014-08-25,1266.25,380.8,42.69,594.75,2537,7758
2014-08-22,1279.0,389.8,42.33,598.75,2545,7836
2014-08-21,1275.25,383.6,42.84,596.25,2531,7828
2014-08-20,1275.0,381.3,42.95,594.75,2556,7788
2014-08-19,1289.75,389.8,42.74,599.5,2561,7816
2014-08-18,1294.75,392.2,43.06,598.75,2543,7800
2014-08-15,1289.0,390.6,42.94,604.25,2544,7886
2014-08-14,1293.0,388.2,43.59,600.75,2535,7962
2014-08-13,1283.75,379.2,44.05,597.0,2581,8138
2014-08-12,1296.5,380.6,44.71,596.25,2589,8138
2014-08-11,1310.25,386.1,44.94,595.5,2632,8216
2014-08-08,1321.75,387.7,45.6,590.75,2613,8210
2014-08-07,1315.0,384.6,45.78,598.5,2610,8222
2014-08-06,1317.0,385.3,45.93,601.5,2582,8200
2014-08-05,1302.75,380.7,45.6,594.5,2580,8222
2014-08-04,1316.5,384.9,46.13,596.5,2559,8200
2014-08-01,1295.5,379.5,45.44,589.5,2560,8242
2014-07-31,1319.0,385.9,46.13,594.25,2580,8266
2014-07-30,1318.25,385.7,46.12,598.75,2590,8250
2014-07-29,1332.0,391.4,46.26,598.25,2611,8278
2014-07-28,1344.75,394.4,46.51,604.0,2575,8232
2014-07-25,1320.5,387.3,45.98,599.0,2541,8218
2014-07-24,1321.75,387.1,46.08,596.75,2540,8220
2014-07-23,1313.5,384.4,46.08,598.0,2503,8200
2014-07-22,1294.75,378.8,45.76,595.5,2525,8218
2014-07-21,1308.5,383.9,45.99,599.25,2533,8252
2014-07-18,1322.25,388.9,46.45,605.75,2578,8264
2014-07-17,1331.0,394.6,46.12,614.5,2594,8292
2014-07-16,1339.0,393.9,46.72,614.0,2579,8280
2014-07-15,1323.25,384.3,46.84,609.0,2561,8284
2014-07-14,1323.25,385.8,46.83,615.5,2533,8302
2014-07-11,1312.0,382.1,46.69,612.0,2539,8378
2014-07-10,1330.0,386.9,47.33,620.0,2575,8390
2014-07-09,1340.75,392.3,47.03,625.25,2593,8410
2014-07-08,1353.25,394.4,47.7,631.5,2628,8494
2014-07-07,1362.5,395.8,48.24,633.5,2627,8504
2014-07-03,1370.5,397.3,48.5,642.5,2685,8578
2014-07-02,1378.5,400.2,48.51,645.25,2672,8598
2014-07-01,1384.5,399.2,48.96,650.0,2704,8578
2014-06-30,1394.25,404.5,48.88,652.5,2844,8764
2014-06-27,1465.0,430.1,50.12,674.5,2899,8828
2014-06-26,1481.25,434.2,50.59,670.5,2873,8852
2014-06-25,1466.0,427.7,50.56,667.25,2873,8862
2014-06-24,1461.5,424.2,50.9,668.0,2879,8856
2014-06-23,1470.75,431.7,50.39,669.75,2900,8798
2014-06-20,1468.5,436.0,49.77,679.25,2866,8698
2014-06-19,1464.25,432.3,50.22,674.75,2848,8670
2014-06-18,1450.0,427.5,49.87,666.75,2821,8656
2014-06-17,1449.0,427.1,49.58,666.75,2849,8638
2014-06-16,1454.0,429.8,49.34,669.25,2854,8686
2014-06-13,1458.25,433.8,49.39,674.75,2820,8634
2014-06-12,1449.25,435.1,48.44,671.0,2835,8594
2014-06-11,1457.75,448.2,48.28,669.0,2822,8632
2014-06-10,1466.5,450.4,48.8,673.5,2823,8680
2014-06-09,1461.25,448.1,49.14,679.0,2827,8694
2014-06-06,1455.75,453.5,48.87,687.0,2796,8664
2014-06-05,1447.5,456.5,48.55,677.0,2855,8714
2014-06-04,1469.5,462.4,49.11,684.25,2873,8652
2014-06-03,1468.25,465.5,48.21,686.25,2909,8626
2014-05-30,1480.25,466.1,48.36,693.75,2914,8710
2014-05-29,1486.0,464.3,49.27,697.5,2892,8744
2014-05-28,1484.75,464.4,49.49,700.5,2860,8726
2014-05-27,1475.75,460.1,49.8,697.75,2865,8742
2014-05-23,1502.5,468.5,50.24,706.0,2904,8772
2014-05-22,1505.75,467.4,50.72,704.75,2882,8738
2014-05-21,1492.25,464.0,50.33,702.5,2804,8676
2014-05-20,1456.75,452.6,49.93,701.5,2804,8722
2014-05-19,1472.25,456.4,50.28,705.25,2766,8736
2014-05-16,1452.0,446.1,50.61,711.5,2751,8782
2014-05-15,1457.25,447.3,50.9,712.25,2755,8836
2014-05-14,1473.75,452.4,51.24,723.5,2728,8830
2014-05-13,1470.75,450.6,51.07,730.75,2682,8782
2014-05-12,1452.25,444.1,50.84,727.5,2693,8764
2014-05-09,1474.0,453.2,51.04,735.5,2679,8748
2014-05-08,1456.5,446.6,50.98,744.5,2665,8726
2014-05-07,1433.25,440.8,50.69,742.0,2657,8768
2014-05-06,1446.5,443.4,50.97,745.5,2667,8770
2014-05-05,1450.25,444.6,51.03,736.0,2678,8812
2014-04-30,1499.75,459.6,51.97,747.0,2735,8932
2014-04-29,1504.25,457.1,52.81,749.5,2713,8934
2014-04-28,1487.0,450.7,52.69,741.75,2722,8968
2014-04-25,1481.25,447.3,53.01,740.75,2641,8922
2014-04-24,1457.0,436.6,52.72,735.25,2613,8892
2014-04-23,1451.75,434.9,52.64,737.5,2615,8898
2014-04-22,1457.75,436.2,52.84,730.0,2622,8928
2014-04-21,1474.25,442.0,53.12,721.75,2632,8942
2014-04-17,1489.25,443.9,53.52,728.5,2624,9014
2014-04-16,1495.75,445.7,53.79,731.5,2585,8940
2014-04-15,1474.5,440.3,52.91,737.75,2552,8906
2014-04-14,1450.5,434.5,52.32,737.25,2542,8930
2014-04-11,1437.25,428.3,52.12,732.5,2536,8920
2014-04-10,1456.5,434.9,52.54,735.25,2565,9022
2014-04-09,1469.5,437.5,52.95,736.25,2584,9010
2014-04-08,1456.75,433.5,52.15,741.0,2557,8964
2014-04-04,1448.0,434.5,51.61,735.75,2573,8988
2014-04-03,1449.5,435.5,51.71,734.0,2557,8928
2014-04-02,1436.5,431.9,50.89,729.75,2589,9030
2014-04-01,1458.75,438.1,51.44,741.5,2559,8852
2014-03-31,1438.25,434.7,50.46,736.0,2457,8872
2014-03-28,1410.75,423.8,50.52,726.0,2448,8866
2014-03-27,1410.75,425.9,50.47,726.0,2470,8870
2014-03-26,1414.25,424.5,50.77,718.5,2445,8852
2014-03-25,1402.25,419.1,50.78,720.5,2451,8802
2014-03-24,1399.75,417.4,50.88,724.0,2395,8798
2014-03-21,1383.0,411.3,51.06,713.0,2394,8798
2014-03-20,1408.0,421.9,51.35,712.5,2397,8840
2014-03-19,1405.5,417.4,52.14,721.75,2344,8940
2014-03-18,1392.5,411.2,52.31,720.25,2286,8936
2014-03-17,1366.0,402.0,51.93,713.0,2275,8970
2014-03-14,1362.75,399.4,52.33,720.0,2307,9010
2014-03-13,1370.5,397.3,53.03,719.0,2320,9094
2014-03-12,1361.25,391.9,53.46,722.5,2350,9104
2014-03-11,1387.25,399.6,53.79,717.25,2342,9100
2014-03-10,1393.0,400.1,53.9,712.25,2362,9046
2014-03-07,1432.0,413.2,54.36,723.0,2399,9120
2014-03-06,1412.25,406.3,54.53,725.0,2393,9022
2014-03-05,1394.75,405.0,53.44,716.0,2390,9008
2014-03-04,1397.25,405.1,53.75,718.25,2391,8924
2014-03-03,1383.5,405.9,52.42,704.5,2419,8896
2014-02-28,1388.25,413.1,51.83,697.5,2398,8798
2014-02-27,1364.25,407.0,51.19,688.5,2420,8880
2014-02-26,1371.25,409.1,51.5,695.0,2429,8796
2014-02-25,1361.5,409.1,50.89,695.25,2447,8838
2014-02-24,1349.25,404.1,51.07,691.75,2464,8846
2014-02-21,1334.5,395.6,51.27,693.0,2461,8840
2014-02-20,1322.0,392.4,50.86,696.25,2484,8834
2014-02-19,1316.25,391.9,50.56,694.25,2493,8872
2014-02-18,1322.0,393.5,50.7,689.5,2477,8788
2014-02-14,1298.5,386.6,49.49,685.25,2498,8786
2014-02-13,1305.25,389.4,49.88,680.5,2469,8728
2014-02-12,1284.0,380.1,49.33,680.0,2480,8684
2014-02-11,1295.75,385.8,49.19,681.5,2445,8682
2014-02-10,1286.5,380.6,49.07,683.0,2466,8710
2014-02-07,1292.5,383.0,48.9,684.25,2449,8638
2014-01-30,1236.0,361.8,47.41,673.5,2354,8446
2014-01-29,1230.25,359.9,47.44,667.5,2365,8516
2014-01-28,1246.5,365.2,47.74,672.0,2371,8520
2014-01-27,1248.75,367.5,47.4,671.75,2375,8602
2014-01-24,1245.75,362.3,47.88,669.5,2353,8682
2014-01-23,1238.0,355.3,48.2,669.0,2365,8710
2014-01-22,1240.5,356.0,48.18,666.25,2363,8712
2014-01-21,1241.5,353.1,48.44,665.0,2425,8726
2014-01-17,1277.5,371.1,48.08,664.0,2438,8662
2014-01-16,1276.0,368.6,48.39,668.0,2439,8680
2014-01-15,1279.0,371.1,48.33,665.75,2423,8670
2014-01-14,1268.0,366.7,48.1,671.5,2385,8690
2014-01-13,1255.25,358.5,48.18,674.5,2354,8692
2014-01-10,1239.5,350.2,48.57,672.75,2375,8712
2014-01-09,1234.75,350.9,48.3,652.0,2381,8684
2014-01-08,1230.25,349.1,48.02,657.0,2351,8656
2014-01-07,1237.0,352.4,48.27,666.0,2371,8682
2014-01-06,1237.75,350.4,48.46,667.75,2401,8786
2014-01-03,1232.25,343.7,48.94,663.5,2389,8894
2014-01-02,1231.0,342.9,49.14,660.5,2399,8948
2013-12-31,1253.5,353.6,49.47,662.0,2421,8916
2013-12-30,1269.75,363.7,49.3,663.5,2446,8980
2013-12-27,1274.75,363.8,49.69,667.5,2424,8940
2013-12-26,1266.25,361.1,49.52,666.25,2431,8926
2013-12-24,1283.75,368.7,49.75,674.5,2395,8996
2013-12-23,1280.75,366.5,49.91,674.25,2432,9024
2013-12-20,1292.0,370.2,50.08,673.25,2426,9028
2013-12-19,1280.0,365.1,49.98,670.5,2434,9036
2013-12-18,1274.75,364.3,49.72,665.0,2450,9012
2013-12-17,1295.75,373.2,49.97,666.75,2437,9084
2013-12-16,1286.25,366.4,50.44,663.25,2410,9086
2013-12-13,1276.0,359.8,50.54,665.5,2384,9148
2013-12-12,1272.25,358.1,50.71,674.25,2420,9276
2013-12-11,1292.5,366.9,51.12,679.25,2430,9284
2013-12-10,1286.75,366.3,50.83,676.0,2451,9260
2013-12-09,1292.25,366.7,50.94,678.0,2428,9280
2013-12-06,1274.0,355.4,51.21,674.25,2406,9270
2013-12-05,1276.5,356.1,51.33,673.5,2437,9316
2013-12-04,1278.0,358.3,51.07,676.5,2422,9306
2013-12-03,1268.25,356.8,50.83,671.25,2416,9344
2013-12-02,1269.75,356.8,51.32,664.5,2426,9378
2013-11-29,1285.0,364.6,51.18,664.5,2396,9342
2013-11-27,1268.5,357.6,50.97,666.5,2375,9300
2013-11-26,1277.75,359.9,51.32,664.75,2346,9326
2013-11-25,1277.75,356.4,51.67,671.25,2348,9370
2013-11-22,1268.0,349.0,52.17,669.25,2314,9392
2013-11-21,1240.0,333.5,52.52,669.5,2297,9292
2013-11-20,1222.25,330.9,51.28,665.25,2289,9212
2013-11-19,1224.75,332.9,50.96,666.25,2298,9216
2013-11-18,1236.0,338.5,51.09,661.0,2298,9250
2013-11-15,1229.0,333.7,51.46,670.5,2341,9336
2013-11-14,1262.0,346.9,51.96,675.0,2339,9302
2013-11-13,1263.5,345.6,51.95,678.25,2356,9262
2013-11-12,1263.0,350.0,51.74,680.75,2332,9198
2013-11-11,1249.5,344.4,51.41,683.25,2342,9202
2013-11-08,1244.5,344.6,51.23,675.25,2288,9216
2013-11-07,1215.0,326.1,51.73,669.0,2286,9252
2013-11-06,1203.5,319.1,52.13,669.75,2276,9274
2013-11-05,1198.75,315.1,52.14,673.5,2278,9308
2013-11-04,1205.0,319.2,52.24,674.75,2266,9350
2013-11-01,1200.0,317.2,52.58,675.75,2284,9300
2013-10-31,1214.75,325.9,52.32,676.75,2286,9262
2013-10-30,1225.0,334.1,52.61,678.75,2303,9248
2013-10-29,1219.25,333.1,51.96,680.5,2298,9122
2013-10-28,1216.5,337.0,51.35,679.25,2302,9176
2013-10-25,1242.0,345.8,51.72,688.5,2365,9220
2013-10-24,1252.25,348.3,52.12,688.75,2354,9244
2013-10-23,1252.5,343.7,52.49,691.25,2334,9246
2013-10-22,1246.0,338.4,52.51,686.75,2343,9252
2013-10-21,1247.0,338.0,52.63,692.5,2336,9304
2013-10-18,1235.0,332.4,52.67,690.0,2358,9200
2013-10-17,1237.0,335.3,52.11,691.5,2337,9210
2013-10-16,1220.25,326.1,52.36,691.25,2350,9138
2013-10-15,1210.75,324.7,51.65,692.0,2365,9102
2013-10-14,1216.75,329.7,51.38,685.5,2377,9100
2013-10-11,1210.5,325.7,51.27,681.75,2414,9122
2013-10-10,1231.75,331.9,52.21,686.75,2477,9114
2013-10-09,1231.5,334.0,51.66,692.0,2481,9092
2013-10-08,1232.5,337.2,51.42,690.25,2500,9026
2013-09-30,1226.5,327.7,52.09,690.0,2430,9006
2013-09-27,1263.5,340.6,52.8,702.5,2417,9048
2013-09-26,1260.5,337.2,53.04,705.25,2392,9078
2013-09-25,1265.5,339.4,53.08,703.25,2381,9104
2013-09-24,1256.25,334.6,53.08,697.25,2356,9112
2013-09-23,1251.5,331.5,53.23,701.75,2315,9056
2013-09-18,1291.5,348.1,53.7,704.75,2357,9122
2013-09-17,1286.25,348.9,53.23,702.5,2353,9112
2013-09-16,1292.0,350.8,53.36,705.0,2387,9148
2013-09-13,1325.25,365.1,53.55,707.5,2454,9258
2013-09-12,1339.75,369.5,54.02,714.75,2371,9260
2013-09-11,1302.0,350.3,53.95,721.0,2340,9244
2013-09-10,1298.75,347.5,54.06,717.5,2329,9242
2013-09-09,1300.25,348.8,54.16,712.0,2381,9346
2013-09-06,1311.5,351.2,54.71,716.75,2363,9290
2013-09-05,1311.25,351.7,54.52,709.5,2326,9230
2013-09-04,1296.25,345.0,54.92,718.0,2334,9232
2013-09-03,1330.5,361.2,55.18,723.75,2378,9314
2013-08-30,1301.25,346.0,55.28,730.5,2291,9214
2013-08-29,1312.25,352.4,55.19,730.0,2366,9300
2013-08-28,1316.5,351.6,55.77,729.25,2400,9424
2013-08-27,1314.25,352.7,55.51,734.75,2382,9430
2013-08-26,1333.25,359.0,55.87,749.0,2290,9352
2013-08-23,1271.75,341.8,53.99,718.5,2155,9116
2013-08-22,1230.5,322.6,53.75,713.0,2157,9140
2013-08-21,1247.75,330.4,54.16,731.75,2141,9174
2013-08-20,1234.25,324.3,54.17,724.0,2149,9218
2013-08-19,1247.0,326.5,54.77,734.0,2130,9276
2013-08-16,1203.0,308.6,54.15,712.0,2104,9266
2013-08-15,1209.25,309.9,54.44,720.75,2069,9162
2013-08-14,1182.75,301.4,53.62,703.75,2013,9152
2013-08-13,1171.5,295.1,53.94,695.75,2014,9160
2013-08-12,1169.0,294.3,53.74,712.5,1929,8988
2013-08-09,1126.0,278.4,52.87,701.75,1923,8982
2013-08-08,1128.0,279.1,53.09,708.25,1889,8950
2013-08-07,1109.5,269.7,53.09,706.75,1865,8962
2013-08-06,1111.0,268.0,53.58,707.75,1868,9056
2013-08-05,1127.0,273.9,54.2,709.0,1865,9044
2013-08-02,1125.25,276.5,53.81,712.25,1882,9066
2013-08-01,1136.25,281.5,53.91,715.5,1893,9056
2013-07-31,1150.0,287.5,53.69,727.5,1870,9054
2013-07-30,1146.75,286.2,53.68,726.0,1898,8980
2013-07-29,1163.75,293.9,53.81,721.75,1887,9026
2013-07-26,1172.25,292.2,54.72,724.5,1904,9066
2013-07-25,1167.75,287.8,54.84,727.25,1996,9198
2013-07-24,1200.5,302.8,55.1,728.75,2024,9280
2013-07-23,1204.0,303.1,55.67,734.0,2036,9320
2013-07-22,1232.25,312.2,56.3,746.5,1988,9282
2013-07-19,1217.75,304.8,56.31,749.25,2013,9278
2013-07-18,1209.5,300.2,56.38,749.25,2007,9274
2013-07-17,1227.25,308.3,56.5,750.5,2019,9280
2013-07-16,1230.0,310.9,56.27,759.25,1987,9228
2013-07-15,1207.5,299.2,56.27,752.0,1954,9234
2013-07-12,1201.0,296.0,56.74,757.75,2006,9326
2013-07-11,1234.5,310.4,56.69,775.5,1986,9384
2013-07-10,1228.5,304.7,57.12,770.0,1979,9306
2013-07-09,1220.0,301.2,56.96,770.25,1953,9312
2013-07-08,1196.0,290.5,56.88,749.0,1874,9310
2013-07-05,1172.0,280.2,57.03,739.75,1911,9340
2013-07-03,1194.5,290.7,56.94,751.25,1890,9382
2013-07-02,1186.25,288.2,56.61,751.25,1861,9410
2013-07-01,1187.0,288.3,56.67,749.75,1849,9394
2013-06-28,1195.75,296.3,56.11,759.5,1898,9352
2013-06-27,1219.0,309.5,56.18,787.0,1905,9318
2013-06-26,1219.75,307.8,56.45,792.5,1889,9382
2013-06-25,1222.25,306.9,56.94,793.0,1883,9432
2013-06-24,1217.25,302.1,57.25,795.0,1854,9442
2013-06-21,1217.25,299.8,57.65,804.75,1904,9538
2013-06-20,1228.75,302.0,58.21,809.0,1960,9666
2013-06-19,1254.5,308.9,59.19,819.0,1950,9630
2013-06-18,1233.5,302.2,58.57,799.0,1967,9668
2013-06-17,1229.25,299.1,58.88,787.0,1941,9586
2013-06-14,1242.0,305.8,58.61,781.5,1947,9544
2013-06-13,1244.25,308.8,58.15,783.75,1954,9608
2013-06-07,1279.25,308.7,58.84,807.0,1968,9602
2013-06-06,1278.25,310.2,58.47,796.75,1962,9566
2013-06-05,1283.0,312.1,58.61,790.75,1997,9576
2013-06-04,1279.75,308.7,58.9,801.5,1987,9592
2013-06-03,1283.5,310.6,58.97,808.5,2017,9694
2013-05-31,1261.0,303.4,58.69,815.75,1936,9664
2013-05-30,1246.75,297.0,58.89,811.25,1909,9636
2013-05-29,1252.75,300.5,58.94,814.25,1915,9724
2013-05-28,1260.25,298.5,59.85,799.5,1839,9664
2013-05-24,1227.25,284.4,59.55,785.0,1849,9702
2013-05-23,1250.5,293.2,59.97,783.25,1864,9664
2013-05-22,1245.25,296.8,59.95,779.75,1837,9686
2013-05-21,1229.25,294.9,59.79,761.25,1839,9608
2013-05-20,1215.5,291.5,59.51,770.75,1827,9646
2013-05-17,1199.5,281.3,59.83,774.0,1801,9630
2013-05-16,1178.5,271.1,59.83,762.75,1767,9548
2013-05-15,1163.75,266.7,59.66,772.0,1774,9570
2013-05-14,1165.75,268.0,60.07,773.75,1777,9688
2013-05-13,1170.25,271.3,59.92,776.75,1773,9668
2013-05-10,1150.0,263.0,59.54,757.5,1778,9620
2013-05-09,1159.75,269.4,59.53,770.0,1758,9538
2013-05-08,1141.75,263.8,59.13,754.25,1754,9560
2013-05-07,1133.25,259.5,59.45,761.25,1706,9552
2013-05-06,1120.25,257.4,59.07,757.75,1717,9482
2013-05-03,1138.25,262.7,59.58,782.5,1724,9400
2013-05-02,1123.25,262.4,58.8,783.25,1709,9366
2013-04-26,1132.0,260.9,59.85,741.0,1692,9504
2013-04-25,1123.25,256.3,59.79,745.75,1643,9514
2013-04-24,1096.25,246.8,59.21,739.5,1642,9524
2013-04-23,1109.5,254.1,58.72,735.25,1663,9576
2013-04-22,1115.25,254.3,58.9,744.75,1682,9648
2013-04-19,1133.5,258.7,59.49,754.25,1727,9798
2013-04-18,1141.0,259.3,59.97,751.0,1698,9760
2013-04-17,1131.0,255.5,59.75,762.5,1675,9824
2013-04-16,1126.25,252.2,59.38,762.0,1632,9764
2013-04-15,1107.0,245.7,58.67,749.25,1638,9870
2013-04-12,1130.25,253.6,59.73,762.5,1656,10012
2013-04-11,1119.25,249.1,60.27,754.75,1629,10062
2013-04-10,1110.0,247.0,60.53,752.5,1651,10128
2013-04-09,1112.75,248.9,60.48,747.75,1643,10116
2013-04-08,1095.25,247.4,60.02,737.0,1607,10054
2013-04-03,1097.5,252.1,59.65,745.0,1657,10024
2013-04-02,1111.25,256.2,60.09,744.0,1719,10010
2013-04-01,1108.0,252.6,60.56,745.75,1727,10024
